{"timestamp": 1787875601.195, "level": "INFO", "logger": "simulate", "message": "servers up", "api_port": 5000, "receiver_port": 5001}
{"timestamp": 1787875601.197, "level": "INFO", "logger": "simulate", "message": "worker pool started", "num_workers": 6}
{"timestamp": 1787875601.203, "level": "INFO", "logger": "api", "message": "endpoint registered", "endpoint_id": "c3f134f1e26d41bd", "url": "http://127.0.0.1:5001/webhook/reliable-partner"}
{"timestamp": 1787875601.209, "level": "INFO", "logger": "api", "message": "endpoint registered", "endpoint_id": "856b21e41c3f4712", "url": "http://127.0.0.1:5001/webhook/mostly-stable-partner"}
{"timestamp": 1787875601.212, "level": "INFO", "logger": "api", "message": "endpoint registered", "endpoint_id": "b21c9dc8acb441ae", "url": "http://127.0.0.1:5001/webhook/flaky-partner"}
{"timestamp": 1787875601.214, "level": "INFO", "logger": "api", "message": "endpoint registered", "endpoint_id": "cab6e30ee4694acd", "url": "http://127.0.0.1:5001/webhook/very-flaky-partner"}
{"timestamp": 1787875601.215, "level": "INFO", "logger": "simulate", "message": "endpoints registered", "endpoints": {"reliable-partner": "c3f134f1e26d41bd", "mostly-stable-partner": "856b21e41c3f4712", "flaky-partner": "b21c9dc8acb441ae", "very-flaky-partner": "cab6e30ee4694acd"}}
{"timestamp": 1787875601.218, "level": "INFO", "logger": "api", "message": "event published", "event_id": "b0a6ac67b2164bc3", "event_type": "order.created", "fanout": 4}
{"timestamp": 1787875601.221, "level": "INFO", "logger": "api", "message": "event published", "event_id": "dc553858c2544028", "event_type": "payment.succeeded", "fanout": 4}
{"timestamp": 1787875601.224, "level": "INFO", "logger": "api", "message": "event published", "event_id": "1ccc52398d24414e", "event_type": "payment.failed", "fanout": 4}
{"timestamp": 1787875601.228, "level": "INFO", "logger": "api", "message": "event published", "event_id": "030a11e871d34ece", "event_type": "user.updated", "fanout": 4}
{"timestamp": 1787875601.231, "level": "INFO", "logger": "api", "message": "event published", "event_id": "04c5aeda674540e7", "event_type": "invoice.paid", "fanout": 4}
{"timestamp": 1787875601.234, "level": "INFO", "logger": "api", "message": "event published", "event_id": "db59ca4e96ec4033", "event_type": "order.created", "fanout": 4}
{"timestamp": 1787875601.238, "level": "INFO", "logger": "api", "message": "event published", "event_id": "210af19964f34d45", "event_type": "payment.succeeded", "fanout": 4}
{"timestamp": 1787875601.241, "level": "INFO", "logger": "api", "message": "event published", "event_id": "134b9ff811ff4e39", "event_type": "payment.failed", "fanout": 4}
{"timestamp": 1787875601.244, "level": "INFO", "logger": "api", "message": "event published", "event_id": "bdf6d47281d84304", "event_type": "user.updated", "fanout": 4}
{"timestamp": 1787875601.248, "level": "INFO", "logger": "api", "message": "event published", "event_id": "a611d077f0e14f56", "event_type": "invoice.paid", "fanout": 4}
{"timestamp": 1787875601.251, "level": "INFO", "logger": "api", "message": "event published", "event_id": "6f8ad947a99f46e6", "event_type": "order.created", "fanout": 4}
{"timestamp": 1787875601.255, "level": "INFO", "logger": "api", "message": "event published", "event_id": "8f9d08eb0d8d421a", "event_type": "payment.succeeded", "fanout": 4}
{"timestamp": 1787875601.258, "level": "INFO", "logger": "api", "message": "event published", "event_id": "4ff3e464fe0745ef", "event_type": "payment.failed", "fanout": 4}
{"timestamp": 1787875601.262, "level": "INFO", "logger": "api", "message": "event published", "event_id": "c7a47cc4105f41ec", "event_type": "user.updated", "fanout": 4}
{"timestamp": 1787875601.265, "level": "INFO", "logger": "api", "message": "event published", "event_id": "3eefeb5ccd7c4c23", "event_type": "invoice.paid", "fanout": 4}
{"timestamp": 1787875601.268, "level": "INFO", "logger": "api", "message": "event published", "event_id": "9b2b3adb2a7a4181", "event_type": "order.created", "fanout": 4}
{"timestamp": 1787875601.272, "level": "INFO", "logger": "api", "message": "event published", "event_id": "251fcf70f61d498b", "event_type": "payment.succeeded", "fanout": 4}
{"timestamp": 1787875601.275, "level": "INFO", "logger": "api", "message": "event published", "event_id": "d052636e208f46d5", "event_type": "payment.failed", "fanout": 4}
{"timestamp": 1787875601.278, "level": "INFO", "logger": "api", "message": "event published", "event_id": "bec8f3bbbf7d492c", "event_type": "user.updated", "fanout": 4}
{"timestamp": 1787875601.282, "level": "INFO", "logger": "api", "message": "event published", "event_id": "08efac1bf3ef43b5", "event_type": "invoice.paid", "fanout": 4}
{"timestamp": 1787875601.285, "level": "INFO", "logger": "api", "message": "event published", "event_id": "044d2bdc9a4b4278", "event_type": "order.created", "fanout": 4}
{"timestamp": 1787875601.288, "level": "INFO", "logger": "api", "message": "event published", "event_id": "a19dfbfcd798483f", "event_type": "payment.succeeded", "fanout": 4}
{"timestamp": 1787875601.292, "level": "INFO", "logger": "api", "message": "event published", "event_id": "9aec09f4cd2745d4", "event_type": "payment.failed", "fanout": 4}
{"timestamp": 1787875601.295, "level": "INFO", "logger": "api", "message": "event published", "event_id": "915c3db3fdf24dac", "event_type": "user.updated", "fanout": 4}
{"timestamp": 1787875601.299, "level": "INFO", "logger": "api", "message": "event published", "event_id": "c828f2d963e74dd2", "event_type": "invoice.paid", "fanout": 4}
{"timestamp": 1787875601.302, "level": "INFO", "logger": "api", "message": "event published", "event_id": "a6d9efda90384b55", "event_type": "order.created", "fanout": 4}
{"timestamp": 1787875601.305, "level": "INFO", "logger": "api", "message": "event published", "event_id": "bc0cf45e42a74112", "event_type": "payment.succeeded", "fanout": 4}
{"timestamp": 1787875601.309, "level": "INFO", "logger": "api", "message": "event published", "event_id": "b7424acb3d7d47ff", "event_type": "payment.failed", "fanout": 4}
{"timestamp": 1787875601.317, "level": "INFO", "logger": "api", "message": "event published", "event_id": "9f3eb05c3f13451a", "event_type": "user.updated", "fanout": 4}
{"timestamp": 1787875601.32, "level": "INFO", "logger": "api", "message": "event published", "event_id": "929eb33bd1e84202", "event_type": "invoice.paid", "fanout": 4}
{"timestamp": 1787875601.324, "level": "INFO", "logger": "api", "message": "event published", "event_id": "c035925005be4a31", "event_type": "order.created", "fanout": 4}
{"timestamp": 1787875601.328, "level": "INFO", "logger": "api", "message": "event published", "event_id": "b507c68f8c634b94", "event_type": "payment.succeeded", "fanout": 4}
{"timestamp": 1787875601.331, "level": "INFO", "logger": "api", "message": "event published", "event_id": "a5ae409eab014b26", "event_type": "payment.failed", "fanout": 4}
{"timestamp": 1787875601.334, "level": "INFO", "logger": "api", "message": "event published", "event_id": "bd728637804f4a2c", "event_type": "user.updated", "fanout": 4}
{"timestamp": 1787875601.338, "level": "INFO", "logger": "api", "message": "event published", "event_id": "846764778e514346", "event_type": "invoice.paid", "fanout": 4}
{"timestamp": 1787875601.341, "level": "INFO", "logger": "api", "message": "event published", "event_id": "9ea380fa998f418f", "event_type": "order.created", "fanout": 4}
{"timestamp": 1787875601.344, "level": "INFO", "logger": "api", "message": "event published", "event_id": "75fdbd26f4934bae", "event_type": "payment.succeeded", "fanout": 4}
{"timestamp": 1787875601.347, "level": "INFO", "logger": "api", "message": "event published", "event_id": "58adddd638df446d", "event_type": "payment.failed", "fanout": 4}
{"timestamp": 1787875601.351, "level": "INFO", "logger": "api", "message": "event published", "event_id": "2ad73a3707a64b65", "event_type": "user.updated", "fanout": 4}
{"timestamp": 1787875601.357, "level": "INFO", "logger": "worker", "message": "delivery attempt", "worker_id": 0, "delivery_id": "99ff23d0011f4af7", "event_id": "b0a6ac67b2164bc3", "event_type": "order.created", "endpoint_id": "c3f134f1e26d41bd", "attempt": 1, "success": true, "response_code": 200, "latency_ms": 3.18, "error": null, "next_backoff_s": null}
{"timestamp": 1787875601.36, "level": "INFO", "logger": "api", "message": "event published", "event_id": "65c1981c54224dd1", "event_type": "invoice.paid", "fanout": 4}
{"timestamp": 1787875601.366, "level": "INFO", "logger": "api", "message": "event published", "event_id": "237b62208458455a", "event_type": "order.created", "fanout": 4}
{"timestamp": 1787875601.368, "level": "INFO", "logger": "worker", "message": "delivery attempt", "worker_id": 5, "delivery_id": "6592f1e956ca49fc", "event_id": "dc553858c2544028", "event_type": "payment.succeeded", "endpoint_id": "856b21e41c3f4712", "attempt": 1, "success": true, "response_code": 200, "latency_ms": 2.51, "error": null, "next_backoff_s": null}
{"timestamp": 1787875601.37, "level": "INFO", "logger": "worker", "message": "delivery attempt", "worker_id": 0, "delivery_id": "def61d1b3f904503", "event_id": "b0a6ac67b2164bc3", "event_type": "order.created", "endpoint_id": "856b21e41c3f4712", "attempt": 1, "success": true, "response_code": 200, "latency_ms": 2.83, "error": null, "next_backoff_s": null}
{"timestamp": 1787875601.375, "level": "WARNING", "logger": "worker", "message": "delivery attempt", "worker_id": 0, "delivery_id": "9632389b67c5407c", "event_id": "b0a6ac67b2164bc3", "event_type": "order.created", "endpoint_id": "b21c9dc8acb441ae", "attempt": 1, "success": false, "response_code": 503, "latency_ms": 3.28, "error": "HTTP 503", "next_backoff_s": 0.43}
{"timestamp": 1787875601.377, "level": "WARNING", "logger": "worker", "message": "delivery attempt", "worker_id": 3, "delivery_id": "9a16d719d842456a", "event_id": "1ccc52398d24414e", "event_type": "payment.failed", "endpoint_id": "b21c9dc8acb441ae", "attempt": 1, "success": false, "response_code": 503, "latency_ms": 3.26, "error": "HTTP 503", "next_backoff_s": 0.36}
{"timestamp": 1787875601.379, "level": "INFO", "logger": "worker", "message": "delivery attempt", "worker_id": 0, "delivery_id": "0988cf9646fd4795", "event_id": "b0a6ac67b2164bc3", "event_type": "order.created", "endpoint_id": "cab6e30ee4694acd", "attempt": 1, "success": true, "response_code": 200, "latency_ms": 1.94, "error": null, "next_backoff_s": null}
{"timestamp": 1787875601.381, "level": "INFO", "logger": "worker", "message": "delivery attempt", "worker_id": 0, "delivery_id": "32e304e316d54d4a", "event_id": "dc553858c2544028", "event_type": "payment.succeeded", "endpoint_id": "c3f134f1e26d41bd", "attempt": 1, "success": true, "response_code": 200, "latency_ms": 1.69, "error": null, "next_backoff_s": null}
{"timestamp": 1787875601.388, "level": "INFO", "logger": "worker", "message": "delivery attempt", "worker_id": 1, "delivery_id": "578dc6c0c1e14635", "event_id": "db59ca4e96ec4033", "event_type": "order.created", "endpoint_id": "c3f134f1e26d41bd", "attempt": 1, "success": true, "response_code": 200, "latency_ms": 1.7, "error": null, "next_backoff_s": null}
{"timestamp": 1787875601.391, "level": "INFO", "logger": "api", "message": "event published", "event_id": "b467dd870d01401d", "event_type": "payment.succeeded", "fanout": 4}
{"timestamp": 1787875601.393, "level": "INFO", "logger": "worker", "message": "delivery attempt", "worker_id": 1, "delivery_id": "edd046a3a88e45a4", "event_id": "db59ca4e96ec4033", "event_type": "order.created", "endpoint_id": "856b21e41c3f4712", "attempt": 1, "success": true, "response_code": 200, "latency_ms": 2.38, "error": null, "next_backoff_s": null}
{"timestamp": 1787875601.397, "level": "INFO", "logger": "api", "message": "event published", "event_id": "ccf6a2e259204901", "event_type": "payment.failed", "fanout": 4}
{"timestamp": 1787875601.4, "level": "INFO", "logger": "worker", "message": "delivery attempt", "worker_id": 1, "delivery_id": "6379e64ec33e4a75", "event_id": "db59ca4e96ec4033", "event_type": "order.created", "endpoint_id": "b21c9dc8acb441ae", "attempt": 1, "success": true, "response_code": 200, "latency_ms": 2.3, "error": null, "next_backoff_s": null}
{"timestamp": 1787875601.404, "level": "INFO", "logger": "api", "message": "event published", "event_id": "fbb64f0cb95742a4", "event_type": "user.updated", "fanout": 4}
{"timestamp": 1787875601.41, "level": "INFO", "logger": "api", "message": "event published", "event_id": "1e854eab3b114f03", "event_type": "invoice.paid", "fanout": 4}
{"timestamp": 1787875601.412, "level": "INFO", "logger": "worker", "message": "delivery attempt", "worker_id": 2, "delivery_id": "8ec8ad2480254a91", "event_id": "210af19964f34d45", "event_type": "payment.succeeded", "endpoint_id": "856b21e41c3f4712", "attempt": 1, "success": true, "response_code": 200, "latency_ms": 1.94, "error": null, "next_backoff_s": null}
{"timestamp": 1787875601.415, "level": "INFO", "logger": "api", "message": "event published", "event_id": "1e38a715ed6c4e8a", "event_type": "order.created", "fanout": 4}
{"timestamp": 1787875601.419, "level": "INFO", "logger": "api", "message": "event published", "event_id": "5760a8ba29c64a82", "event_type": "payment.succeeded", "fanout": 4}
{"timestamp": 1787875601.423, "level": "INFO", "logger": "api", "message": "event published", "event_id": "a03128372fef424c", "event_type": "payment.failed", "fanout": 4}
{"timestamp": 1787875601.426, "level": "INFO", "logger": "api", "message": "event published", "event_id": "61e78a022d074db6", "event_type": "user.updated", "fanout": 4}
{"timestamp": 1787875601.43, "level": "INFO", "logger": "api", "message": "event published", "event_id": "4aea471bb4bb4de7", "event_type": "invoice.paid", "fanout": 4}
{"timestamp": 1787875601.434, "level": "INFO", "logger": "worker", "message": "delivery attempt", "worker_id": 2, "delivery_id": "eeb467c6108b4d10", "event_id": "210af19964f34d45", "event_type": "payment.succeeded", "endpoint_id": "b21c9dc8acb441ae", "attempt": 1, "success": true, "response_code": 200, "latency_ms": 1.91, "error": null, "next_backoff_s": null}
{"timestamp": 1787875601.437, "level": "INFO", "logger": "api", "message": "event published", "event_id": "e2401b80b7964afb", "event_type": "order.created", "fanout": 4}
{"timestamp": 1787875601.44, "level": "INFO", "logger": "api", "message": "event published", "event_id": "823788a871cb4cbf", "event_type": "payment.succeeded", "fanout": 4}
{"timestamp": 1787875601.444, "level": "INFO", "logger": "api", "message": "event published", "event_id": "357cb89a64124f06", "event_type": "payment.failed", "fanout": 4}
{"timestamp": 1787875601.447, "level": "INFO", "logger": "api", "message": "event published", "event_id": "6a587cab887d4761", "event_type": "user.updated", "fanout": 4}
{"timestamp": 1787875601.451, "level": "INFO", "logger": "api", "message": "event published", "event_id": "581c4aff685f4626", "event_type": "invoice.paid", "fanout": 4}
{"timestamp": 1787875601.454, "level": "INFO", "logger": "api", "message": "event published", "event_id": "58ab4b75dcbe4cc6", "event_type": "order.created", "fanout": 4}
{"timestamp": 1787875601.458, "level": "INFO", "logger": "api", "message": "event published", "event_id": "f62fb21d0ced4399", "event_type": "payment.succeeded", "fanout": 4}
{"timestamp": 1787875601.461, "level": "INFO", "logger": "api", "message": "event published", "event_id": "706cefd88c71474a", "event_type": "payment.failed", "fanout": 4}
{"timestamp": 1787875601.464, "level": "INFO", "logger": "api", "message": "event published", "event_id": "61d18abf92a943e5", "event_type": "user.updated", "fanout": 4}
{"timestamp": 1787875601.468, "level": "INFO", "logger": "api", "message": "event published", "event_id": "a8c0e7f27a6d4863", "event_type": "invoice.paid", "fanout": 4}
{"timestamp": 1787875601.471, "level": "INFO", "logger": "api", "message": "event published", "event_id": "df38eebaf95445b6", "event_type": "order.created", "fanout": 4}
{"timestamp": 1787875601.475, "level": "INFO", "logger": "api", "message": "event published", "event_id": "a86d249a392e4739", "event_type": "payment.succeeded", "fanout": 4}
{"timestamp": 1787875601.479, "level": "INFO", "logger": "api", "message": "event published", "event_id": "375c1fd5717741f9", "event_type": "payment.failed", "fanout": 4}
{"timestamp": 1787875601.482, "level": "INFO", "logger": "api", "message": "event published", "event_id": "064f888f7f1e4a88", "event_type": "user.updated", "fanout": 4}
{"timestamp": 1787875601.486, "level": "INFO", "logger": "api", "message": "event published", "event_id": "58af828ed70d4c8a", "event_type": "invoice.paid", "fanout": 4}
{"timestamp": 1787875601.489, "level": "INFO", "logger": "api", "message": "event published", "event_id": "4a7bdb12e8e94d1c", "event_type": "order.created", "fanout": 4}
{"timestamp": 1787875601.492, "level": "INFO", "logger": "api", "message": "event published", "event_id": "eedd6dae8c20475e", "event_type": "payment.succeeded", "fanout": 4}
{"timestamp": 1787875601.495, "level": "INFO", "logger": "api", "message": "event published", "event_id": "af896f2bb99c47f4", "event_type": "payment.failed", "fanout": 4}
{"timestamp": 1787875601.498, "level": "INFO", "logger": "api", "message": "event published", "event_id": "96d226031c824007", "event_type": "user.updated", "fanout": 4}
{"timestamp": 1787875601.502, "level": "INFO", "logger": "api", "message": "event published", "event_id": "1bea99c6104d4f2c", "event_type": "invoice.paid", "fanout": 4}
{"timestamp": 1787875601.505, "level": "INFO", "logger": "api", "message": "event published", "event_id": "8c0755aa5d934b7d", "event_type": "order.created", "fanout": 4}
{"timestamp": 1787875601.508, "level": "INFO", "logger": "api", "message": "event published", "event_id": "d92b91ecb2734a13", "event_type": "payment.succeeded", "fanout": 4}
{"timestamp": 1787875601.511, "level": "INFO", "logger": "api", "message": "event published", "event_id": "95f2853289394b98", "event_type": "payment.failed", "fanout": 4}
{"timestamp": 1787875601.514, "level": "INFO", "logger": "api", "message": "event published", "event_id": "9e037f07eb964e46", "event_type": "user.updated", "fanout": 4}
{"timestamp": 1787875601.517, "level": "INFO", "logger": "api", "message": "event published", "event_id": "5b1c4b4e8eef4827", "event_type": "invoice.paid", "fanout": 4}
{"timestamp": 1787875601.52, "level": "INFO", "logger": "api", "message": "event published", "event_id": "2321f810f80644d8", "event_type": "order.created", "fanout": 4}
{"timestamp": 1787875601.523, "level": "INFO", "logger": "api", "message": "event published", "event_id": "c655d90d2a7446ff", "event_type": "payment.succeeded", "fanout": 4}
{"timestamp": 1787875601.526, "level": "INFO", "logger": "api", "message": "event published", "event_id": "53252a80fc2c44ed", "event_type": "payment.failed", "fanout": 4}
{"timestamp": 1787875601.529, "level": "INFO", "logger": "api", "message": "event published", "event_id": "7e999e9ef7f3417e", "event_type": "user.updated", "fanout": 4}
{"timestamp": 1787875601.532, "level": "INFO", "logger": "api", "message": "event published", "event_id": "5e61b2a7022e4487", "event_type": "invoice.paid", "fanout": 4}
{"timestamp": 1787875601.535, "level": "INFO", "logger": "api", "message": "event published", "event_id": "3fd0b0ca9f0246b9", "event_type": "order.created", "fanout": 4}
{"timestamp": 1787875601.539, "level": "INFO", "logger": "api", "message": "event published", "event_id": "3811990ec6ae4452", "event_type": "payment.succeeded", "fanout": 4}
{"timestamp": 1787875601.542, "level": "INFO", "logger": "api", "message": "event published", "event_id": "be39ff4f19e44070", "event_type": "payment.failed", "fanout": 4}
{"timestamp": 1787875601.545, "level": "INFO", "logger": "api", "message": "event published", "event_id": "b93ccbe31eef4a21", "event_type": "user.updated", "fanout": 4}
{"timestamp": 1787875601.548, "level": "INFO", "logger": "api", "message": "event published", "event_id": "2d2ea348132d4008", "event_type": "invoice.paid", "fanout": 4}
{"timestamp": 1787875601.551, "level": "INFO", "logger": "api", "message": "event published", "event_id": "e67c1a3689b04c7b", "event_type": "order.created", "fanout": 4}
{"timestamp": 1787875601.554, "level": "INFO", "logger": "api", "message": "event published", "event_id": "afedea7289da4614", "event_type": "payment.succeeded", "fanout": 4}
{"timestamp": 1787875601.557, "level": "INFO", "logger": "api", "message": "event published", "event_id": "1a0fcf656a57428e", "event_type": "payment.failed", "fanout": 4}
{"timestamp": 1787875601.56, "level": "INFO", "logger": "api", "message": "event published", "event_id": "ccbbbee0908e4a88", "event_type": "user.updated", "fanout": 4}
{"timestamp": 1787875601.563, "level": "INFO", "logger": "api", "message": "event published", "event_id": "1c112c2d821b4b05", "event_type": "invoice.paid", "fanout": 4}
{"timestamp": 1787875601.566, "level": "INFO", "logger": "api", "message": "event published", "event_id": "835ac6cfc60d40ac", "event_type": "order.created", "fanout": 4}
{"timestamp": 1787875601.57, "level": "INFO", "logger": "api", "message": "event published", "event_id": "214cd7e9e3c44d96", "event_type": "payment.succeeded", "fanout": 4}
{"timestamp": 1787875601.573, "level": "INFO", "logger": "api", "message": "event published", "event_id": "6416c5bddac148de", "event_type": "payment.failed", "fanout": 4}
{"timestamp": 1787875601.576, "level": "INFO", "logger": "api", "message": "event published", "event_id": "20d0536b3f5a4fde", "event_type": "user.updated", "fanout": 4}
{"timestamp": 1787875601.579, "level": "INFO", "logger": "api", "message": "event published", "event_id": "fc89e5364b684b8b", "event_type": "invoice.paid", "fanout": 4}
{"timestamp": 1787875601.582, "level": "INFO", "logger": "api", "message": "event published", "event_id": "1179c8181e744595", "event_type": "order.created", "fanout": 4}
{"timestamp": 1787875601.585, "level": "INFO", "logger": "api", "message": "event published", "event_id": "76c72074617c4aeb", "event_type": "payment.succeeded", "fanout": 4}
{"timestamp": 1787875601.588, "level": "INFO", "logger": "api", "message": "event published", "event_id": "17344b9ad5774a3c", "event_type": "payment.failed", "fanout": 4}
{"timestamp": 1787875601.591, "level": "INFO", "logger": "api", "message": "event published", "event_id": "cfcc595b49644268", "event_type": "user.updated", "fanout": 4}
{"timestamp": 1787875601.594, "level": "INFO", "logger": "api", "message": "event published", "event_id": "d50f222046284273", "event_type": "invoice.paid", "fanout": 4}
{"timestamp": 1787875601.597, "level": "INFO", "logger": "api", "message": "event published", "event_id": "36ff17c34ec448f3", "event_type": "order.created", "fanout": 4}
{"timestamp": 1787875601.6, "level": "INFO", "logger": "api", "message": "event published", "event_id": "89ccb5f256a54dbc", "event_type": "payment.succeeded", "fanout": 4}
{"timestamp": 1787875601.603, "level": "INFO", "logger": "api", "message": "event published", "event_id": "127292572d6f4cd9", "event_type": "payment.failed", "fanout": 4}
{"timestamp": 1787875601.606, "level": "INFO", "logger": "api", "message": "event published", "event_id": "206132bb227f4ac1", "event_type": "user.updated", "fanout": 4}
{"timestamp": 1787875601.609, "level": "INFO", "logger": "api", "message": "event published", "event_id": "0ffcde09febc493d", "event_type": "invoice.paid", "fanout": 4}
{"timestamp": 1787875601.612, "level": "INFO", "logger": "api", "message": "event published", "event_id": "0fa9d6f3771d4f7f", "event_type": "order.created", "fanout": 4}
{"timestamp": 1787875601.615, "level": "INFO", "logger": "api", "message": "event published", "event_id": "6501854e007848d0", "event_type": "payment.succeeded", "fanout": 4}
{"timestamp": 1787875601.618, "level": "INFO", "logger": "api", "message": "event published", "event_id": "967423e89f374204", "event_type": "payment.failed", "fanout": 4}
{"timestamp": 1787875601.622, "level": "INFO", "logger": "api", "message": "event published", "event_id": "5d2b0dff51b14552", "event_type": "user.updated", "fanout": 4}
{"timestamp": 1787875601.625, "level": "INFO", "logger": "api", "message": "event published", "event_id": "02f2b823936a4725", "event_type": "invoice.paid", "fanout": 4}
{"timestamp": 1787875601.628, "level": "INFO", "logger": "api", "message": "event published", "event_id": "aac47ba05c53488e", "event_type": "order.created", "fanout": 4}
{"timestamp": 1787875601.631, "level": "INFO", "logger": "api", "message": "event published", "event_id": "a954f787b77f49f8", "event_type": "payment.succeeded", "fanout": 4}
{"timestamp": 1787875601.634, "level": "INFO", "logger": "api", "message": "event published", "event_id": "035e1f611c0f4426", "event_type": "payment.failed", "fanout": 4}
{"timestamp": 1787875601.637, "level": "INFO", "logger": "api", "message": "event published", "event_id": "9f1653cbca354402", "event_type": "user.updated", "fanout": 4}
{"timestamp": 1787875601.641, "level": "INFO", "logger": "api", "message": "event published", "event_id": "1106a7ee0ad24496", "event_type": "invoice.paid", "fanout": 4}
{"timestamp": 1787875601.644, "level": "INFO", "logger": "api", "message": "event published", "event_id": "130f73737a4d4514", "event_type": "order.created", "fanout": 4}
{"timestamp": 1787875601.647, "level": "INFO", "logger": "api", "message": "event published", "event_id": "356c1287318d41b1", "event_type": "payment.succeeded", "fanout": 4}
{"timestamp": 1787875601.65, "level": "INFO", "logger": "api", "message": "event published", "event_id": "9374b95397184269", "event_type": "payment.failed", "fanout": 4}
{"timestamp": 1787875601.653, "level": "INFO", "logger": "api", "message": "event published", "event_id": "5e17a852c0c146ae", "event_type": "user.updated", "fanout": 4}
{"timestamp": 1787875601.656, "level": "INFO", "logger": "api", "message": "event published", "event_id": "ad343026f0794724", "event_type": "invoice.paid", "fanout": 4}
{"timestamp": 1787875601.656, "level": "INFO", "logger": "simulate", "message": "events published", "count": 120}
{"timestamp": 1787875601.972, "level": "WARNING", "logger": "worker", "message": "delivery attempt", "worker_id": 5, "delivery_id": "4f7048b23688482e", "event_id": "dc553858c2544028", "event_type": "payment.succeeded", "endpoint_id": "b21c9dc8acb441ae", "attempt": 1, "success": false, "response_code": null, "latency_ms": 602.43, "error": "timeout", "next_backoff_s": 0.39}
{"timestamp": 1787875601.98, "level": "WARNING", "logger": "worker", "message": "delivery attempt", "worker_id": 3, "delivery_id": "d2b8ce51a7d34c95", "event_id": "1ccc52398d24414e", "event_type": "payment.failed", "endpoint_id": "cab6e30ee4694acd", "attempt": 1, "success": false, "response_code": null, "latency_ms": 601.6, "error": "timeout", "next_backoff_s": 0.47}
{"timestamp": 1787875601.983, "level": "INFO", "logger": "worker", "message": "delivery attempt", "worker_id": 3, "delivery_id": "33af1efd8a204a5a", "event_id": "030a11e871d34ece", "event_type": "user.updated", "endpoint_id": "c3f134f1e26d41bd", "attempt": 1, "success": true, "response_code": 200, "latency_ms": 2.03, "error": null, "next_backoff_s": null}
{"timestamp": 1787875601.984, "level": "WARNING", "logger": "worker", "message": "delivery attempt", "worker_id": 0, "delivery_id": "d9e196f1cc414bf9", "event_id": "030a11e871d34ece", "event_type": "user.updated", "endpoint_id": "cab6e30ee4694acd", "attempt": 1, "success": false, "response_code": null, "latency_ms": 602.14, "error": "timeout", "next_backoff_s": 0.31}
{"timestamp": 1787875601.987, "level": "INFO", "logger": "worker", "message": "delivery attempt", "worker_id": 0, "delivery_id": "bd3d78c813ca485c", "event_id": "04c5aeda674540e7", "event_type": "invoice.paid", "endpoint_id": "c3f134f1e26d41bd", "attempt": 1, "success": true, "response_code": 200, "latency_ms": 2.24, "error": null, "next_backoff_s": null}
{"timestamp": 1787875601.99, "level": "INFO", "logger": "worker", "message": "delivery attempt", "worker_id": 0, "delivery_id": "5c72e3440b484680", "event_id": "04c5aeda674540e7", "event_type": "invoice.paid", "endpoint_id": "856b21e41c3f4712", "attempt": 1, "success": true, "response_code": 200, "latency_ms": 1.61, "error": null, "next_backoff_s": null}
{"timestamp": 1787875601.992, "level": "INFO", "logger": "worker", "message": "delivery attempt", "worker_id": 0, "delivery_id": "e8b7ac963a1c4f0f", "event_id": "04c5aeda674540e7", "event_type": "invoice.paid", "endpoint_id": "b21c9dc8acb441ae", "attempt": 1, "success": true, "response_code": 200, "latency_ms": 1.62, "error": null, "next_backoff_s": null}
{"timestamp": 1787875601.994, "level": "WARNING", "logger": "worker", "message": "delivery attempt", "worker_id": 0, "delivery_id": "d657592b6c9843b4", "event_id": "04c5aeda674540e7", "event_type": "invoice.paid", "endpoint_id": "cab6e30ee4694acd", "attempt": 1, "success": false, "response_code": 503, "latency_ms": 1.44, "error": "HTTP 503", "next_backoff_s": 0.48}
{"timestamp": 1787875602.004, "level": "WARNING", "logger": "worker", "message": "delivery attempt", "worker_id": 1, "delivery_id": "96f9315113b443e3", "event_id": "db59ca4e96ec4033", "event_type": "order.created", "endpoint_id": "cab6e30ee4694acd", "attempt": 1, "success": false, "response_code": null, "latency_ms": 603.28, "error": "timeout", "next_backoff_s": 0.44}
{"timestamp": 1787875602.006, "level": "INFO", "logger": "worker", "message": "delivery attempt", "worker_id": 1, "delivery_id": "3f595a74b09046ed", "event_id": "210af19964f34d45", "event_type": "payment.succeeded", "endpoint_id": "c3f134f1e26d41bd", "attempt": 1, "success": true, "response_code": 200, "latency_ms": 1.55, "error": null, "next_backoff_s": null}
{"timestamp": 1787875602.008, "level": "INFO", "logger": "worker", "message": "delivery attempt", "worker_id": 1, "delivery_id": "aa147f1981ec40d3", "event_id": "6f8ad947a99f46e6", "event_type": "order.created", "endpoint_id": "c3f134f1e26d41bd", "attempt": 1, "success": true, "response_code": 200, "latency_ms": 1.71, "error": null, "next_backoff_s": null}
{"timestamp": 1787875602.011, "level": "INFO", "logger": "worker", "message": "delivery attempt", "worker_id": 1, "delivery_id": "6974220306254e78", "event_id": "6f8ad947a99f46e6", "event_type": "order.created", "endpoint_id": "856b21e41c3f4712", "attempt": 1, "success": true, "response_code": 200, "latency_ms": 1.56, "error": null, "next_backoff_s": null}
{"timestamp": 1787875602.035, "level": "WARNING", "logger": "worker", "message": "delivery attempt", "worker_id": 4, "delivery_id": "250118d3319c4f58", "event_id": "134b9ff811ff4e39", "event_type": "payment.failed", "endpoint_id": "b21c9dc8acb441ae", "attempt": 1, "success": false, "response_code": null, "latency_ms": 601.87, "error": "timeout", "next_backoff_s": 0.41}
{"timestamp": 1787875602.037, "level": "WARNING", "logger": "worker", "message": "delivery attempt", "worker_id": 2, "delivery_id": "bfaba2c3926d47e7", "event_id": "210af19964f34d45", "event_type": "payment.succeeded", "endpoint_id": "cab6e30ee4694acd", "attempt": 1, "success": false, "response_code": null, "latency_ms": 602.26, "error": "timeout", "next_backoff_s": 0.48}
{"timestamp": 1787875602.039, "level": "WARNING", "logger": "worker", "message": "delivery attempt", "worker_id": 4, "delivery_id": "3c4a373cd7a440e6", "event_id": "134b9ff811ff4e39", "event_type": "payment.failed", "endpoint_id": "cab6e30ee4694acd", "attempt": 1, "success": false, "response_code": 503, "latency_ms": 3.36, "error": "HTTP 503", "next_backoff_s": 0.48}
{"timestamp": 1787875602.043, "level": "INFO", "logger": "worker", "message": "delivery attempt", "worker_id": 2, "delivery_id": "dbc7ef8d55a84d96", "event_id": "134b9ff811ff4e39", "event_type": "payment.failed", "endpoint_id": "c3f134f1e26d41bd", "attempt": 1, "success": true, "response_code": 200, "latency_ms": 3.38, "error": null, "next_backoff_s": null}
{"timestamp": 1787875602.044, "level": "INFO", "logger": "worker", "message": "delivery attempt", "worker_id": 4, "delivery_id": "27ac70fac6b3413c", "event_id": "bdf6d47281d84304", "event_type": "user.updated", "endpoint_id": "c3f134f1e26d41bd", "attempt": 1, "success": true, "response_code": 200, "latency_ms": 2.54, "error": null, "next_backoff_s": null}
{"timestamp": 1787875602.046, "level": "INFO", "logger": "worker", "message": "delivery attempt", "worker_id": 4, "delivery_id": "d8cdb305d2bb4cf5", "event_id": "bdf6d47281d84304", "event_type": "user.updated", "endpoint_id": "856b21e41c3f4712", "attempt": 1, "success": true, "response_code": 200, "latency_ms": 1.56, "error": null, "next_backoff_s": null}
{"timestamp": 1787875602.575, "level": "WARNING", "logger": "worker", "message": "delivery attempt", "worker_id": 5, "delivery_id": "df4e2d126e89477c", "event_id": "dc553858c2544028", "event_type": "payment.succeeded", "endpoint_id": "cab6e30ee4694acd", "attempt": 1, "success": false, "response_code": null, "latency_ms": 602.05, "error": "timeout", "next_backoff_s": 0.44}
{"timestamp": 1787875602.578, "level": "INFO", "logger": "worker", "message": "delivery attempt", "worker_id": 5, "delivery_id": "7f23f8546d1641ea", "event_id": "1ccc52398d24414e", "event_type": "payment.failed", "endpoint_id": "c3f134f1e26d41bd", "attempt": 1, "success": true, "response_code": 200, "latency_ms": 2.17, "error": null, "next_backoff_s": null}
{"timestamp": 1787875602.581, "level": "INFO", "logger": "worker", "message": "delivery attempt", "worker_id": 5, "delivery_id": "a3092a520ff049e8", "event_id": "1ccc52398d24414e", "event_type": "payment.failed", "endpoint_id": "856b21e41c3f4712", "attempt": 1, "success": true, "response_code": 200, "latency_ms": 2.28, "error": null, "next_backoff_s": null}
{"timestamp": 1787875602.584, "level": "INFO", "logger": "worker", "message": "delivery attempt", "worker_id": 5, "delivery_id": "b1b5b71883704184", "event_id": "8f9d08eb0d8d421a", "event_type": "payment.succeeded", "endpoint_id": "856b21e41c3f4712", "attempt": 1, "success": true, "response_code": 200, "latency_ms": 2.02, "error": null, "next_backoff_s": null}
{"timestamp": 1787875602.586, "level": "WARNING", "logger": "worker", "message": "delivery attempt", "worker_id": 3, "delivery_id": "9d269d844a4d4d47", "event_id": "030a11e871d34ece", "event_type": "user.updated", "endpoint_id": "856b21e41c3f4712", "attempt": 1, "success": false, "response_code": null, "latency_ms": 602.09, "error": "timeout", "next_backoff_s": 0.39}
{"timestamp": 1787875602.589, "level": "INFO", "logger": "worker", "message": "delivery attempt", "worker_id": 5, "delivery_id": "ae06d5521b2b43b5", "event_id": "8f9d08eb0d8d421a", "event_type": "payment.succeeded", "endpoint_id": "b21c9dc8acb441ae", "attempt": 1, "success": true, "response_code": 200, "latency_ms": 2.05, "error": null, "next_backoff_s": null}
{"timestamp": 1787875602.591, "level": "WARNING", "logger": "worker", "message": "delivery attempt", "worker_id": 3, "delivery_id": "101b25b3b3ae4a22", "event_id": "030a11e871d34ece", "event_type": "user.updated", "endpoint_id": "b21c9dc8acb441ae", "attempt": 1, "success": false, "response_code": 503, "latency_ms": 1.97, "error": "HTTP 503", "next_backoff_s": 0.3}
{"timestamp": 1787875602.593, "level": "INFO", "logger": "worker", "message": "delivery attempt", "worker_id": 5, "delivery_id": "f4c83fe67bdd4659", "event_id": "8f9d08eb0d8d421a", "event_type": "payment.succeeded", "endpoint_id": "cab6e30ee4694acd", "attempt": 1, "success": true, "response_code": 200, "latency_ms": 2.27, "error": null, "next_backoff_s": null}
{"timestamp": 1787875602.595, "level": "WARNING", "logger": "worker", "message": "delivery attempt", "worker_id": 3, "delivery_id": "994c342d4e4e4c1e", "event_id": "4ff3e464fe0745ef", "event_type": "payment.failed", "endpoint_id": "b21c9dc8acb441ae", "attempt": 1, "success": false, "response_code": 503, "latency_ms": 2.48, "error": "HTTP 503", "next_backoff_s": 0.38}
{"timestamp": 1787875602.598, "level": "WARNING", "logger": "worker", "message": "delivery attempt", "worker_id": 0, "delivery_id": "6b0ec36a6bbf4a94", "event_id": "bdf6d47281d84304", "event_type": "user.updated", "endpoint_id": "cab6e30ee4694acd", "attempt": 1, "success": false, "response_code": null, "latency_ms": 601.95, "error": "timeout", "next_backoff_s": 0.31}
{"timestamp": 1787875602.599, "level": "INFO", "logger": "worker", "message": "delivery attempt", "worker_id": 5, "delivery_id": "6348a282255544de", "event_id": "4ff3e464fe0745ef", "event_type": "payment.failed", "endpoint_id": "c3f134f1e26d41bd", "attempt": 1, "success": true, "response_code": 200, "latency_ms": 3.62, "error": null, "next_backoff_s": null}
{"timestamp": 1787875602.602, "level": "INFO", "logger": "worker", "message": "delivery attempt", "worker_id": 0, "delivery_id": "6fb27d1a82bc4ec0", "event_id": "a611d077f0e14f56", "event_type": "invoice.paid", "endpoint_id": "c3f134f1e26d41bd", "attempt": 1, "success": true, "response_code": 200, "latency_ms": 3.22, "error": null, "next_backoff_s": null}
{"timestamp": 1787875602.605, "level": "INFO", "logger": "worker", "message": "delivery attempt", "worker_id": 0, "delivery_id": "ee4d0488de3c4065", "event_id": "a611d077f0e14f56", "event_type": "invoice.paid", "endpoint_id": "856b21e41c3f4712", "attempt": 1, "success": true, "response_code": 200, "latency_ms": 2.03, "error": null, "next_backoff_s": null}
{"timestamp": 1787875602.607, "level": "INFO", "logger": "worker", "message": "delivery attempt", "worker_id": 0, "delivery_id": "0e68acbc3ff044ea", "event_id": "a611d077f0e14f56", "event_type": "invoice.paid", "endpoint_id": "b21c9dc8acb441ae", "attempt": 1, "success": true, "response_code": 200, "latency_ms": 1.62, "error": null, "next_backoff_s": null}
{"timestamp": 1787875602.609, "level": "INFO", "logger": "worker", "message": "delivery attempt", "worker_id": 0, "delivery_id": "cff81c1fa7824357", "event_id": "a611d077f0e14f56", "event_type": "invoice.paid", "endpoint_id": "cab6e30ee4694acd", "attempt": 1, "success": true, "response_code": 200, "latency_ms": 1.52, "error": null, "next_backoff_s": null}
{"timestamp": 1787875602.613, "level": "WARNING", "logger": "worker", "message": "delivery attempt", "worker_id": 1, "delivery_id": "f9b007ec3cbc45a3", "event_id": "6f8ad947a99f46e6", "event_type": "order.created", "endpoint_id": "b21c9dc8acb441ae", "attempt": 1, "success": false, "response_code": null, "latency_ms": 601.58, "error": "timeout", "next_backoff_s": 0.39}
{"timestamp": 1787875602.615, "level": "WARNING", "logger": "worker", "message": "delivery attempt", "worker_id": 1, "delivery_id": "05a63a2935ec4e28", "event_id": "6f8ad947a99f46e6", "event_type": "order.created", "endpoint_id": "cab6e30ee4694acd", "attempt": 1, "success": false, "response_code": 503, "latency_ms": 1.65, "error": "HTTP 503", "next_backoff_s": 0.45}
{"timestamp": 1787875602.617, "level": "INFO", "logger": "worker", "message": "delivery attempt", "worker_id": 1, "delivery_id": "33b9d66253e44fd2", "event_id": "8f9d08eb0d8d421a", "event_type": "payment.succeeded", "endpoint_id": "c3f134f1e26d41bd", "attempt": 1, "success": true, "response_code": 200, "latency_ms": 1.51, "error": null, "next_backoff_s": null}
{"timestamp": 1787875602.62, "level": "INFO", "logger": "worker", "message": "delivery attempt", "worker_id": 1, "delivery_id": "68db00d824ec425a", "event_id": "9b2b3adb2a7a4181", "event_type": "order.created", "endpoint_id": "c3f134f1e26d41bd", "attempt": 1, "success": true, "response_code": 200, "latency_ms": 1.72, "error": null, "next_backoff_s": null}
{"timestamp": 1787875602.622, "level": "INFO", "logger": "worker", "message": "delivery attempt", "worker_id": 1, "delivery_id": "ee2c375bd00c46be", "event_id": "9b2b3adb2a7a4181", "event_type": "order.created", "endpoint_id": "856b21e41c3f4712", "attempt": 1, "success": true, "response_code": 200, "latency_ms": 1.62, "error": null, "next_backoff_s": null}
{"timestamp": 1787875602.625, "level": "INFO", "logger": "worker", "message": "delivery attempt", "worker_id": 1, "delivery_id": "3cf033f74e0a40be", "event_id": "9b2b3adb2a7a4181", "event_type": "order.created", "endpoint_id": "b21c9dc8acb441ae", "attempt": 1, "success": true, "response_code": 200, "latency_ms": 1.62, "error": null, "next_backoff_s": null}
{"timestamp": 1787875602.628, "level": "WARNING", "logger": "worker", "message": "delivery attempt", "worker_id": 1, "delivery_id": "e97e6b2c74d24fb5", "event_id": "9b2b3adb2a7a4181", "event_type": "order.created", "endpoint_id": "cab6e30ee4694acd", "attempt": 1, "success": false, "response_code": 503, "latency_ms": 1.61, "error": "HTTP 503", "next_backoff_s": 0.35}
{"timestamp": 1787875602.63, "level": "INFO", "logger": "worker", "message": "delivery attempt", "worker_id": 1, "delivery_id": "722329c0dac7491f", "event_id": "251fcf70f61d498b", "event_type": "payment.succeeded", "endpoint_id": "c3f134f1e26d41bd", "attempt": 1, "success": true, "response_code": 200, "latency_ms": 1.58, "error": null, "next_backoff_s": null}
{"timestamp": 1787875602.632, "level": "INFO", "logger": "worker", "message": "delivery attempt", "worker_id": 1, "delivery_id": "44cbec84a98447e9", "event_id": "251fcf70f61d498b", "event_type": "payment.succeeded", "endpoint_id": "856b21e41c3f4712", "attempt": 1, "success": true, "response_code": 200, "latency_ms": 1.51, "error": null, "next_backoff_s": null}
{"timestamp": 1787875602.645, "level": "WARNING", "logger": "worker", "message": "delivery attempt", "worker_id": 2, "delivery_id": "1a87b988a7b147c8", "event_id": "134b9ff811ff4e39", "event_type": "payment.failed", "endpoint_id": "856b21e41c3f4712", "attempt": 1, "success": false, "response_code": null, "latency_ms": 602.13, "error": "timeout", "next_backoff_s": 0.35}
{"timestamp": 1787875602.649, "level": "WARNING", "logger": "worker", "message": "delivery attempt", "worker_id": 4, "delivery_id": "6bdde7d7271c4b07", "event_id": "bdf6d47281d84304", "event_type": "user.updated", "endpoint_id": "b21c9dc8acb441ae", "attempt": 1, "success": false, "response_code": null, "latency_ms": 601.97, "error": "timeout", "next_backoff_s": 0.3}
{"timestamp": 1787875603.199, "level": "WARNING", "logger": "worker", "message": "delivery attempt", "worker_id": 3, "delivery_id": "a98d84058751472e", "event_id": "4ff3e464fe0745ef", "event_type": "payment.failed", "endpoint_id": "cab6e30ee4694acd", "attempt": 1, "success": false, "response_code": null, "latency_ms": 602.94, "error": "timeout", "next_backoff_s": 0.38}
{"timestamp": 1787875603.202, "level": "INFO", "logger": "worker", "message": "delivery attempt", "worker_id": 3, "delivery_id": "cb674cfa391d4e31", "event_id": "c7a47cc4105f41ec", "event_type": "user.updated", "endpoint_id": "c3f134f1e26d41bd", "attempt": 1, "success": true, "response_code": 200, "latency_ms": 2.11, "error": null, "next_backoff_s": null}
{"timestamp": 1787875603.203, "level": "WARNING", "logger": "worker", "message": "delivery attempt", "worker_id": 5, "delivery_id": "0f2fe0e2572b4192", "event_id": "4ff3e464fe0745ef", "event_type": "payment.failed", "endpoint_id": "856b21e41c3f4712", "attempt": 1, "success": false, "response_code": null, "latency_ms": 602.84, "error": "timeout", "next_backoff_s": 0.4}
{"timestamp": 1787875603.207, "level": "INFO", "logger": "worker", "message": "delivery attempt", "worker_id": 3, "delivery_id": "938ddf13201247f0", "event_id": "c7a47cc4105f41ec", "event_type": "user.updated", "endpoint_id": "856b21e41c3f4712", "attempt": 1, "success": true, "response_code": 200, "latency_ms": 2.49, "error": null, "next_backoff_s": null}
{"timestamp": 1787875603.208, "level": "INFO", "logger": "worker", "message": "delivery attempt", "worker_id": 5, "delivery_id": "5edd8b3c439143f8", "event_id": "044d2bdc9a4b4278", "event_type": "order.created", "endpoint_id": "c3f134f1e26d41bd", "attempt": 1, "success": true, "response_code": 200, "latency_ms": 2.32, "error": null, "next_backoff_s": null}
{"timestamp": 1787875603.21, "level": "INFO", "logger": "worker", "message": "delivery attempt", "worker_id": 5, "delivery_id": "3d611806428746c9", "event_id": "044d2bdc9a4b4278", "event_type": "order.created", "endpoint_id": "856b21e41c3f4712", "attempt": 1, "success": true, "response_code": 200, "latency_ms": 1.66, "error": null, "next_backoff_s": null}
{"timestamp": 1787875603.212, "level": "WARNING", "logger": "worker", "message": "delivery attempt", "worker_id": 0, "delivery_id": "c2a75edff894494e", "event_id": "c7a47cc4105f41ec", "event_type": "user.updated", "endpoint_id": "cab6e30ee4694acd", "attempt": 1, "success": false, "response_code": null, "latency_ms": 601.53, "error": "timeout", "next_backoff_s": 0.44}
{"timestamp": 1787875603.215, "level": "INFO", "logger": "worker", "message": "delivery attempt", "worker_id": 5, "delivery_id": "390034c33bfd40db", "event_id": "044d2bdc9a4b4278", "event_type": "order.created", "endpoint_id": "b21c9dc8acb441ae", "attempt": 1, "success": true, "response_code": 200, "latency_ms": 3.18, "error": null, "next_backoff_s": null}
{"timestamp": 1787875603.217, "level": "INFO", "logger": "worker", "message": "delivery attempt", "worker_id": 0, "delivery_id": "bc40fcd7271c42cc", "event_id": "3eefeb5ccd7c4c23", "event_type": "invoice.paid", "endpoint_id": "c3f134f1e26d41bd", "attempt": 1, "success": true, "response_code": 200, "latency_ms": 3.44, "error": null, "next_backoff_s": null}
{"timestamp": 1787875603.219, "level": "WARNING", "logger": "worker", "message": "delivery attempt", "worker_id": 5, "delivery_id": "723ae24ddc244089", "event_id": "044d2bdc9a4b4278", "event_type": "order.created", "endpoint_id": "cab6e30ee4694acd", "attempt": 1, "success": false, "response_code": 503, "latency_ms": 1.92, "error": "HTTP 503", "next_backoff_s": 0.31}
{"timestamp": 1787875603.221, "level": "INFO", "logger": "worker", "message": "delivery attempt", "worker_id": 0, "delivery_id": "be450019f2e440e7", "event_id": "3eefeb5ccd7c4c23", "event_type": "invoice.paid", "endpoint_id": "856b21e41c3f4712", "attempt": 1, "success": true, "response_code": 200, "latency_ms": 2.65, "error": null, "next_backoff_s": null}
{"timestamp": 1787875603.223, "level": "INFO", "logger": "worker", "message": "delivery attempt", "worker_id": 5, "delivery_id": "8fbb7e9fa7cc46f4", "event_id": "a19dfbfcd798483f", "event_type": "payment.succeeded", "endpoint_id": "c3f134f1e26d41bd", "attempt": 1, "success": true, "response_code": 200, "latency_ms": 2.79, "error": null, "next_backoff_s": null}
{"timestamp": 1787875603.225, "level": "INFO", "logger": "worker", "message": "delivery attempt", "worker_id": 0, "delivery_id": "fe615d0afcf4459b", "event_id": "3eefeb5ccd7c4c23", "event_type": "invoice.paid", "endpoint_id": "b21c9dc8acb441ae", "attempt": 1, "success": true, "response_code": 200, "latency_ms": 2.4, "error": null, "next_backoff_s": null}
{"timestamp": 1787875603.228, "level": "INFO", "logger": "worker", "message": "delivery attempt", "worker_id": 5, "delivery_id": "ee2302fe1b964ad8", "event_id": "a19dfbfcd798483f", "event_type": "payment.succeeded", "endpoint_id": "856b21e41c3f4712", "attempt": 1, "success": true, "response_code": 200, "latency_ms": 2.69, "error": null, "next_backoff_s": null}
{"timestamp": 1787875603.229, "level": "INFO", "logger": "worker", "message": "delivery attempt", "worker_id": 0, "delivery_id": "1a246cc80b0a49d9", "event_id": "3eefeb5ccd7c4c23", "event_type": "invoice.paid", "endpoint_id": "cab6e30ee4694acd", "attempt": 1, "success": true, "response_code": 200, "latency_ms": 3.44, "error": null, "next_backoff_s": null}
{"timestamp": 1787875603.232, "level": "INFO", "logger": "worker", "message": "delivery attempt", "worker_id": 0, "delivery_id": "a96e0a5f76f141ca", "event_id": "9aec09f4cd2745d4", "event_type": "payment.failed", "endpoint_id": "b21c9dc8acb441ae", "attempt": 1, "success": true, "response_code": 200, "latency_ms": 1.66, "error": null, "next_backoff_s": null}
{"timestamp": 1787875603.235, "level": "WARNING", "logger": "worker", "message": "delivery attempt", "worker_id": 1, "delivery_id": "d3f236d9f3864db9", "event_id": "251fcf70f61d498b", "event_type": "payment.succeeded", "endpoint_id": "b21c9dc8acb441ae", "attempt": 1, "success": false, "response_code": null, "latency_ms": 602.05, "error": "timeout", "next_backoff_s": 0.48}
{"timestamp": 1787875603.237, "level": "WARNING", "logger": "worker", "message": "delivery attempt", "worker_id": 1, "delivery_id": "ee8eada278c24719", "event_id": "251fcf70f61d498b", "event_type": "payment.succeeded", "endpoint_id": "cab6e30ee4694acd", "attempt": 1, "success": false, "response_code": 503, "latency_ms": 1.46, "error": "HTTP 503", "next_backoff_s": 0.41}
{"timestamp": 1787875603.239, "level": "INFO", "logger": "worker", "message": "delivery attempt", "worker_id": 1, "delivery_id": "bfcca429cafd40e7", "event_id": "d052636e208f46d5", "event_type": "payment.failed", "endpoint_id": "c3f134f1e26d41bd", "attempt": 1, "success": true, "response_code": 200, "latency_ms": 1.59, "error": null, "next_backoff_s": null}
{"timestamp": 1787875603.241, "level": "INFO", "logger": "worker", "message": "delivery attempt", "worker_id": 1, "delivery_id": "f2d61774b09542df", "event_id": "d052636e208f46d5", "event_type": "payment.failed", "endpoint_id": "856b21e41c3f4712", "attempt": 1, "success": true, "response_code": 200, "latency_ms": 1.51, "error": null, "next_backoff_s": null}
{"timestamp": 1787875603.244, "level": "WARNING", "logger": "worker", "message": "delivery attempt", "worker_id": 1, "delivery_id": "9b1c2a8b079c448d", "event_id": "915c3db3fdf24dac", "event_type": "user.updated", "endpoint_id": "cab6e30ee4694acd", "attempt": 1, "success": false, "response_code": 503, "latency_ms": 1.61, "error": "HTTP 503", "next_backoff_s": 0.31}
{"timestamp": 1787875603.247, "level": "INFO", "logger": "worker", "message": "delivery attempt", "worker_id": 1, "delivery_id": "1ec5be73046f4d0b", "event_id": "c828f2d963e74dd2", "event_type": "invoice.paid", "endpoint_id": "c3f134f1e26d41bd", "attempt": 1, "success": true, "response_code": 200, "latency_ms": 1.96, "error": null, "next_backoff_s": null}
{"timestamp": 1787875603.249, "level": "WARNING", "logger": "worker", "message": "delivery attempt", "worker_id": 2, "delivery_id": "83ff757289544801", "event_id": "d052636e208f46d5", "event_type": "payment.failed", "endpoint_id": "b21c9dc8acb441ae", "attempt": 1, "success": false, "response_code": null, "latency_ms": 601.07, "error": "timeout", "next_backoff_s": 0.3}
{"timestamp": 1787875603.251, "level": "INFO", "logger": "worker", "message": "delivery attempt", "worker_id": 1, "delivery_id": "2cf009a6c1784ebc", "event_id": "c828f2d963e74dd2", "event_type": "invoice.paid", "endpoint_id": "856b21e41c3f4712", "attempt": 1, "success": true, "response_code": 200, "latency_ms": 3.16, "error": null, "next_backoff_s": null}
{"timestamp": 1787875603.252, "level": "WARNING", "logger": "worker", "message": "delivery attempt", "worker_id": 4, "delivery_id": "657a6e0a2291480e", "event_id": "bec8f3bbbf7d492c", "event_type": "user.updated", "endpoint_id": "cab6e30ee4694acd", "attempt": 1, "success": false, "response_code": null, "latency_ms": 601.32, "error": "timeout", "next_backoff_s": 0.38}
{"timestamp": 1787875603.255, "level": "INFO", "logger": "worker", "message": "delivery attempt", "worker_id": 1, "delivery_id": "6707d33b0a0d4f14", "event_id": "c828f2d963e74dd2", "event_type": "invoice.paid", "endpoint_id": "b21c9dc8acb441ae", "attempt": 1, "success": true, "response_code": 200, "latency_ms": 2.78, "error": null, "next_backoff_s": null}
{"timestamp": 1787875603.256, "level": "INFO", "logger": "worker", "message": "delivery attempt", "worker_id": 4, "delivery_id": "19adf1cc478d4e1b", "event_id": "08efac1bf3ef43b5", "event_type": "invoice.paid", "endpoint_id": "c3f134f1e26d41bd", "attempt": 1, "success": true, "response_code": 200, "latency_ms": 2.21, "error": null, "next_backoff_s": null}
{"timestamp": 1787875603.258, "level": "INFO", "logger": "worker", "message": "delivery attempt", "worker_id": 4, "delivery_id": "2b8ecac6588d49f7", "event_id": "08efac1bf3ef43b5", "event_type": "invoice.paid", "endpoint_id": "856b21e41c3f4712", "attempt": 1, "success": true, "response_code": 200, "latency_ms": 1.55, "error": null, "next_backoff_s": null}
{"timestamp": 1787875603.81, "level": "WARNING", "logger": "worker", "message": "delivery attempt", "worker_id": 3, "delivery_id": "950c35affcd24577", "event_id": "c7a47cc4105f41ec", "event_type": "user.updated", "endpoint_id": "b21c9dc8acb441ae", "attempt": 1, "success": false, "response_code": null, "latency_ms": 602.17, "error": "timeout", "next_backoff_s": 0.42}
{"timestamp": 1787875603.814, "level": "INFO", "logger": "worker", "message": "delivery attempt", "worker_id": 3, "delivery_id": "6551ab02bd554005", "event_id": "a6d9efda90384b55", "event_type": "order.created", "endpoint_id": "c3f134f1e26d41bd", "attempt": 1, "success": true, "response_code": 200, "latency_ms": 2.89, "error": null, "next_backoff_s": null}
{"timestamp": 1787875603.817, "level": "INFO", "logger": "worker", "message": "delivery attempt", "worker_id": 3, "delivery_id": "783f0735c1d7418b", "event_id": "a6d9efda90384b55", "event_type": "order.created", "endpoint_id": "856b21e41c3f4712", "attempt": 1, "success": true, "response_code": 200, "latency_ms": 1.82, "error": null, "next_backoff_s": null}
{"timestamp": 1787875603.819, "level": "WARNING", "logger": "worker", "message": "delivery attempt", "worker_id": 3, "delivery_id": "cbaa8322bab94bb0", "event_id": "a6d9efda90384b55", "event_type": "order.created", "endpoint_id": "b21c9dc8acb441ae", "attempt": 1, "success": false, "response_code": 503, "latency_ms": 1.6, "error": "HTTP 503", "next_backoff_s": 0.38}
{"timestamp": 1787875603.821, "level": "WARNING", "logger": "worker", "message": "delivery attempt", "worker_id": 3, "delivery_id": "a0e5062720d14f42", "event_id": "a6d9efda90384b55", "event_type": "order.created", "endpoint_id": "cab6e30ee4694acd", "attempt": 1, "success": false, "response_code": 503, "latency_ms": 1.8, "error": "HTTP 503", "next_backoff_s": 0.35}
{"timestamp": 1787875603.824, "level": "INFO", "logger": "worker", "message": "delivery attempt", "worker_id": 3, "delivery_id": "e74dd2553bc64d6f", "event_id": "bc0cf45e42a74112", "event_type": "payment.succeeded", "endpoint_id": "c3f134f1e26d41bd", "attempt": 1, "success": true, "response_code": 200, "latency_ms": 1.94, "error": null, "next_backoff_s": null}
{"timestamp": 1787875603.827, "level": "INFO", "logger": "worker", "message": "delivery attempt", "worker_id": 3, "delivery_id": "3761fb4fb3b14ba6", "event_id": "bc0cf45e42a74112", "event_type": "payment.succeeded", "endpoint_id": "856b21e41c3f4712", "attempt": 1, "success": true, "response_code": 200, "latency_ms": 1.69, "error": null, "next_backoff_s": null}
{"timestamp": 1787875603.829, "level": "WARNING", "logger": "worker", "message": "delivery attempt", "worker_id": 3, "delivery_id": "8ad2f19357a04719", "event_id": "bc0cf45e42a74112", "event_type": "payment.succeeded", "endpoint_id": "b21c9dc8acb441ae", "attempt": 1, "success": false, "response_code": 503, "latency_ms": 1.81, "error": "HTTP 503", "next_backoff_s": 0.48}
{"timestamp": 1787875603.832, "level": "WARNING", "logger": "worker", "message": "delivery attempt", "worker_id": 5, "delivery_id": "bece7712ffeb4f49", "event_id": "a19dfbfcd798483f", "event_type": "payment.succeeded", "endpoint_id": "b21c9dc8acb441ae", "attempt": 1, "success": false, "response_code": null, "latency_ms": 602.34, "error": "timeout", "next_backoff_s": 0.39}
{"timestamp": 1787875603.835, "level": "WARNING", "logger": "worker", "message": "delivery attempt", "worker_id": 5, "delivery_id": "2dc65904fe754b76", "event_id": "a19dfbfcd798483f", "event_type": "payment.succeeded", "endpoint_id": "cab6e30ee4694acd", "attempt": 1, "success": false, "response_code": 503, "latency_ms": 1.51, "error": "HTTP 503", "next_backoff_s": 0.36}
{"timestamp": 1787875603.836, "level": "WARNING", "logger": "worker", "message": "delivery attempt", "worker_id": 0, "delivery_id": "ca3adbe162b84c43", "event_id": "9aec09f4cd2745d4", "event_type": "payment.failed", "endpoint_id": "cab6e30ee4694acd", "attempt": 1, "success": false, "response_code": null, "latency_ms": 601.75, "error": "timeout", "next_backoff_s": 0.46}
{"timestamp": 1787875603.839, "level": "INFO", "logger": "worker", "message": "delivery attempt", "worker_id": 5, "delivery_id": "291af9a13b2748bb", "event_id": "9aec09f4cd2745d4", "event_type": "payment.failed", "endpoint_id": "c3f134f1e26d41bd", "attempt": 1, "success": true, "response_code": 200, "latency_ms": 3.85, "error": null, "next_backoff_s": null}
{"timestamp": 1787875603.842, "level": "INFO", "logger": "worker", "message": "delivery attempt", "worker_id": 0, "delivery_id": "1b020166f40c4ef5", "event_id": "915c3db3fdf24dac", "event_type": "user.updated", "endpoint_id": "c3f134f1e26d41bd", "attempt": 1, "success": true, "response_code": 200, "latency_ms": 2.87, "error": null, "next_backoff_s": null}
{"timestamp": 1787875603.844, "level": "INFO", "logger": "worker", "message": "delivery attempt", "worker_id": 5, "delivery_id": "6a3c1623c38b4fab", "event_id": "9aec09f4cd2745d4", "event_type": "payment.failed", "endpoint_id": "856b21e41c3f4712", "attempt": 1, "success": true, "response_code": 200, "latency_ms": 3.02, "error": null, "next_backoff_s": null}
{"timestamp": 1787875603.847, "level": "INFO", "logger": "worker", "message": "delivery attempt", "worker_id": 0, "delivery_id": "64e851695c6b40f1", "event_id": "915c3db3fdf24dac", "event_type": "user.updated", "endpoint_id": "856b21e41c3f4712", "attempt": 1, "success": true, "response_code": 200, "latency_ms": 4.36, "error": null, "next_backoff_s": null}
{"timestamp": 1787875603.852, "level": "WARNING", "logger": "worker", "message": "delivery attempt", "worker_id": 2, "delivery_id": "1f781db5b1874e97", "event_id": "d052636e208f46d5", "event_type": "payment.failed", "endpoint_id": "cab6e30ee4694acd", "attempt": 1, "success": false, "response_code": null, "latency_ms": 602.06, "error": "timeout", "next_backoff_s": 0.4}
{"timestamp": 1787875603.854, "level": "INFO", "logger": "worker", "message": "delivery attempt", "worker_id": 2, "delivery_id": "08b2813cdedc436e", "event_id": "bec8f3bbbf7d492c", "event_type": "user.updated", "endpoint_id": "c3f134f1e26d41bd", "attempt": 1, "success": true, "response_code": 200, "latency_ms": 1.61, "error": null, "next_backoff_s": null}
{"timestamp": 1787875603.856, "level": "INFO", "logger": "worker", "message": "delivery attempt", "worker_id": 2, "delivery_id": "047ad17dd94946b4", "event_id": "bec8f3bbbf7d492c", "event_type": "user.updated", "endpoint_id": "856b21e41c3f4712", "attempt": 1, "success": true, "response_code": 200, "latency_ms": 1.68, "error": null, "next_backoff_s": null}
{"timestamp": 1787875603.858, "level": "WARNING", "logger": "worker", "message": "delivery attempt", "worker_id": 1, "delivery_id": "52b6710a1f144e59", "event_id": "c828f2d963e74dd2", "event_type": "invoice.paid", "endpoint_id": "cab6e30ee4694acd", "attempt": 1, "success": false, "response_code": null, "latency_ms": 601.95, "error": "timeout", "next_backoff_s": 0.47}
{"timestamp": 1787875603.861, "level": "WARNING", "logger": "worker", "message": "delivery attempt", "worker_id": 4, "delivery_id": "7d02f2f467aa4409", "event_id": "08efac1bf3ef43b5", "event_type": "invoice.paid", "endpoint_id": "b21c9dc8acb441ae", "attempt": 1, "success": false, "response_code": null, "latency_ms": 602.21, "error": "timeout", "next_backoff_s": 0.34}
{"timestamp": 1787875604.432, "level": "WARNING", "logger": "worker", "message": "delivery attempt", "worker_id": 3, "delivery_id": "949e3d71a53845b6", "event_id": "bc0cf45e42a74112", "event_type": "payment.succeeded", "endpoint_id": "cab6e30ee4694acd", "attempt": 1, "success": false, "response_code": null, "latency_ms": 601.9, "error": "timeout", "next_backoff_s": 0.32}
{"timestamp": 1787875604.435, "level": "INFO", "logger": "worker", "message": "delivery attempt", "worker_id": 3, "delivery_id": "da8e0abb61bd4b15", "event_id": "b7424acb3d7d47ff", "event_type": "payment.failed", "endpoint_id": "c3f134f1e26d41bd", "attempt": 1, "success": true, "response_code": 200, "latency_ms": 2.45, "error": null, "next_backoff_s": null}
{"timestamp": 1787875604.437, "level": "INFO", "logger": "worker", "message": "delivery attempt", "worker_id": 3, "delivery_id": "4f2f563924ec4b6e", "event_id": "b7424acb3d7d47ff", "event_type": "payment.failed", "endpoint_id": "856b21e41c3f4712", "attempt": 1, "success": true, "response_code": 200, "latency_ms": 1.75, "error": null, "next_backoff_s": null}
{"timestamp": 1787875604.44, "level": "INFO", "logger": "worker", "message": "delivery attempt", "worker_id": 3, "delivery_id": "107db73c380b4aae", "event_id": "c035925005be4a31", "event_type": "order.created", "endpoint_id": "c3f134f1e26d41bd", "attempt": 1, "success": true, "response_code": 200, "latency_ms": 1.71, "error": null, "next_backoff_s": null}
{"timestamp": 1787875604.442, "level": "INFO", "logger": "worker", "message": "delivery attempt", "worker_id": 3, "delivery_id": "cbbc013802bf483b", "event_id": "c035925005be4a31", "event_type": "order.created", "endpoint_id": "856b21e41c3f4712", "attempt": 1, "success": true, "response_code": 200, "latency_ms": 1.58, "error": null, "next_backoff_s": null}
{"timestamp": 1787875604.447, "level": "WARNING", "logger": "worker", "message": "delivery attempt", "worker_id": 5, "delivery_id": "f7a2767115ea4b66", "event_id": "b7424acb3d7d47ff", "event_type": "payment.failed", "endpoint_id": "b21c9dc8acb441ae", "attempt": 1, "success": false, "response_code": null, "latency_ms": 601.33, "error": "timeout", "next_backoff_s": 0.42}
{"timestamp": 1787875604.45, "level": "WARNING", "logger": "worker", "message": "delivery attempt", "worker_id": 0, "delivery_id": "e85a32f9064e4a40", "event_id": "915c3db3fdf24dac", "event_type": "user.updated", "endpoint_id": "b21c9dc8acb441ae", "attempt": 1, "success": false, "response_code": null, "latency_ms": 602.25, "error": "timeout", "next_backoff_s": 0.4}
{"timestamp": 1787875604.453, "level": "INFO", "logger": "worker", "message": "delivery attempt", "worker_id": 0, "delivery_id": "27b076db8afe4a50", "event_id": "b507c68f8c634b94", "event_type": "payment.succeeded", "endpoint_id": "856b21e41c3f4712", "attempt": 1, "success": true, "response_code": 200, "latency_ms": 2.24, "error": null, "next_backoff_s": null}
{"timestamp": 1787875604.455, "level": "INFO", "logger": "worker", "message": "delivery attempt", "worker_id": 0, "delivery_id": "95060b8f1eff4c2c", "event_id": "b507c68f8c634b94", "event_type": "payment.succeeded", "endpoint_id": "b21c9dc8acb441ae", "attempt": 1, "success": true, "response_code": 200, "latency_ms": 1.78, "error": null, "next_backoff_s": null}
{"timestamp": 1787875604.459, "level": "WARNING", "logger": "worker", "message": "delivery attempt", "worker_id": 2, "delivery_id": "7a83650c1d314f14", "event_id": "bec8f3bbbf7d492c", "event_type": "user.updated", "endpoint_id": "b21c9dc8acb441ae", "attempt": 1, "success": false, "response_code": null, "latency_ms": 602.43, "error": "timeout", "next_backoff_s": 0.4}
{"timestamp": 1787875604.463, "level": "WARNING", "logger": "worker", "message": "delivery attempt", "worker_id": 1, "delivery_id": "0f67c7be97cc4044", "event_id": "9f3eb05c3f13451a", "event_type": "user.updated", "endpoint_id": "cab6e30ee4694acd", "attempt": 1, "success": false, "response_code": null, "latency_ms": 601.79, "error": "timeout", "next_backoff_s": 0.49}
{"timestamp": 1787875604.464, "level": "WARNING", "logger": "worker", "message": "delivery attempt", "worker_id": 4, "delivery_id": "ded8f556fec34f11", "event_id": "08efac1bf3ef43b5", "event_type": "invoice.paid", "endpoint_id": "cab6e30ee4694acd", "attempt": 1, "success": false, "response_code": null, "latency_ms": 601.75, "error": "timeout", "next_backoff_s": 0.42}
{"timestamp": 1787875604.468, "level": "INFO", "logger": "worker", "message": "delivery attempt", "worker_id": 2, "delivery_id": "88cd06ebd5da40da", "event_id": "a5ae409eab014b26", "event_type": "payment.failed", "endpoint_id": "b21c9dc8acb441ae", "attempt": 1, "success": true, "response_code": 200, "latency_ms": 4.78, "error": null, "next_backoff_s": null}
{"timestamp": 1787875604.469, "level": "INFO", "logger": "worker", "message": "delivery attempt", "worker_id": 1, "delivery_id": "96015b6d33484f38", "event_id": "929eb33bd1e84202", "event_type": "invoice.paid", "endpoint_id": "c3f134f1e26d41bd", "attempt": 1, "success": true, "response_code": 200, "latency_ms": 3.91, "error": null, "next_backoff_s": null}
{"timestamp": 1787875604.472, "level": "WARNING", "logger": "worker", "message": "delivery attempt", "worker_id": 1, "delivery_id": "e2b0bcc14f0044f3", "event_id": "929eb33bd1e84202", "event_type": "invoice.paid", "endpoint_id": "856b21e41c3f4712", "attempt": 1, "success": false, "response_code": 503, "latency_ms": 1.62, "error": "HTTP 503", "next_backoff_s": 0.39}
{"timestamp": 1787875604.474, "level": "INFO", "logger": "worker", "message": "delivery attempt", "worker_id": 1, "delivery_id": "afeb2cbaa4f64029", "event_id": "929eb33bd1e84202", "event_type": "invoice.paid", "endpoint_id": "b21c9dc8acb441ae", "attempt": 1, "success": true, "response_code": 200, "latency_ms": 1.6, "error": null, "next_backoff_s": null}
{"timestamp": 1787875604.476, "level": "INFO", "logger": "worker", "message": "delivery attempt", "worker_id": 1, "delivery_id": "5e442c5ea7c74a69", "event_id": "929eb33bd1e84202", "event_type": "invoice.paid", "endpoint_id": "cab6e30ee4694acd", "attempt": 1, "success": true, "response_code": 200, "latency_ms": 1.68, "error": null, "next_backoff_s": null}
{"timestamp": 1787875604.478, "level": "INFO", "logger": "worker", "message": "delivery attempt", "worker_id": 1, "delivery_id": "eabba4d2d9dc434e", "event_id": "9ea380fa998f418f", "event_type": "order.created", "endpoint_id": "c3f134f1e26d41bd", "attempt": 1, "success": true, "response_code": 200, "latency_ms": 1.53, "error": null, "next_backoff_s": null}
{"timestamp": 1787875604.481, "level": "INFO", "logger": "worker", "message": "delivery attempt", "worker_id": 1, "delivery_id": "e20e5d68f42c4adb", "event_id": "9ea380fa998f418f", "event_type": "order.created", "endpoint_id": "856b21e41c3f4712", "attempt": 1, "success": true, "response_code": 200, "latency_ms": 1.66, "error": null, "next_backoff_s": null}
{"timestamp": 1787875604.483, "level": "INFO", "logger": "worker", "message": "delivery attempt", "worker_id": 1, "delivery_id": "62f88630389a44c7", "event_id": "9ea380fa998f418f", "event_type": "order.created", "endpoint_id": "b21c9dc8acb441ae", "attempt": 1, "success": true, "response_code": 200, "latency_ms": 1.58, "error": null, "next_backoff_s": null}
{"timestamp": 1787875605.045, "level": "WARNING", "logger": "worker", "message": "delivery attempt", "worker_id": 3, "delivery_id": "9f7750b5c8274760", "event_id": "c035925005be4a31", "event_type": "order.created", "endpoint_id": "b21c9dc8acb441ae", "attempt": 1, "success": false, "response_code": null, "latency_ms": 601.9, "error": "timeout", "next_backoff_s": 0.4}
{"timestamp": 1787875605.05, "level": "WARNING", "logger": "worker", "message": "delivery attempt", "worker_id": 5, "delivery_id": "4dc78d331d3b4455", "event_id": "b7424acb3d7d47ff", "event_type": "payment.failed", "endpoint_id": "cab6e30ee4694acd", "attempt": 1, "success": false, "response_code": null, "latency_ms": 601.5, "error": "timeout", "next_backoff_s": 0.49}
{"timestamp": 1787875605.053, "level": "INFO", "logger": "worker", "message": "delivery attempt", "worker_id": 5, "delivery_id": "82b4970146e84bd5", "event_id": "9f3eb05c3f13451a", "event_type": "user.updated", "endpoint_id": "c3f134f1e26d41bd", "attempt": 1, "success": true, "response_code": 200, "latency_ms": 2.38, "error": null, "next_backoff_s": null}
{"timestamp": 1787875605.059, "level": "WARNING", "logger": "worker", "message": "delivery attempt", "worker_id": 0, "delivery_id": "686173c8d90e4384", "event_id": "b507c68f8c634b94", "event_type": "payment.succeeded", "endpoint_id": "cab6e30ee4694acd", "attempt": 1, "success": false, "response_code": null, "latency_ms": 602.28, "error": "timeout", "next_backoff_s": 0.48}
{"timestamp": 1787875605.062, "level": "INFO", "logger": "worker", "message": "delivery attempt", "worker_id": 0, "delivery_id": "c21cc7c6854c4d9a", "event_id": "a5ae409eab014b26", "event_type": "payment.failed", "endpoint_id": "c3f134f1e26d41bd", "attempt": 1, "success": true, "response_code": 200, "latency_ms": 2.1, "error": null, "next_backoff_s": null}
{"timestamp": 1787875605.064, "level": "INFO", "logger": "worker", "message": "delivery attempt", "worker_id": 0, "delivery_id": "f845bc563c24457a", "event_id": "a5ae409eab014b26", "event_type": "payment.failed", "endpoint_id": "856b21e41c3f4712", "attempt": 1, "success": true, "response_code": 200, "latency_ms": 2.06, "error": null, "next_backoff_s": null}
{"timestamp": 1787875605.067, "level": "INFO", "logger": "worker", "message": "delivery attempt", "worker_id": 0, "delivery_id": "8582522be55b4f9f", "event_id": "75fdbd26f4934bae", "event_type": "payment.succeeded", "endpoint_id": "856b21e41c3f4712", "attempt": 1, "success": true, "response_code": 200, "latency_ms": 1.63, "error": null, "next_backoff_s": null}
{"timestamp": 1787875605.069, "level": "WARNING", "logger": "worker", "message": "delivery attempt", "worker_id": 4, "delivery_id": "eabd1d88ac244685", "event_id": "bd728637804f4a2c", "event_type": "user.updated", "endpoint_id": "cab6e30ee4694acd", "attempt": 1, "success": false, "response_code": null, "latency_ms": 601.27, "error": "timeout", "next_backoff_s": 0.34}
{"timestamp": 1787875605.071, "level": "WARNING", "logger": "worker", "message": "delivery attempt", "worker_id": 2, "delivery_id": "e89e4fb89dc54467", "event_id": "a5ae409eab014b26", "event_type": "payment.failed", "endpoint_id": "cab6e30ee4694acd", "attempt": 1, "success": false, "response_code": null, "latency_ms": 601.89, "error": "timeout", "next_backoff_s": 0.39}
{"timestamp": 1787875605.074, "level": "INFO", "logger": "worker", "message": "delivery attempt", "worker_id": 4, "delivery_id": "2c39b8033d64448b", "event_id": "846764778e514346", "event_type": "invoice.paid", "endpoint_id": "c3f134f1e26d41bd", "attempt": 1, "success": true, "response_code": 200, "latency_ms": 3.49, "error": null, "next_backoff_s": null}
{"timestamp": 1787875605.076, "level": "INFO", "logger": "worker", "message": "delivery attempt", "worker_id": 2, "delivery_id": "0bc881b9d23c49f4", "event_id": "bd728637804f4a2c", "event_type": "user.updated", "endpoint_id": "c3f134f1e26d41bd", "attempt": 1, "success": true, "response_code": 200, "latency_ms": 3.13, "error": null, "next_backoff_s": null}
{"timestamp": 1787875605.078, "level": "WARNING", "logger": "worker", "message": "delivery attempt", "worker_id": 4, "delivery_id": "ae56a89500694085", "event_id": "846764778e514346", "event_type": "invoice.paid", "endpoint_id": "856b21e41c3f4712", "attempt": 1, "success": false, "response_code": 503, "latency_ms": 2.29, "error": "HTTP 503", "next_backoff_s": 0.41}
{"timestamp": 1787875605.081, "level": "INFO", "logger": "worker", "message": "delivery attempt", "worker_id": 2, "delivery_id": "783c89191d4c4241", "event_id": "bd728637804f4a2c", "event_type": "user.updated", "endpoint_id": "856b21e41c3f4712", "attempt": 1, "success": true, "response_code": 200, "latency_ms": 2.77, "error": null, "next_backoff_s": null}
{"timestamp": 1787875605.083, "level": "WARNING", "logger": "worker", "message": "delivery attempt", "worker_id": 4, "delivery_id": "20695921457b449b", "event_id": "846764778e514346", "event_type": "invoice.paid", "endpoint_id": "b21c9dc8acb441ae", "attempt": 1, "success": false, "response_code": 503, "latency_ms": 2.57, "error": "HTTP 503", "next_backoff_s": 0.33}
{"timestamp": 1787875605.084, "level": "WARNING", "logger": "worker", "message": "delivery attempt", "worker_id": 2, "delivery_id": "3be18c695daa47ac", "event_id": "bd728637804f4a2c", "event_type": "user.updated", "endpoint_id": "b21c9dc8acb441ae", "attempt": 1, "success": false, "response_code": 503, "latency_ms": 1.6, "error": "HTTP 503", "next_backoff_s": 0.33}
{"timestamp": 1787875605.087, "level": "WARNING", "logger": "worker", "message": "delivery attempt", "worker_id": 1, "delivery_id": "1d19480b3a794fa7", "event_id": "9ea380fa998f418f", "event_type": "order.created", "endpoint_id": "cab6e30ee4694acd", "attempt": 1, "success": false, "response_code": null, "latency_ms": 601.73, "error": "timeout", "next_backoff_s": 0.34}
{"timestamp": 1787875605.089, "level": "INFO", "logger": "worker", "message": "delivery attempt", "worker_id": 1, "delivery_id": "58013c1868b8416f", "event_id": "75fdbd26f4934bae", "event_type": "payment.succeeded", "endpoint_id": "c3f134f1e26d41bd", "attempt": 1, "success": true, "response_code": 200, "latency_ms": 2.02, "error": null, "next_backoff_s": null}
{"timestamp": 1787875605.091, "level": "INFO", "logger": "worker", "message": "delivery attempt", "worker_id": 0, "delivery_id": "f6cb063fb3ee4d16", "event_id": "75fdbd26f4934bae", "event_type": "payment.succeeded", "endpoint_id": "b21c9dc8acb441ae", "attempt": 1, "success": true, "response_code": 200, "latency_ms": 3.14, "error": null, "next_backoff_s": null}
{"timestamp": 1787875605.648, "level": "WARNING", "logger": "worker", "message": "delivery attempt", "worker_id": 3, "delivery_id": "358647e363e644b5", "event_id": "c035925005be4a31", "event_type": "order.created", "endpoint_id": "cab6e30ee4694acd", "attempt": 1, "success": false, "response_code": null, "latency_ms": 602.01, "error": "timeout", "next_backoff_s": 0.35}
{"timestamp": 1787875605.652, "level": "INFO", "logger": "worker", "message": "delivery attempt", "worker_id": 3, "delivery_id": "463fb3ffced84118", "event_id": "b507c68f8c634b94", "event_type": "payment.succeeded", "endpoint_id": "c3f134f1e26d41bd", "attempt": 1, "success": true, "response_code": 200, "latency_ms": 2.87, "error": null, "next_backoff_s": null}
{"timestamp": 1787875605.654, "level": "INFO", "logger": "worker", "message": "delivery attempt", "worker_id": 3, "delivery_id": "5ec046f581184205", "event_id": "237b62208458455a", "event_type": "order.created", "endpoint_id": "c3f134f1e26d41bd", "attempt": 1, "success": true, "response_code": 200, "latency_ms": 1.77, "error": null, "next_backoff_s": null}
{"timestamp": 1787875605.655, "level": "WARNING", "logger": "worker", "message": "delivery attempt", "worker_id": 5, "delivery_id": "d4f111c216114793", "event_id": "9f3eb05c3f13451a", "event_type": "user.updated", "endpoint_id": "856b21e41c3f4712", "attempt": 1, "success": false, "response_code": null, "latency_ms": 601.58, "error": "timeout", "next_backoff_s": 0.38}
{"timestamp": 1787875605.658, "level": "INFO", "logger": "worker", "message": "delivery attempt", "worker_id": 3, "delivery_id": "e5782b262eee420f", "event_id": "237b62208458455a", "event_type": "order.created", "endpoint_id": "856b21e41c3f4712", "attempt": 1, "success": true, "response_code": 200, "latency_ms": 3.22, "error": null, "next_backoff_s": null}
{"timestamp": 1787875605.686, "level": "WARNING", "logger": "worker", "message": "delivery attempt", "worker_id": 4, "delivery_id": "ee79df9c9c8b4442", "event_id": "846764778e514346", "event_type": "invoice.paid", "endpoint_id": "cab6e30ee4694acd", "attempt": 1, "success": false, "response_code": null, "latency_ms": 602.36, "error": "timeout", "next_backoff_s": 0.43}
{"timestamp": 1787875605.688, "level": "WARNING", "logger": "worker", "message": "delivery attempt", "worker_id": 2, "delivery_id": "91be3b51be814126", "event_id": "58adddd638df446d", "event_type": "payment.failed", "endpoint_id": "b21c9dc8acb441ae", "attempt": 1, "success": false, "response_code": null, "latency_ms": 601.53, "error": "timeout", "next_backoff_s": 0.4}
{"timestamp": 1787875605.691, "level": "WARNING", "logger": "worker", "message": "delivery attempt", "worker_id": 2, "delivery_id": "bd2db11436a643e0", "event_id": "58adddd638df446d", "event_type": "payment.failed", "endpoint_id": "cab6e30ee4694acd", "attempt": 1, "success": false, "response_code": 503, "latency_ms": 1.9, "error": "HTTP 503", "next_backoff_s": 0.47}
{"timestamp": 1787875605.694, "level": "WARNING", "logger": "worker", "message": "delivery attempt", "worker_id": 1, "delivery_id": "486d7051e41b4f26", "event_id": "2ad73a3707a64b65", "event_type": "user.updated", "endpoint_id": "cab6e30ee4694acd", "attempt": 1, "success": false, "response_code": null, "latency_ms": 601.2, "error": "timeout", "next_backoff_s": 0.48}
{"timestamp": 1787875605.695, "level": "WARNING", "logger": "worker", "message": "delivery attempt", "worker_id": 0, "delivery_id": "a4816cb0b4624b4d", "event_id": "75fdbd26f4934bae", "event_type": "payment.succeeded", "endpoint_id": "cab6e30ee4694acd", "attempt": 1, "success": false, "response_code": null, "latency_ms": 601.38, "error": "timeout", "next_backoff_s": 0.5}
{"timestamp": 1787875605.698, "level": "INFO", "logger": "worker", "message": "delivery attempt", "worker_id": 1, "delivery_id": "70d3e221797345f6", "event_id": "65c1981c54224dd1", "event_type": "invoice.paid", "endpoint_id": "c3f134f1e26d41bd", "attempt": 1, "success": true, "response_code": 200, "latency_ms": 2.67, "error": null, "next_backoff_s": null}
{"timestamp": 1787875605.7, "level": "INFO", "logger": "worker", "message": "delivery attempt", "worker_id": 0, "delivery_id": "6fdeb9f14f6048ae", "event_id": "58adddd638df446d", "event_type": "payment.failed", "endpoint_id": "c3f134f1e26d41bd", "attempt": 1, "success": true, "response_code": 200, "latency_ms": 3.43, "error": null, "next_backoff_s": null}
{"timestamp": 1787875605.703, "level": "INFO", "logger": "worker", "message": "delivery attempt", "worker_id": 1, "delivery_id": "8c8e410000ec4837", "event_id": "65c1981c54224dd1", "event_type": "invoice.paid", "endpoint_id": "856b21e41c3f4712", "attempt": 1, "success": true, "response_code": 200, "latency_ms": 3.36, "error": null, "next_backoff_s": null}
{"timestamp": 1787875605.704, "level": "WARNING", "logger": "worker", "message": "delivery attempt", "worker_id": 0, "delivery_id": "55142f7cecaf4968", "event_id": "58adddd638df446d", "event_type": "payment.failed", "endpoint_id": "856b21e41c3f4712", "attempt": 1, "success": false, "response_code": 503, "latency_ms": 2.11, "error": "HTTP 503", "next_backoff_s": 0.41}
{"timestamp": 1787875605.707, "level": "INFO", "logger": "worker", "message": "delivery attempt", "worker_id": 0, "delivery_id": "6d4e92182705442e", "event_id": "ccf6a2e259204901", "event_type": "payment.failed", "endpoint_id": "b21c9dc8acb441ae", "attempt": 1, "success": true, "response_code": 200, "latency_ms": 1.69, "error": null, "next_backoff_s": null}
{"timestamp": 1787875605.709, "level": "INFO", "logger": "worker", "message": "delivery attempt", "worker_id": 0, "delivery_id": "125f503fc3974f3a", "event_id": "ccf6a2e259204901", "event_type": "payment.failed", "endpoint_id": "cab6e30ee4694acd", "attempt": 1, "success": true, "response_code": 200, "latency_ms": 1.66, "error": null, "next_backoff_s": null}
{"timestamp": 1787875605.711, "level": "INFO", "logger": "worker", "message": "delivery attempt", "worker_id": 0, "delivery_id": "82d239993b4c48e2", "event_id": "fbb64f0cb95742a4", "event_type": "user.updated", "endpoint_id": "c3f134f1e26d41bd", "attempt": 1, "success": true, "response_code": 200, "latency_ms": 1.54, "error": null, "next_backoff_s": null}
{"timestamp": 1787875605.713, "level": "INFO", "logger": "worker", "message": "delivery attempt", "worker_id": 2, "delivery_id": "c24359efc7424c37", "event_id": "2ad73a3707a64b65", "event_type": "user.updated", "endpoint_id": "c3f134f1e26d41bd", "attempt": 1, "success": true, "response_code": 200, "latency_ms": 1.96, "error": null, "next_backoff_s": null}
{"timestamp": 1787875605.715, "level": "INFO", "logger": "worker", "message": "delivery attempt", "worker_id": 0, "delivery_id": "7218162ee15a4578", "event_id": "fbb64f0cb95742a4", "event_type": "user.updated", "endpoint_id": "856b21e41c3f4712", "attempt": 1, "success": true, "response_code": 200, "latency_ms": 2.62, "error": null, "next_backoff_s": null}
{"timestamp": 1787875605.717, "level": "WARNING", "logger": "worker", "message": "delivery attempt", "worker_id": 2, "delivery_id": "29211e956088497f", "event_id": "2ad73a3707a64b65", "event_type": "user.updated", "endpoint_id": "856b21e41c3f4712", "attempt": 1, "success": false, "response_code": 503, "latency_ms": 2.82, "error": "HTTP 503", "next_backoff_s": 0.38}
{"timestamp": 1787875605.72, "level": "INFO", "logger": "worker", "message": "delivery attempt", "worker_id": 0, "delivery_id": "6c10b64ed3654ccd", "event_id": "fbb64f0cb95742a4", "event_type": "user.updated", "endpoint_id": "b21c9dc8acb441ae", "attempt": 1, "success": true, "response_code": 200, "latency_ms": 2.19, "error": null, "next_backoff_s": null}
{"timestamp": 1787875605.721, "level": "WARNING", "logger": "worker", "message": "delivery attempt", "worker_id": 2, "delivery_id": "7faa3c015a93441f", "event_id": "2ad73a3707a64b65", "event_type": "user.updated", "endpoint_id": "b21c9dc8acb441ae", "attempt": 1, "success": false, "response_code": 503, "latency_ms": 1.77, "error": "HTTP 503", "next_backoff_s": 0.37}
{"timestamp": 1787875605.725, "level": "INFO", "logger": "worker", "message": "delivery attempt", "worker_id": 0, "delivery_id": "f850504d184941b3", "event_id": "fbb64f0cb95742a4", "event_type": "user.updated", "endpoint_id": "cab6e30ee4694acd", "attempt": 1, "success": true, "response_code": 200, "latency_ms": 2.13, "error": null, "next_backoff_s": null}
{"timestamp": 1787875605.728, "level": "INFO", "logger": "worker", "message": "delivery attempt", "worker_id": 2, "delivery_id": "0120fba0d4c946af", "event_id": "1e38a715ed6c4e8a", "event_type": "order.created", "endpoint_id": "c3f134f1e26d41bd", "attempt": 1, "success": true, "response_code": 200, "latency_ms": 2.44, "error": null, "next_backoff_s": null}
{"timestamp": 1787875605.73, "level": "INFO", "logger": "worker", "message": "delivery attempt", "worker_id": 0, "delivery_id": "61cedf2aa9514e67", "event_id": "1e854eab3b114f03", "event_type": "invoice.paid", "endpoint_id": "c3f134f1e26d41bd", "attempt": 1, "success": true, "response_code": 200, "latency_ms": 3.35, "error": null, "next_backoff_s": null}
{"timestamp": 1787875605.732, "level": "INFO", "logger": "worker", "message": "delivery attempt", "worker_id": 2, "delivery_id": "0bac8c1f6e804592", "event_id": "1e38a715ed6c4e8a", "event_type": "order.created", "endpoint_id": "856b21e41c3f4712", "attempt": 1, "success": true, "response_code": 200, "latency_ms": 3.41, "error": null, "next_backoff_s": null}
{"timestamp": 1787875605.735, "level": "INFO", "logger": "worker", "message": "delivery attempt", "worker_id": 0, "delivery_id": "7fd7b2c89c97452f", "event_id": "1e854eab3b114f03", "event_type": "invoice.paid", "endpoint_id": "856b21e41c3f4712", "attempt": 1, "success": true, "response_code": 200, "latency_ms": 3.61, "error": null, "next_backoff_s": null}
{"timestamp": 1787875605.737, "level": "WARNING", "logger": "worker", "message": "delivery attempt", "worker_id": 2, "delivery_id": "70ab16d4948746f8", "event_id": "1e38a715ed6c4e8a", "event_type": "order.created", "endpoint_id": "b21c9dc8acb441ae", "attempt": 1, "success": false, "response_code": 503, "latency_ms": 2.22, "error": "HTTP 503", "next_backoff_s": 0.39}
{"timestamp": 1787875605.739, "level": "INFO", "logger": "worker", "message": "delivery attempt", "worker_id": 2, "delivery_id": "0f2565941b9642ce", "event_id": "1e38a715ed6c4e8a", "event_type": "order.created", "endpoint_id": "cab6e30ee4694acd", "attempt": 1, "success": true, "response_code": 200, "latency_ms": 1.62, "error": null, "next_backoff_s": null}
{"timestamp": 1787875605.741, "level": "INFO", "logger": "worker", "message": "delivery attempt", "worker_id": 2, "delivery_id": "92e004b876054ace", "event_id": "5760a8ba29c64a82", "event_type": "payment.succeeded", "endpoint_id": "c3f134f1e26d41bd", "attempt": 1, "success": true, "response_code": 200, "latency_ms": 1.46, "error": null, "next_backoff_s": null}
{"timestamp": 1787875605.744, "level": "INFO", "logger": "worker", "message": "delivery attempt", "worker_id": 2, "delivery_id": "96cf601b93dd4708", "event_id": "5760a8ba29c64a82", "event_type": "payment.succeeded", "endpoint_id": "856b21e41c3f4712", "attempt": 1, "success": true, "response_code": 200, "latency_ms": 1.71, "error": null, "next_backoff_s": null}
{"timestamp": 1787875605.746, "level": "WARNING", "logger": "worker", "message": "delivery attempt", "worker_id": 2, "delivery_id": "7e1c1076fc3449c8", "event_id": "5760a8ba29c64a82", "event_type": "payment.succeeded", "endpoint_id": "b21c9dc8acb441ae", "attempt": 1, "success": false, "response_code": 503, "latency_ms": 1.46, "error": "HTTP 503", "next_backoff_s": 0.36}
{"timestamp": 1787875606.258, "level": "WARNING", "logger": "worker", "message": "delivery attempt", "worker_id": 5, "delivery_id": "a764ab49f9d14834", "event_id": "9f3eb05c3f13451a", "event_type": "user.updated", "endpoint_id": "b21c9dc8acb441ae", "attempt": 1, "success": false, "response_code": null, "latency_ms": 601.38, "error": "timeout", "next_backoff_s": 0.36}
{"timestamp": 1787875606.262, "level": "WARNING", "logger": "worker", "message": "delivery attempt", "worker_id": 3, "delivery_id": "b36436e376cc4b0c", "event_id": "237b62208458455a", "event_type": "order.created", "endpoint_id": "b21c9dc8acb441ae", "attempt": 1, "success": false, "response_code": null, "latency_ms": 602.17, "error": "timeout", "next_backoff_s": 0.48}
{"timestamp": 1787875606.264, "level": "INFO", "logger": "worker", "message": "delivery attempt", "worker_id": 5, "delivery_id": "3676aec038cb4c36", "event_id": "a03128372fef424c", "event_type": "payment.failed", "endpoint_id": "b21c9dc8acb441ae", "attempt": 1, "success": true, "response_code": 200, "latency_ms": 2.86, "error": null, "next_backoff_s": null}
{"timestamp": 1787875606.29, "level": "WARNING", "logger": "worker", "message": "delivery attempt", "worker_id": 4, "delivery_id": "de877ebcc16c42f2", "event_id": "b467dd870d01401d", "event_type": "payment.succeeded", "endpoint_id": "856b21e41c3f4712", "attempt": 1, "success": false, "response_code": null, "latency_ms": 602.1, "error": "timeout", "next_backoff_s": 0.46}
{"timestamp": 1787875606.294, "level": "INFO", "logger": "worker", "message": "delivery attempt", "worker_id": 4, "delivery_id": "895e365d52334604", "event_id": "b467dd870d01401d", "event_type": "payment.succeeded", "endpoint_id": "b21c9dc8acb441ae", "attempt": 1, "success": true, "response_code": 200, "latency_ms": 3.2, "error": null, "next_backoff_s": null}
{"timestamp": 1787875606.296, "level": "WARNING", "logger": "worker", "message": "delivery attempt", "worker_id": 4, "delivery_id": "69320a77fe284f36", "event_id": "b467dd870d01401d", "event_type": "payment.succeeded", "endpoint_id": "cab6e30ee4694acd", "attempt": 1, "success": false, "response_code": 503, "latency_ms": 1.85, "error": "HTTP 503", "next_backoff_s": 0.48}
{"timestamp": 1787875606.299, "level": "INFO", "logger": "worker", "message": "delivery attempt", "worker_id": 4, "delivery_id": "766be7a03920453c", "event_id": "ccf6a2e259204901", "event_type": "payment.failed", "endpoint_id": "c3f134f1e26d41bd", "attempt": 1, "success": true, "response_code": 200, "latency_ms": 1.74, "error": null, "next_backoff_s": null}
{"timestamp": 1787875606.301, "level": "INFO", "logger": "worker", "message": "delivery attempt", "worker_id": 4, "delivery_id": "57e4bb04f48242a6", "event_id": "ccf6a2e259204901", "event_type": "payment.failed", "endpoint_id": "856b21e41c3f4712", "attempt": 1, "success": true, "response_code": 200, "latency_ms": 1.71, "error": null, "next_backoff_s": null}
{"timestamp": 1787875606.304, "level": "WARNING", "logger": "worker", "message": "delivery attempt", "worker_id": 4, "delivery_id": "6c4e1fe97b1f42b9", "event_id": "61e78a022d074db6", "event_type": "user.updated", "endpoint_id": "cab6e30ee4694acd", "attempt": 1, "success": false, "response_code": 503, "latency_ms": 1.74, "error": "HTTP 503", "next_backoff_s": 0.38}
{"timestamp": 1787875606.307, "level": "WARNING", "logger": "worker", "message": "delivery attempt", "worker_id": 1, "delivery_id": "afc54c83532e40a9", "event_id": "65c1981c54224dd1", "event_type": "invoice.paid", "endpoint_id": "b21c9dc8acb441ae", "attempt": 1, "success": false, "response_code": null, "latency_ms": 602.4, "error": "timeout", "next_backoff_s": 0.32}
{"timestamp": 1787875606.309, "level": "INFO", "logger": "worker", "message": "delivery attempt", "worker_id": 4, "delivery_id": "4f9986db0b9f4570", "event_id": "4aea471bb4bb4de7", "event_type": "invoice.paid", "endpoint_id": "c3f134f1e26d41bd", "attempt": 1, "success": true, "response_code": 200, "latency_ms": 2.07, "error": null, "next_backoff_s": null}
{"timestamp": 1787875606.31, "level": "INFO", "logger": "worker", "message": "delivery attempt", "worker_id": 1, "delivery_id": "eab4089b1b934a75", "event_id": "65c1981c54224dd1", "event_type": "invoice.paid", "endpoint_id": "cab6e30ee4694acd", "attempt": 1, "success": true, "response_code": 200, "latency_ms": 1.84, "error": null, "next_backoff_s": null}
{"timestamp": 1787875606.313, "level": "INFO", "logger": "worker", "message": "delivery attempt", "worker_id": 4, "delivery_id": "2f31daa9ae83475e", "event_id": "4aea471bb4bb4de7", "event_type": "invoice.paid", "endpoint_id": "856b21e41c3f4712", "attempt": 1, "success": true, "response_code": 200, "latency_ms": 2.17, "error": null, "next_backoff_s": null}
{"timestamp": 1787875606.315, "level": "INFO", "logger": "worker", "message": "delivery attempt", "worker_id": 1, "delivery_id": "ccc3e4437717415c", "event_id": "e2401b80b7964afb", "event_type": "order.created", "endpoint_id": "c3f134f1e26d41bd", "attempt": 1, "success": true, "response_code": 200, "latency_ms": 2.69, "error": null, "next_backoff_s": null}
{"timestamp": 1787875606.317, "level": "INFO", "logger": "worker", "message": "delivery attempt", "worker_id": 1, "delivery_id": "a855395af18e4309", "event_id": "e2401b80b7964afb", "event_type": "order.created", "endpoint_id": "856b21e41c3f4712", "attempt": 1, "success": true, "response_code": 200, "latency_ms": 1.57, "error": null, "next_backoff_s": null}
{"timestamp": 1787875606.338, "level": "WARNING", "logger": "worker", "message": "delivery attempt", "worker_id": 0, "delivery_id": "0136637ac98e49af", "event_id": "1e854eab3b114f03", "event_type": "invoice.paid", "endpoint_id": "b21c9dc8acb441ae", "attempt": 1, "success": false, "response_code": null, "latency_ms": 602.01, "error": "timeout", "next_backoff_s": 0.48}
{"timestamp": 1787875606.34, "level": "WARNING", "logger": "worker", "message": "delivery attempt", "worker_id": 0, "delivery_id": "a002ec64a9f54c20", "event_id": "1e854eab3b114f03", "event_type": "invoice.paid", "endpoint_id": "cab6e30ee4694acd", "attempt": 1, "success": false, "response_code": 503, "latency_ms": 1.64, "error": "HTTP 503", "next_backoff_s": 0.39}
{"timestamp": 1787875606.343, "level": "INFO", "logger": "worker", "message": "delivery attempt", "worker_id": 0, "delivery_id": "e1e53dc1345549a5", "event_id": "823788a871cb4cbf", "event_type": "payment.succeeded", "endpoint_id": "856b21e41c3f4712", "attempt": 1, "success": true, "response_code": 200, "latency_ms": 1.63, "error": null, "next_backoff_s": null}
{"timestamp": 1787875606.345, "level": "INFO", "logger": "worker", "message": "delivery attempt", "worker_id": 0, "delivery_id": "229470a2f93840c2", "event_id": "823788a871cb4cbf", "event_type": "payment.succeeded", "endpoint_id": "b21c9dc8acb441ae", "attempt": 1, "success": true, "response_code": 200, "latency_ms": 1.81, "error": null, "next_backoff_s": null}
{"timestamp": 1787875606.348, "level": "WARNING", "logger": "worker", "message": "delivery attempt", "worker_id": 2, "delivery_id": "47e579c350d9462d", "event_id": "5760a8ba29c64a82", "event_type": "payment.succeeded", "endpoint_id": "cab6e30ee4694acd", "attempt": 1, "success": false, "response_code": null, "latency_ms": 601.19, "error": "timeout", "next_backoff_s": 0.35}
{"timestamp": 1787875606.35, "level": "INFO", "logger": "worker", "message": "delivery attempt", "worker_id": 2, "delivery_id": "fd40e9907eb44b50", "event_id": "a03128372fef424c", "event_type": "payment.failed", "endpoint_id": "c3f134f1e26d41bd", "attempt": 1, "success": true, "response_code": 200, "latency_ms": 1.7, "error": null, "next_backoff_s": null}
{"timestamp": 1787875606.352, "level": "INFO", "logger": "worker", "message": "delivery attempt", "worker_id": 2, "delivery_id": "ab007ab9cf4b4a97", "event_id": "a03128372fef424c", "event_type": "payment.failed", "endpoint_id": "856b21e41c3f4712", "attempt": 1, "success": true, "response_code": 200, "latency_ms": 1.78, "error": null, "next_backoff_s": null}
{"timestamp": 1787875606.865, "level": "WARNING", "logger": "worker", "message": "delivery attempt", "worker_id": 3, "delivery_id": "a653b5ec81444dcb", "event_id": "237b62208458455a", "event_type": "order.created", "endpoint_id": "cab6e30ee4694acd", "attempt": 1, "success": false, "response_code": null, "latency_ms": 602.01, "error": "timeout", "next_backoff_s": 0.31}
{"timestamp": 1787875606.868, "level": "WARNING", "logger": "worker", "message": "delivery attempt", "worker_id": 5, "delivery_id": "e6e9c690635344a8", "event_id": "a03128372fef424c", "event_type": "payment.failed", "endpoint_id": "cab6e30ee4694acd", "attempt": 1, "success": false, "response_code": null, "latency_ms": 601.93, "error": "timeout", "next_backoff_s": 0.45}
{"timestamp": 1787875606.869, "level": "INFO", "logger": "worker", "message": "delivery attempt", "worker_id": 3, "delivery_id": "23a60f4fefeb442f", "event_id": "b467dd870d01401d", "event_type": "payment.succeeded", "endpoint_id": "c3f134f1e26d41bd", "attempt": 1, "success": true, "response_code": 200, "latency_ms": 3.39, "error": null, "next_backoff_s": null}
{"timestamp": 1787875606.872, "level": "INFO", "logger": "worker", "message": "delivery attempt", "worker_id": 5, "delivery_id": "3f047ebcc403462f", "event_id": "61e78a022d074db6", "event_type": "user.updated", "endpoint_id": "c3f134f1e26d41bd", "attempt": 1, "success": true, "response_code": 200, "latency_ms": 3.25, "error": null, "next_backoff_s": null}
{"timestamp": 1787875606.875, "level": "WARNING", "logger": "worker", "message": "delivery attempt", "worker_id": 3, "delivery_id": "824621bfc807428a", "event_id": "6a587cab887d4761", "event_type": "user.updated", "endpoint_id": "cab6e30ee4694acd", "attempt": 1, "success": false, "response_code": 503, "latency_ms": 2.17, "error": "HTTP 503", "next_backoff_s": 0.32}
{"timestamp": 1787875606.876, "level": "INFO", "logger": "worker", "message": "delivery attempt", "worker_id": 5, "delivery_id": "ba0f77a7afad4f56", "event_id": "61e78a022d074db6", "event_type": "user.updated", "endpoint_id": "856b21e41c3f4712", "attempt": 1, "success": true, "response_code": 200, "latency_ms": 2.82, "error": null, "next_backoff_s": null}
{"timestamp": 1787875606.879, "level": "INFO", "logger": "worker", "message": "delivery attempt", "worker_id": 3, "delivery_id": "40a9538c31804217", "event_id": "581c4aff685f4626", "event_type": "invoice.paid", "endpoint_id": "c3f134f1e26d41bd", "attempt": 1, "success": true, "response_code": 200, "latency_ms": 3.58, "error": null, "next_backoff_s": null}
{"timestamp": 1787875606.881, "level": "INFO", "logger": "worker", "message": "delivery attempt", "worker_id": 5, "delivery_id": "cb391acf766e4e31", "event_id": "61e78a022d074db6", "event_type": "user.updated", "endpoint_id": "b21c9dc8acb441ae", "attempt": 1, "success": true, "response_code": 200, "latency_ms": 2.65, "error": null, "next_backoff_s": null}
{"timestamp": 1787875606.883, "level": "WARNING", "logger": "worker", "message": "delivery attempt", "worker_id": 3, "delivery_id": "b10536170af14a82", "event_id": "581c4aff685f4626", "event_type": "invoice.paid", "endpoint_id": "856b21e41c3f4712", "attempt": 1, "success": false, "response_code": 503, "latency_ms": 1.64, "error": "HTTP 503", "next_backoff_s": 0.3}
{"timestamp": 1787875606.885, "level": "INFO", "logger": "worker", "message": "delivery attempt", "worker_id": 5, "delivery_id": "34fc525918294d10", "event_id": "58ab4b75dcbe4cc6", "event_type": "order.created", "endpoint_id": "c3f134f1e26d41bd", "attempt": 1, "success": true, "response_code": 200, "latency_ms": 2.6, "error": null, "next_backoff_s": null}
{"timestamp": 1787875606.887, "level": "WARNING", "logger": "worker", "message": "delivery attempt", "worker_id": 5, "delivery_id": "04db2227c9624dbe", "event_id": "58ab4b75dcbe4cc6", "event_type": "order.created", "endpoint_id": "856b21e41c3f4712", "attempt": 1, "success": false, "response_code": 503, "latency_ms": 1.49, "error": "HTTP 503", "next_backoff_s": 0.41}
{"timestamp": 1787875606.89, "level": "INFO", "logger": "worker", "message": "delivery attempt", "worker_id": 5, "delivery_id": "bc2db72534bb46e1", "event_id": "58ab4b75dcbe4cc6", "event_type": "order.created", "endpoint_id": "b21c9dc8acb441ae", "attempt": 1, "success": true, "response_code": 200, "latency_ms": 2.08, "error": null, "next_backoff_s": null}
{"timestamp": 1787875606.892, "level": "WARNING", "logger": "worker", "message": "delivery attempt", "worker_id": 5, "delivery_id": "3d9aadcfc184481a", "event_id": "58ab4b75dcbe4cc6", "event_type": "order.created", "endpoint_id": "cab6e30ee4694acd", "attempt": 1, "success": false, "response_code": 503, "latency_ms": 1.64, "error": "HTTP 503", "next_backoff_s": 0.43}
{"timestamp": 1787875606.894, "level": "INFO", "logger": "worker", "message": "delivery attempt", "worker_id": 5, "delivery_id": "4c98b2e83b9a4de2", "event_id": "f62fb21d0ced4399", "event_type": "payment.succeeded", "endpoint_id": "c3f134f1e26d41bd", "attempt": 1, "success": true, "response_code": 200, "latency_ms": 1.63, "error": null, "next_backoff_s": null}
{"timestamp": 1787875606.897, "level": "INFO", "logger": "worker", "message": "delivery attempt", "worker_id": 5, "delivery_id": "cd4b3d0dd1e1489e", "event_id": "f62fb21d0ced4399", "event_type": "payment.succeeded", "endpoint_id": "856b21e41c3f4712", "attempt": 1, "success": true, "response_code": 200, "latency_ms": 1.72, "error": null, "next_backoff_s": null}
{"timestamp": 1787875606.899, "level": "INFO", "logger": "worker", "message": "delivery attempt", "worker_id": 5, "delivery_id": "ec7d0116dc8d4abc", "event_id": "f62fb21d0ced4399", "event_type": "payment.succeeded", "endpoint_id": "b21c9dc8acb441ae", "attempt": 1, "success": true, "response_code": 200, "latency_ms": 1.41, "error": null, "next_backoff_s": null}
{"timestamp": 1787875606.901, "level": "WARNING", "logger": "worker", "message": "delivery attempt", "worker_id": 5, "delivery_id": "7d2bd2b4a1a44730", "event_id": "f62fb21d0ced4399", "event_type": "payment.succeeded", "endpoint_id": "cab6e30ee4694acd", "attempt": 1, "success": false, "response_code": 503, "latency_ms": 1.42, "error": "HTTP 503", "next_backoff_s": 0.41}
{"timestamp": 1787875606.903, "level": "INFO", "logger": "worker", "message": "delivery attempt", "worker_id": 5, "delivery_id": "8197b7f48319474f", "event_id": "706cefd88c71474a", "event_type": "payment.failed", "endpoint_id": "c3f134f1e26d41bd", "attempt": 1, "success": true, "response_code": 200, "latency_ms": 1.55, "error": null, "next_backoff_s": null}
{"timestamp": 1787875606.916, "level": "WARNING", "logger": "worker", "message": "delivery attempt", "worker_id": 4, "delivery_id": "fcbd956e0db84565", "event_id": "4aea471bb4bb4de7", "event_type": "invoice.paid", "endpoint_id": "b21c9dc8acb441ae", "attempt": 1, "success": false, "response_code": null, "latency_ms": 601.78, "error": "timeout", "next_backoff_s": 0.34}
{"timestamp": 1787875606.918, "level": "INFO", "logger": "worker", "message": "delivery attempt", "worker_id": 4, "delivery_id": "0f6568b52e6543d3", "event_id": "4aea471bb4bb4de7", "event_type": "invoice.paid", "endpoint_id": "cab6e30ee4694acd", "attempt": 1, "success": true, "response_code": 200, "latency_ms": 1.59, "error": null, "next_backoff_s": null}
{"timestamp": 1787875606.92, "level": "WARNING", "logger": "worker", "message": "delivery attempt", "worker_id": 1, "delivery_id": "9731dbf6197045ae", "event_id": "e2401b80b7964afb", "event_type": "order.created", "endpoint_id": "b21c9dc8acb441ae", "attempt": 1, "success": false, "response_code": null, "latency_ms": 601.85, "error": "timeout", "next_backoff_s": 0.44}
{"timestamp": 1787875606.922, "level": "INFO", "logger": "worker", "message": "delivery attempt", "worker_id": 4, "delivery_id": "1fc16c2343e6454e", "event_id": "706cefd88c71474a", "event_type": "payment.failed", "endpoint_id": "b21c9dc8acb441ae", "attempt": 1, "success": true, "response_code": 200, "latency_ms": 2.82, "error": null, "next_backoff_s": null}
{"timestamp": 1787875606.925, "level": "WARNING", "logger": "worker", "message": "delivery attempt", "worker_id": 1, "delivery_id": "6a364ca7d78b4bdd", "event_id": "e2401b80b7964afb", "event_type": "order.created", "endpoint_id": "cab6e30ee4694acd", "attempt": 1, "success": false, "response_code": 503, "latency_ms": 3.11, "error": "HTTP 503", "next_backoff_s": 0.4}
{"timestamp": 1787875606.927, "level": "WARNING", "logger": "worker", "message": "delivery attempt", "worker_id": 4, "delivery_id": "033841e7de9b4f99", "event_id": "706cefd88c71474a", "event_type": "payment.failed", "endpoint_id": "cab6e30ee4694acd", "attempt": 1, "success": false, "response_code": 503, "latency_ms": 2.32, "error": "HTTP 503", "next_backoff_s": 0.49}
{"timestamp": 1787875606.929, "level": "INFO", "logger": "worker", "message": "delivery attempt", "worker_id": 1, "delivery_id": "b1b5e255cb844b81", "event_id": "823788a871cb4cbf", "event_type": "payment.succeeded", "endpoint_id": "c3f134f1e26d41bd", "attempt": 1, "success": true, "response_code": 200, "latency_ms": 1.79, "error": null, "next_backoff_s": null}
{"timestamp": 1787875606.931, "level": "INFO", "logger": "worker", "message": "delivery attempt", "worker_id": 4, "delivery_id": "fa2a24a4469c4014", "event_id": "61d18abf92a943e5", "event_type": "user.updated", "endpoint_id": "c3f134f1e26d41bd", "attempt": 1, "success": true, "response_code": 200, "latency_ms": 1.91, "error": null, "next_backoff_s": null}
{"timestamp": 1787875606.933, "level": "INFO", "logger": "worker", "message": "delivery attempt", "worker_id": 4, "delivery_id": "7091ce08386c4ab6", "event_id": "61d18abf92a943e5", "event_type": "user.updated", "endpoint_id": "856b21e41c3f4712", "attempt": 1, "success": true, "response_code": 200, "latency_ms": 1.46, "error": null, "next_backoff_s": null}
{"timestamp": 1787875606.935, "level": "INFO", "logger": "worker", "message": "delivery attempt", "worker_id": 4, "delivery_id": "07c46c9b84cf4e46", "event_id": "61d18abf92a943e5", "event_type": "user.updated", "endpoint_id": "b21c9dc8acb441ae", "attempt": 1, "success": true, "response_code": 200, "latency_ms": 1.64, "error": null, "next_backoff_s": null}
{"timestamp": 1787875606.939, "level": "INFO", "logger": "worker", "message": "delivery attempt", "worker_id": 4, "delivery_id": "8d7a67acd11a47f3", "event_id": "df38eebaf95445b6", "event_type": "order.created", "endpoint_id": "c3f134f1e26d41bd", "attempt": 1, "success": true, "response_code": 200, "latency_ms": 2.14, "error": null, "next_backoff_s": null}
{"timestamp": 1787875606.941, "level": "WARNING", "logger": "worker", "message": "delivery attempt", "worker_id": 4, "delivery_id": "7a72ea2070324586", "event_id": "df38eebaf95445b6", "event_type": "order.created", "endpoint_id": "856b21e41c3f4712", "attempt": 1, "success": false, "response_code": 503, "latency_ms": 1.5, "error": "HTTP 503", "next_backoff_s": 0.34}
{"timestamp": 1787875606.943, "level": "WARNING", "logger": "worker", "message": "delivery attempt", "worker_id": 4, "delivery_id": "ead8295090a34f74", "event_id": "df38eebaf95445b6", "event_type": "order.created", "endpoint_id": "b21c9dc8acb441ae", "attempt": 1, "success": false, "response_code": 503, "latency_ms": 1.39, "error": "HTTP 503", "next_backoff_s": 0.35}
{"timestamp": 1787875606.945, "level": "WARNING", "logger": "worker", "message": "delivery attempt", "worker_id": 4, "delivery_id": "e516a1af1de843ae", "event_id": "df38eebaf95445b6", "event_type": "order.created", "endpoint_id": "cab6e30ee4694acd", "attempt": 1, "success": false, "response_code": 503, "latency_ms": 1.48, "error": "HTTP 503", "next_backoff_s": 0.44}
{"timestamp": 1787875606.948, "level": "INFO", "logger": "worker", "message": "delivery attempt", "worker_id": 4, "delivery_id": "e189739477654095", "event_id": "a86d249a392e4739", "event_type": "payment.succeeded", "endpoint_id": "c3f134f1e26d41bd", "attempt": 1, "success": true, "response_code": 200, "latency_ms": 1.47, "error": null, "next_backoff_s": null}
{"timestamp": 1787875606.95, "level": "WARNING", "logger": "worker", "message": "delivery attempt", "worker_id": 0, "delivery_id": "245c4fdeb10745d7", "event_id": "823788a871cb4cbf", "event_type": "payment.succeeded", "endpoint_id": "cab6e30ee4694acd", "attempt": 1, "success": false, "response_code": null, "latency_ms": 601.68, "error": "timeout", "next_backoff_s": 0.32}
{"timestamp": 1787875606.952, "level": "INFO", "logger": "worker", "message": "delivery attempt", "worker_id": 4, "delivery_id": "f3b6be9394314266", "event_id": "a86d249a392e4739", "event_type": "payment.succeeded", "endpoint_id": "856b21e41c3f4712", "attempt": 1, "success": true, "response_code": 200, "latency_ms": 3.07, "error": null, "next_backoff_s": null}
{"timestamp": 1787875606.955, "level": "INFO", "logger": "worker", "message": "delivery attempt", "worker_id": 0, "delivery_id": "ae98ec387a454cd4", "event_id": "357cb89a64124f06", "event_type": "payment.failed", "endpoint_id": "c3f134f1e26d41bd", "attempt": 1, "success": true, "response_code": 200, "latency_ms": 3.42, "error": null, "next_backoff_s": null}
{"timestamp": 1787875606.956, "level": "INFO", "logger": "worker", "message": "delivery attempt", "worker_id": 4, "delivery_id": "36f1e42474d04eba", "event_id": "a86d249a392e4739", "event_type": "payment.succeeded", "endpoint_id": "b21c9dc8acb441ae", "attempt": 1, "success": true, "response_code": 200, "latency_ms": 2.42, "error": null, "next_backoff_s": null}
{"timestamp": 1787875606.958, "level": "INFO", "logger": "worker", "message": "delivery attempt", "worker_id": 0, "delivery_id": "f94ec3c3b460430f", "event_id": "357cb89a64124f06", "event_type": "payment.failed", "endpoint_id": "856b21e41c3f4712", "attempt": 1, "success": true, "response_code": 200, "latency_ms": 2.83, "error": null, "next_backoff_s": null}
{"timestamp": 1787875606.961, "level": "INFO", "logger": "worker", "message": "delivery attempt", "worker_id": 0, "delivery_id": "70cfaafdf2264812", "event_id": "375c1fd5717741f9", "event_type": "payment.failed", "endpoint_id": "b21c9dc8acb441ae", "attempt": 1, "success": true, "response_code": 200, "latency_ms": 1.61, "error": null, "next_backoff_s": null}
{"timestamp": 1787875606.963, "level": "INFO", "logger": "worker", "message": "delivery attempt", "worker_id": 0, "delivery_id": "8a92f84d5c3140ba", "event_id": "375c1fd5717741f9", "event_type": "payment.failed", "endpoint_id": "cab6e30ee4694acd", "attempt": 1, "success": true, "response_code": 200, "latency_ms": 1.62, "error": null, "next_backoff_s": null}
{"timestamp": 1787875606.965, "level": "INFO", "logger": "worker", "message": "delivery attempt", "worker_id": 0, "delivery_id": "c4e3f5d9317c4d77", "event_id": "064f888f7f1e4a88", "event_type": "user.updated", "endpoint_id": "c3f134f1e26d41bd", "attempt": 1, "success": true, "response_code": 200, "latency_ms": 1.55, "error": null, "next_backoff_s": null}
{"timestamp": 1787875606.968, "level": "INFO", "logger": "worker", "message": "delivery attempt", "worker_id": 0, "delivery_id": "6d640d18b0444ef2", "event_id": "064f888f7f1e4a88", "event_type": "user.updated", "endpoint_id": "856b21e41c3f4712", "attempt": 1, "success": true, "response_code": 200, "latency_ms": 1.56, "error": null, "next_backoff_s": null}
{"timestamp": 1787875606.97, "level": "INFO", "logger": "worker", "message": "delivery attempt", "worker_id": 0, "delivery_id": "07f7c57daa9849c9", "event_id": "064f888f7f1e4a88", "event_type": "user.updated", "endpoint_id": "b21c9dc8acb441ae", "attempt": 1, "success": true, "response_code": 200, "latency_ms": 1.52, "error": null, "next_backoff_s": null}
{"timestamp": 1787875606.973, "level": "INFO", "logger": "worker", "message": "delivery attempt", "worker_id": 0, "delivery_id": "274d5f569796459c", "event_id": "064f888f7f1e4a88", "event_type": "user.updated", "endpoint_id": "cab6e30ee4694acd", "attempt": 1, "success": true, "response_code": 200, "latency_ms": 1.49, "error": null, "next_backoff_s": null}
{"timestamp": 1787875606.974, "level": "WARNING", "logger": "worker", "message": "delivery attempt", "worker_id": 2, "delivery_id": "c70a19ff56bf4e8c", "event_id": "357cb89a64124f06", "event_type": "payment.failed", "endpoint_id": "b21c9dc8acb441ae", "attempt": 1, "success": false, "response_code": null, "latency_ms": 601.87, "error": "timeout", "next_backoff_s": 0.4}
{"timestamp": 1787875606.977, "level": "INFO", "logger": "worker", "message": "delivery attempt", "worker_id": 0, "delivery_id": "fb7f1447045443f4", "event_id": "58af828ed70d4c8a", "event_type": "invoice.paid", "endpoint_id": "c3f134f1e26d41bd", "attempt": 1, "success": true, "response_code": 200, "latency_ms": 3.28, "error": null, "next_backoff_s": null}
{"timestamp": 1787875606.979, "level": "INFO", "logger": "worker", "message": "delivery attempt", "worker_id": 2, "delivery_id": "46d5e360628048c1", "event_id": "357cb89a64124f06", "event_type": "payment.failed", "endpoint_id": "cab6e30ee4694acd", "attempt": 1, "success": true, "response_code": 200, "latency_ms": 2.2, "error": null, "next_backoff_s": null}
{"timestamp": 1787875606.981, "level": "INFO", "logger": "worker", "message": "delivery attempt", "worker_id": 0, "delivery_id": "7a115affad0b4af4", "event_id": "58af828ed70d4c8a", "event_type": "invoice.paid", "endpoint_id": "856b21e41c3f4712", "attempt": 1, "success": true, "response_code": 200, "latency_ms": 1.85, "error": null, "next_backoff_s": null}
{"timestamp": 1787875606.983, "level": "INFO", "logger": "worker", "message": "delivery attempt", "worker_id": 2, "delivery_id": "4e983dfec5654b8d", "event_id": "6a587cab887d4761", "event_type": "user.updated", "endpoint_id": "c3f134f1e26d41bd", "attempt": 1, "success": true, "response_code": 200, "latency_ms": 2.78, "error": null, "next_backoff_s": null}
{"timestamp": 1787875606.985, "level": "INFO", "logger": "worker", "message": "delivery attempt", "worker_id": 2, "delivery_id": "38f80200eb9b41ba", "event_id": "6a587cab887d4761", "event_type": "user.updated", "endpoint_id": "856b21e41c3f4712", "attempt": 1, "success": true, "response_code": 200, "latency_ms": 1.63, "error": null, "next_backoff_s": null}
{"timestamp": 1787875606.987, "level": "INFO", "logger": "worker", "message": "delivery attempt", "worker_id": 2, "delivery_id": "37f3974c6b5944ac", "event_id": "6a587cab887d4761", "event_type": "user.updated", "endpoint_id": "b21c9dc8acb441ae", "attempt": 1, "success": true, "response_code": 200, "latency_ms": 1.58, "error": null, "next_backoff_s": null}
{"timestamp": 1787875606.99, "level": "INFO", "logger": "worker", "message": "delivery attempt", "worker_id": 2, "delivery_id": "a73b77644a874f7b", "event_id": "4a7bdb12e8e94d1c", "event_type": "order.created", "endpoint_id": "c3f134f1e26d41bd", "attempt": 1, "success": true, "response_code": 200, "latency_ms": 1.61, "error": null, "next_backoff_s": null}
{"timestamp": 1787875606.992, "level": "INFO", "logger": "worker", "message": "delivery attempt", "worker_id": 2, "delivery_id": "eb11acc359e9424b", "event_id": "4a7bdb12e8e94d1c", "event_type": "order.created", "endpoint_id": "856b21e41c3f4712", "attempt": 1, "success": true, "response_code": 200, "latency_ms": 1.53, "error": null, "next_backoff_s": null}
{"timestamp": 1787875606.994, "level": "WARNING", "logger": "worker", "message": "delivery attempt", "worker_id": 2, "delivery_id": "59f12ccdda304dde", "event_id": "4a7bdb12e8e94d1c", "event_type": "order.created", "endpoint_id": "b21c9dc8acb441ae", "attempt": 1, "success": false, "response_code": 503, "latency_ms": 1.47, "error": "HTTP 503", "next_backoff_s": 0.34}
{"timestamp": 1787875607.487, "level": "WARNING", "logger": "worker", "message": "delivery attempt", "worker_id": 3, "delivery_id": "6cf5bcf5cd4d42e6", "event_id": "581c4aff685f4626", "event_type": "invoice.paid", "endpoint_id": "b21c9dc8acb441ae", "attempt": 1, "success": false, "response_code": null, "latency_ms": 602.38, "error": "timeout", "next_backoff_s": 0.47}
{"timestamp": 1787875607.49, "level": "WARNING", "logger": "worker", "message": "delivery attempt", "worker_id": 3, "delivery_id": "b89943ee4af84b03", "event_id": "581c4aff685f4626", "event_type": "invoice.paid", "endpoint_id": "cab6e30ee4694acd", "attempt": 1, "success": false, "response_code": 503, "latency_ms": 2.44, "error": "HTTP 503", "next_backoff_s": 0.49}
{"timestamp": 1787875607.506, "level": "WARNING", "logger": "worker", "message": "delivery attempt", "worker_id": 5, "delivery_id": "6b03410beabb48eb", "event_id": "706cefd88c71474a", "event_type": "payment.failed", "endpoint_id": "856b21e41c3f4712", "attempt": 1, "success": false, "response_code": null, "latency_ms": 601.78, "error": "timeout", "next_backoff_s": 0.43}
{"timestamp": 1787875607.509, "level": "INFO", "logger": "worker", "message": "delivery attempt", "worker_id": 5, "delivery_id": "5d65045bac1245f3", "event_id": "af896f2bb99c47f4", "event_type": "payment.failed", "endpoint_id": "b21c9dc8acb441ae", "attempt": 1, "success": true, "response_code": 200, "latency_ms": 1.98, "error": null, "next_backoff_s": null}
{"timestamp": 1787875607.533, "level": "WARNING", "logger": "worker", "message": "delivery attempt", "worker_id": 1, "delivery_id": "6ea46baaaceb416b", "event_id": "61d18abf92a943e5", "event_type": "user.updated", "endpoint_id": "cab6e30ee4694acd", "attempt": 1, "success": false, "response_code": null, "latency_ms": 602.86, "error": "timeout", "next_backoff_s": 0.4}
{"timestamp": 1787875607.536, "level": "INFO", "logger": "worker", "message": "delivery attempt", "worker_id": 1, "delivery_id": "60fcd19884c64fab", "event_id": "a8c0e7f27a6d4863", "event_type": "invoice.paid", "endpoint_id": "c3f134f1e26d41bd", "attempt": 1, "success": true, "response_code": 200, "latency_ms": 1.86, "error": null, "next_backoff_s": null}
{"timestamp": 1787875607.539, "level": "INFO", "logger": "worker", "message": "delivery attempt", "worker_id": 1, "delivery_id": "28e4e13311954183", "event_id": "a8c0e7f27a6d4863", "event_type": "invoice.paid", "endpoint_id": "856b21e41c3f4712", "attempt": 1, "success": true, "response_code": 200, "latency_ms": 1.76, "error": null, "next_backoff_s": null}
{"timestamp": 1787875607.541, "level": "WARNING", "logger": "worker", "message": "delivery attempt", "worker_id": 1, "delivery_id": "554d8ea33c534721", "event_id": "a8c0e7f27a6d4863", "event_type": "invoice.paid", "endpoint_id": "b21c9dc8acb441ae", "attempt": 1, "success": false, "response_code": 503, "latency_ms": 1.67, "error": "HTTP 503", "next_backoff_s": 0.43}
{"timestamp": 1787875607.56, "level": "WARNING", "logger": "worker", "message": "delivery attempt", "worker_id": 4, "delivery_id": "92775ccac8fc49cb", "event_id": "a86d249a392e4739", "event_type": "payment.succeeded", "endpoint_id": "cab6e30ee4694acd", "attempt": 1, "success": false, "response_code": null, "latency_ms": 602.61, "error": "timeout", "next_backoff_s": 0.46}
{"timestamp": 1787875607.562, "level": "INFO", "logger": "worker", "message": "delivery attempt", "worker_id": 4, "delivery_id": "4d9357c8cb31453c", "event_id": "375c1fd5717741f9", "event_type": "payment.failed", "endpoint_id": "c3f134f1e26d41bd", "attempt": 1, "success": true, "response_code": 200, "latency_ms": 1.68, "error": null, "next_backoff_s": null}
{"timestamp": 1787875607.564, "level": "INFO", "logger": "worker", "message": "delivery attempt", "worker_id": 4, "delivery_id": "5de189e1ef7d4dab", "event_id": "375c1fd5717741f9", "event_type": "payment.failed", "endpoint_id": "856b21e41c3f4712", "attempt": 1, "success": true, "response_code": 200, "latency_ms": 1.53, "error": null, "next_backoff_s": null}
{"timestamp": 1787875607.567, "level": "WARNING", "logger": "worker", "message": "delivery attempt", "worker_id": 4, "delivery_id": "ee377fb82816426e", "event_id": "96d226031c824007", "event_type": "user.updated", "endpoint_id": "cab6e30ee4694acd", "attempt": 1, "success": false, "response_code": 503, "latency_ms": 1.51, "error": "HTTP 503", "next_backoff_s": 0.49}
{"timestamp": 1787875607.569, "level": "INFO", "logger": "worker", "message": "delivery attempt", "worker_id": 4, "delivery_id": "31b1294112b945b4", "event_id": "1bea99c6104d4f2c", "event_type": "invoice.paid", "endpoint_id": "c3f134f1e26d41bd", "attempt": 1, "success": true, "response_code": 200, "latency_ms": 1.64, "error": null, "next_backoff_s": null}
{"timestamp": 1787875607.571, "level": "INFO", "logger": "worker", "message": "delivery attempt", "worker_id": 4, "delivery_id": "e30fb40b8da046ef", "event_id": "1bea99c6104d4f2c", "event_type": "invoice.paid", "endpoint_id": "856b21e41c3f4712", "attempt": 1, "success": true, "response_code": 200, "latency_ms": 1.51, "error": null, "next_backoff_s": null}
{"timestamp": 1787875607.584, "level": "WARNING", "logger": "worker", "message": "delivery attempt", "worker_id": 0, "delivery_id": "71e781b938ea4064", "event_id": "58af828ed70d4c8a", "event_type": "invoice.paid", "endpoint_id": "b21c9dc8acb441ae", "attempt": 1, "success": false, "response_code": null, "latency_ms": 602.18, "error": "timeout", "next_backoff_s": 0.34}
{"timestamp": 1787875607.597, "level": "WARNING", "logger": "worker", "message": "delivery attempt", "worker_id": 2, "delivery_id": "17ef3c06c3ff40a1", "event_id": "4a7bdb12e8e94d1c", "event_type": "order.created", "endpoint_id": "cab6e30ee4694acd", "attempt": 1, "success": false, "response_code": null, "latency_ms": 601.67, "error": "timeout", "next_backoff_s": 0.31}
{"timestamp": 1787875607.6, "level": "INFO", "logger": "worker", "message": "delivery attempt", "worker_id": 2, "delivery_id": "68d35fb58ec344c4", "event_id": "eedd6dae8c20475e", "event_type": "payment.succeeded", "endpoint_id": "c3f134f1e26d41bd", "attempt": 1, "success": true, "response_code": 200, "latency_ms": 2.25, "error": null, "next_backoff_s": null}
{"timestamp": 1787875607.603, "level": "INFO", "logger": "worker", "message": "delivery attempt", "worker_id": 2, "delivery_id": "cc2ae5d7939a4743", "event_id": "8c0755aa5d934b7d", "event_type": "order.created", "endpoint_id": "c3f134f1e26d41bd", "attempt": 1, "success": true, "response_code": 200, "latency_ms": 1.75, "error": null, "next_backoff_s": null}
{"timestamp": 1787875608.093, "level": "WARNING", "logger": "worker", "message": "delivery attempt", "worker_id": 3, "delivery_id": "eacd82aa263243a3", "event_id": "eedd6dae8c20475e", "event_type": "payment.succeeded", "endpoint_id": "856b21e41c3f4712", "attempt": 1, "success": false, "response_code": null, "latency_ms": 601.99, "error": "timeout", "next_backoff_s": 0.4}
{"timestamp": 1787875608.096, "level": "INFO", "logger": "worker", "message": "delivery attempt", "worker_id": 3, "delivery_id": "d26f422ec8dd4305", "event_id": "eedd6dae8c20475e", "event_type": "payment.succeeded", "endpoint_id": "b21c9dc8acb441ae", "attempt": 1, "success": true, "response_code": 200, "latency_ms": 2.06, "error": null, "next_backoff_s": null}
{"timestamp": 1787875608.099, "level": "WARNING", "logger": "worker", "message": "delivery attempt", "worker_id": 3, "delivery_id": "d4fc82e2fbc84c14", "event_id": "eedd6dae8c20475e", "event_type": "payment.succeeded", "endpoint_id": "cab6e30ee4694acd", "attempt": 1, "success": false, "response_code": 503, "latency_ms": 1.68, "error": "HTTP 503", "next_backoff_s": 0.47}
{"timestamp": 1787875608.101, "level": "INFO", "logger": "worker", "message": "delivery attempt", "worker_id": 3, "delivery_id": "112d9fdb713c4c00", "event_id": "af896f2bb99c47f4", "event_type": "payment.failed", "endpoint_id": "c3f134f1e26d41bd", "attempt": 1, "success": true, "response_code": 200, "latency_ms": 1.68, "error": null, "next_backoff_s": null}
{"timestamp": 1787875608.103, "level": "INFO", "logger": "worker", "message": "delivery attempt", "worker_id": 3, "delivery_id": "09297a945c6b4f16", "event_id": "af896f2bb99c47f4", "event_type": "payment.failed", "endpoint_id": "856b21e41c3f4712", "attempt": 1, "success": true, "response_code": 200, "latency_ms": 1.51, "error": null, "next_backoff_s": null}
{"timestamp": 1787875608.106, "level": "INFO", "logger": "worker", "message": "delivery attempt", "worker_id": 3, "delivery_id": "d4e04b14e59c4df9", "event_id": "d92b91ecb2734a13", "event_type": "payment.succeeded", "endpoint_id": "856b21e41c3f4712", "attempt": 1, "success": true, "response_code": 200, "latency_ms": 2.03, "error": null, "next_backoff_s": null}
{"timestamp": 1787875608.108, "level": "WARNING", "logger": "worker", "message": "delivery attempt", "worker_id": 3, "delivery_id": "520e6ea14ded41e7", "event_id": "d92b91ecb2734a13", "event_type": "payment.succeeded", "endpoint_id": "b21c9dc8acb441ae", "attempt": 1, "success": false, "response_code": 503, "latency_ms": 1.62, "error": "HTTP 503", "next_backoff_s": 0.33}
{"timestamp": 1787875608.111, "level": "WARNING", "logger": "worker", "message": "delivery attempt", "worker_id": 5, "delivery_id": "794076936cd3449a", "event_id": "af896f2bb99c47f4", "event_type": "payment.failed", "endpoint_id": "cab6e30ee4694acd", "attempt": 1, "success": false, "response_code": null, "latency_ms": 601.66, "error": "timeout", "next_backoff_s": 0.36}
{"timestamp": 1787875608.113, "level": "INFO", "logger": "worker", "message": "delivery attempt", "worker_id": 5, "delivery_id": "1b9485b965784d2e", "event_id": "96d226031c824007", "event_type": "user.updated", "endpoint_id": "c3f134f1e26d41bd", "attempt": 1, "success": true, "response_code": 200, "latency_ms": 1.63, "error": null, "next_backoff_s": null}
{"timestamp": 1787875608.115, "level": "INFO", "logger": "worker", "message": "delivery attempt", "worker_id": 5, "delivery_id": "39ff1ee9180e4d22", "event_id": "96d226031c824007", "event_type": "user.updated", "endpoint_id": "856b21e41c3f4712", "attempt": 1, "success": true, "response_code": 200, "latency_ms": 1.69, "error": null, "next_backoff_s": null}
{"timestamp": 1787875608.118, "level": "INFO", "logger": "worker", "message": "delivery attempt", "worker_id": 5, "delivery_id": "aad7439f72304ccc", "event_id": "96d226031c824007", "event_type": "user.updated", "endpoint_id": "b21c9dc8acb441ae", "attempt": 1, "success": true, "response_code": 200, "latency_ms": 1.65, "error": null, "next_backoff_s": null}
{"timestamp": 1787875608.143, "level": "WARNING", "logger": "worker", "message": "delivery attempt", "worker_id": 1, "delivery_id": "37defc59342b4b92", "event_id": "a8c0e7f27a6d4863", "event_type": "invoice.paid", "endpoint_id": "cab6e30ee4694acd", "attempt": 1, "success": false, "response_code": null, "latency_ms": 601.57, "error": "timeout", "next_backoff_s": 0.47}
{"timestamp": 1787875608.146, "level": "WARNING", "logger": "worker", "message": "delivery attempt", "worker_id": 1, "delivery_id": "f4a1da82b0ad45b1", "event_id": "9e037f07eb964e46", "event_type": "user.updated", "endpoint_id": "cab6e30ee4694acd", "attempt": 1, "success": false, "response_code": 503, "latency_ms": 1.59, "error": "HTTP 503", "next_backoff_s": 0.31}
{"timestamp": 1787875608.149, "level": "INFO", "logger": "worker", "message": "delivery attempt", "worker_id": 1, "delivery_id": "4edd94861fad427f", "event_id": "5b1c4b4e8eef4827", "event_type": "invoice.paid", "endpoint_id": "c3f134f1e26d41bd", "attempt": 1, "success": true, "response_code": 200, "latency_ms": 1.8, "error": null, "next_backoff_s": null}
{"timestamp": 1787875608.151, "level": "INFO", "logger": "worker", "message": "delivery attempt", "worker_id": 1, "delivery_id": "30a5c30df2ec4183", "event_id": "5b1c4b4e8eef4827", "event_type": "invoice.paid", "endpoint_id": "856b21e41c3f4712", "attempt": 1, "success": true, "response_code": 200, "latency_ms": 1.64, "error": null, "next_backoff_s": null}
{"timestamp": 1787875608.153, "level": "WARNING", "logger": "worker", "message": "delivery attempt", "worker_id": 1, "delivery_id": "2e181e2abf604547", "event_id": "5b1c4b4e8eef4827", "event_type": "invoice.paid", "endpoint_id": "b21c9dc8acb441ae", "attempt": 1, "success": false, "response_code": 503, "latency_ms": 1.45, "error": "HTTP 503", "next_backoff_s": 0.35}
{"timestamp": 1787875608.173, "level": "WARNING", "logger": "worker", "message": "delivery attempt", "worker_id": 4, "delivery_id": "e8d148c7c7534f60", "event_id": "1bea99c6104d4f2c", "event_type": "invoice.paid", "endpoint_id": "b21c9dc8acb441ae", "attempt": 1, "success": false, "response_code": null, "latency_ms": 601.54, "error": "timeout", "next_backoff_s": 0.31}
{"timestamp": 1787875608.186, "level": "WARNING", "logger": "worker", "message": "delivery attempt", "worker_id": 0, "delivery_id": "0df2c6d76b9f415c", "event_id": "58af828ed70d4c8a", "event_type": "invoice.paid", "endpoint_id": "cab6e30ee4694acd", "attempt": 1, "success": false, "response_code": null, "latency_ms": 601.51, "error": "timeout", "next_backoff_s": 0.37}
{"timestamp": 1787875608.189, "level": "INFO", "logger": "worker", "message": "delivery attempt", "worker_id": 0, "delivery_id": "49217028adcb4b59", "event_id": "2321f810f80644d8", "event_type": "order.created", "endpoint_id": "c3f134f1e26d41bd", "attempt": 1, "success": true, "response_code": 200, "latency_ms": 1.66, "error": null, "next_backoff_s": null}
{"timestamp": 1787875608.191, "level": "INFO", "logger": "worker", "message": "delivery attempt", "worker_id": 0, "delivery_id": "630775ef54e742bd", "event_id": "2321f810f80644d8", "event_type": "order.created", "endpoint_id": "856b21e41c3f4712", "attempt": 1, "success": true, "response_code": 200, "latency_ms": 1.62, "error": null, "next_backoff_s": null}
{"timestamp": 1787875608.193, "level": "INFO", "logger": "worker", "message": "delivery attempt", "worker_id": 0, "delivery_id": "15012acc27a340f4", "event_id": "2321f810f80644d8", "event_type": "order.created", "endpoint_id": "b21c9dc8acb441ae", "attempt": 1, "success": true, "response_code": 200, "latency_ms": 1.6, "error": null, "next_backoff_s": null}
{"timestamp": 1787875608.195, "level": "INFO", "logger": "worker", "message": "delivery attempt", "worker_id": 0, "delivery_id": "2486919714e443df", "event_id": "2321f810f80644d8", "event_type": "order.created", "endpoint_id": "cab6e30ee4694acd", "attempt": 1, "success": true, "response_code": 200, "latency_ms": 1.61, "error": null, "next_backoff_s": null}
{"timestamp": 1787875608.198, "level": "INFO", "logger": "worker", "message": "delivery attempt", "worker_id": 0, "delivery_id": "a82b2d7985e64b83", "event_id": "c655d90d2a7446ff", "event_type": "payment.succeeded", "endpoint_id": "c3f134f1e26d41bd", "attempt": 1, "success": true, "response_code": 200, "latency_ms": 1.93, "error": null, "next_backoff_s": null}
{"timestamp": 1787875608.2, "level": "INFO", "logger": "worker", "message": "delivery attempt", "worker_id": 0, "delivery_id": "ff94f2b6392b4c75", "event_id": "c655d90d2a7446ff", "event_type": "payment.succeeded", "endpoint_id": "856b21e41c3f4712", "attempt": 1, "success": true, "response_code": 200, "latency_ms": 1.7, "error": null, "next_backoff_s": null}
{"timestamp": 1787875608.205, "level": "WARNING", "logger": "worker", "message": "delivery attempt", "worker_id": 2, "delivery_id": "132a524c15854d48", "event_id": "8c0755aa5d934b7d", "event_type": "order.created", "endpoint_id": "856b21e41c3f4712", "attempt": 1, "success": false, "response_code": null, "latency_ms": 601.48, "error": "timeout", "next_backoff_s": 0.33}
{"timestamp": 1787875608.712, "level": "WARNING", "logger": "worker", "message": "delivery attempt", "worker_id": 3, "delivery_id": "464a1827f08b478a", "event_id": "d92b91ecb2734a13", "event_type": "payment.succeeded", "endpoint_id": "cab6e30ee4694acd", "attempt": 1, "success": false, "response_code": null, "latency_ms": 601.6, "error": "timeout", "next_backoff_s": 0.36}
{"timestamp": 1787875608.715, "level": "INFO", "logger": "worker", "message": "delivery attempt", "worker_id": 3, "delivery_id": "1cdc614d19aa4a49", "event_id": "95f2853289394b98", "event_type": "payment.failed", "endpoint_id": "c3f134f1e26d41bd", "attempt": 1, "success": true, "response_code": 200, "latency_ms": 2.02, "error": null, "next_backoff_s": null}
{"timestamp": 1787875608.717, "level": "INFO", "logger": "worker", "message": "delivery attempt", "worker_id": 3, "delivery_id": "e22a6088967f42d1", "event_id": "95f2853289394b98", "event_type": "payment.failed", "endpoint_id": "856b21e41c3f4712", "attempt": 1, "success": true, "response_code": 200, "latency_ms": 1.72, "error": null, "next_backoff_s": null}
{"timestamp": 1787875608.72, "level": "WARNING", "logger": "worker", "message": "delivery attempt", "worker_id": 5, "delivery_id": "5d1a344e955a4b57", "event_id": "95f2853289394b98", "event_type": "payment.failed", "endpoint_id": "b21c9dc8acb441ae", "attempt": 1, "success": false, "response_code": null, "latency_ms": 600.94, "error": "timeout", "next_backoff_s": 0.44}
{"timestamp": 1787875608.722, "level": "INFO", "logger": "worker", "message": "delivery attempt", "worker_id": 3, "delivery_id": "0183ceab9dd0463f", "event_id": "53252a80fc2c44ed", "event_type": "payment.failed", "endpoint_id": "b21c9dc8acb441ae", "attempt": 1, "success": true, "response_code": 200, "latency_ms": 2.03, "error": null, "next_backoff_s": null}
{"timestamp": 1787875608.724, "level": "WARNING", "logger": "worker", "message": "delivery attempt", "worker_id": 5, "delivery_id": "1c4ab65fa5324231", "event_id": "95f2853289394b98", "event_type": "payment.failed", "endpoint_id": "cab6e30ee4694acd", "attempt": 1, "success": false, "response_code": 503, "latency_ms": 1.66, "error": "HTTP 503", "next_backoff_s": 0.35}
{"timestamp": 1787875608.726, "level": "INFO", "logger": "worker", "message": "delivery attempt", "worker_id": 5, "delivery_id": "700d405a3d2a4656", "event_id": "9e037f07eb964e46", "event_type": "user.updated", "endpoint_id": "c3f134f1e26d41bd", "attempt": 1, "success": true, "response_code": 200, "latency_ms": 1.48, "error": null, "next_backoff_s": null}
{"timestamp": 1787875608.755, "level": "WARNING", "logger": "worker", "message": "delivery attempt", "worker_id": 1, "delivery_id": "27cc079452a24d44", "event_id": "5b1c4b4e8eef4827", "event_type": "invoice.paid", "endpoint_id": "cab6e30ee4694acd", "attempt": 1, "success": false, "response_code": null, "latency_ms": 601.84, "error": "timeout", "next_backoff_s": 0.4}
{"timestamp": 1787875608.759, "level": "INFO", "logger": "worker", "message": "delivery attempt", "worker_id": 1, "delivery_id": "00078bcb55e94003", "event_id": "7e999e9ef7f3417e", "event_type": "user.updated", "endpoint_id": "cab6e30ee4694acd", "attempt": 1, "success": true, "response_code": 200, "latency_ms": 2.27, "error": null, "next_backoff_s": null}
{"timestamp": 1787875608.761, "level": "INFO", "logger": "worker", "message": "delivery attempt", "worker_id": 1, "delivery_id": "6578c3869dcb414f", "event_id": "5e61b2a7022e4487", "event_type": "invoice.paid", "endpoint_id": "c3f134f1e26d41bd", "attempt": 1, "success": true, "response_code": 200, "latency_ms": 1.58, "error": null, "next_backoff_s": null}
{"timestamp": 1787875608.763, "level": "INFO", "logger": "worker", "message": "delivery attempt", "worker_id": 1, "delivery_id": "f96d0445b93b46e2", "event_id": "5e61b2a7022e4487", "event_type": "invoice.paid", "endpoint_id": "856b21e41c3f4712", "attempt": 1, "success": true, "response_code": 200, "latency_ms": 1.49, "error": null, "next_backoff_s": null}
{"timestamp": 1787875608.765, "level": "INFO", "logger": "worker", "message": "delivery attempt", "worker_id": 1, "delivery_id": "fd947060ad324e3a", "event_id": "5e61b2a7022e4487", "event_type": "invoice.paid", "endpoint_id": "b21c9dc8acb441ae", "attempt": 1, "success": true, "response_code": 200, "latency_ms": 1.52, "error": null, "next_backoff_s": null}
{"timestamp": 1787875608.767, "level": "INFO", "logger": "worker", "message": "delivery attempt", "worker_id": 1, "delivery_id": "8f645eb682bb4b95", "event_id": "5e61b2a7022e4487", "event_type": "invoice.paid", "endpoint_id": "cab6e30ee4694acd", "attempt": 1, "success": true, "response_code": 200, "latency_ms": 1.4, "error": null, "next_backoff_s": null}
{"timestamp": 1787875608.769, "level": "INFO", "logger": "worker", "message": "delivery attempt", "worker_id": 1, "delivery_id": "3fb40fa1e5614be3", "event_id": "3fd0b0ca9f0246b9", "event_type": "order.created", "endpoint_id": "c3f134f1e26d41bd", "attempt": 1, "success": true, "response_code": 200, "latency_ms": 1.59, "error": null, "next_backoff_s": null}
{"timestamp": 1787875608.772, "level": "INFO", "logger": "worker", "message": "delivery attempt", "worker_id": 1, "delivery_id": "5790413bd18a4b9e", "event_id": "3fd0b0ca9f0246b9", "event_type": "order.created", "endpoint_id": "856b21e41c3f4712", "attempt": 1, "success": true, "response_code": 200, "latency_ms": 1.68, "error": null, "next_backoff_s": null}
{"timestamp": 1787875608.774, "level": "INFO", "logger": "worker", "message": "delivery attempt", "worker_id": 1, "delivery_id": "9745eead56e0488f", "event_id": "3fd0b0ca9f0246b9", "event_type": "order.created", "endpoint_id": "b21c9dc8acb441ae", "attempt": 1, "success": true, "response_code": 200, "latency_ms": 1.81, "error": null, "next_backoff_s": null}
{"timestamp": 1787875608.776, "level": "WARNING", "logger": "worker", "message": "delivery attempt", "worker_id": 4, "delivery_id": "a5f619f3872a4f3e", "event_id": "1bea99c6104d4f2c", "event_type": "invoice.paid", "endpoint_id": "cab6e30ee4694acd", "attempt": 1, "success": false, "response_code": null, "latency_ms": 601.94, "error": "timeout", "next_backoff_s": 0.49}
{"timestamp": 1787875608.778, "level": "WARNING", "logger": "worker", "message": "delivery attempt", "worker_id": 1, "delivery_id": "58a28cc828ac4bb5", "event_id": "3fd0b0ca9f0246b9", "event_type": "order.created", "endpoint_id": "cab6e30ee4694acd", "attempt": 1, "success": false, "response_code": 503, "latency_ms": 1.77, "error": "HTTP 503", "next_backoff_s": 0.38}
{"timestamp": 1787875608.78, "level": "INFO", "logger": "worker", "message": "delivery attempt", "worker_id": 4, "delivery_id": "92deee33cd1445ac", "event_id": "3811990ec6ae4452", "event_type": "payment.succeeded", "endpoint_id": "856b21e41c3f4712", "attempt": 1, "success": true, "response_code": 200, "latency_ms": 2.64, "error": null, "next_backoff_s": null}
{"timestamp": 1787875608.783, "level": "INFO", "logger": "worker", "message": "delivery attempt", "worker_id": 1, "delivery_id": "b72b96ecdfe340f7", "event_id": "3811990ec6ae4452", "event_type": "payment.succeeded", "endpoint_id": "c3f134f1e26d41bd", "attempt": 1, "success": true, "response_code": 200, "latency_ms": 3.35, "error": null, "next_backoff_s": null}
{"timestamp": 1787875608.785, "level": "INFO", "logger": "worker", "message": "delivery attempt", "worker_id": 4, "delivery_id": "dbc76fe7fbef41a7", "event_id": "3811990ec6ae4452", "event_type": "payment.succeeded", "endpoint_id": "b21c9dc8acb441ae", "attempt": 1, "success": true, "response_code": 200, "latency_ms": 2.39, "error": null, "next_backoff_s": null}
{"timestamp": 1787875608.787, "level": "INFO", "logger": "worker", "message": "delivery attempt", "worker_id": 1, "delivery_id": "51440d9c3cfb482e", "event_id": "be39ff4f19e44070", "event_type": "payment.failed", "endpoint_id": "b21c9dc8acb441ae", "attempt": 1, "success": true, "response_code": 200, "latency_ms": 3.02, "error": null, "next_backoff_s": null}
{"timestamp": 1787875608.803, "level": "WARNING", "logger": "worker", "message": "delivery attempt", "worker_id": 0, "delivery_id": "3ff0f05451f64031", "event_id": "c655d90d2a7446ff", "event_type": "payment.succeeded", "endpoint_id": "b21c9dc8acb441ae", "attempt": 1, "success": false, "response_code": null, "latency_ms": 601.49, "error": "timeout", "next_backoff_s": 0.35}
{"timestamp": 1787875608.805, "level": "WARNING", "logger": "worker", "message": "delivery attempt", "worker_id": 0, "delivery_id": "364d4469af7146df", "event_id": "c655d90d2a7446ff", "event_type": "payment.succeeded", "endpoint_id": "cab6e30ee4694acd", "attempt": 1, "success": false, "response_code": 503, "latency_ms": 1.93, "error": "HTTP 503", "next_backoff_s": 0.42}
{"timestamp": 1787875608.808, "level": "WARNING", "logger": "worker", "message": "delivery attempt", "worker_id": 2, "delivery_id": "c16553021f08438f", "event_id": "8c0755aa5d934b7d", "event_type": "order.created", "endpoint_id": "b21c9dc8acb441ae", "attempt": 1, "success": false, "response_code": null, "latency_ms": 601.69, "error": "timeout", "next_backoff_s": 0.36}
{"timestamp": 1787875608.81, "level": "INFO", "logger": "worker", "message": "delivery attempt", "worker_id": 0, "delivery_id": "a23437619b87458c", "event_id": "53252a80fc2c44ed", "event_type": "payment.failed", "endpoint_id": "c3f134f1e26d41bd", "attempt": 1, "success": true, "response_code": 200, "latency_ms": 1.87, "error": null, "next_backoff_s": null}
{"timestamp": 1787875608.812, "level": "WARNING", "logger": "worker", "message": "delivery attempt", "worker_id": 2, "delivery_id": "a212f03389bd4200", "event_id": "8c0755aa5d934b7d", "event_type": "order.created", "endpoint_id": "cab6e30ee4694acd", "attempt": 1, "success": false, "response_code": 503, "latency_ms": 1.64, "error": "HTTP 503", "next_backoff_s": 0.33}
{"timestamp": 1787875608.813, "level": "INFO", "logger": "worker", "message": "delivery attempt", "worker_id": 0, "delivery_id": "23537214b5714838", "event_id": "53252a80fc2c44ed", "event_type": "payment.failed", "endpoint_id": "856b21e41c3f4712", "attempt": 1, "success": true, "response_code": 200, "latency_ms": 2.59, "error": null, "next_backoff_s": null}
{"timestamp": 1787875608.816, "level": "INFO", "logger": "worker", "message": "delivery attempt", "worker_id": 2, "delivery_id": "6f1b19d1005f4396", "event_id": "d92b91ecb2734a13", "event_type": "payment.succeeded", "endpoint_id": "c3f134f1e26d41bd", "attempt": 1, "success": true, "response_code": 200, "latency_ms": 2.23, "error": null, "next_backoff_s": null}
{"timestamp": 1787875608.818, "level": "INFO", "logger": "worker", "message": "delivery attempt", "worker_id": 2, "delivery_id": "7b6c302e65964e15", "event_id": "e67c1a3689b04c7b", "event_type": "order.created", "endpoint_id": "c3f134f1e26d41bd", "attempt": 1, "success": true, "response_code": 200, "latency_ms": 1.59, "error": null, "next_backoff_s": null}
{"timestamp": 1787875608.82, "level": "INFO", "logger": "worker", "message": "delivery attempt", "worker_id": 2, "delivery_id": "bf00edc3b684478e", "event_id": "e67c1a3689b04c7b", "event_type": "order.created", "endpoint_id": "856b21e41c3f4712", "attempt": 1, "success": true, "response_code": 200, "latency_ms": 1.63, "error": null, "next_backoff_s": null}
{"timestamp": 1787875608.823, "level": "INFO", "logger": "worker", "message": "delivery attempt", "worker_id": 2, "delivery_id": "f793e6dfb82d4d83", "event_id": "e67c1a3689b04c7b", "event_type": "order.created", "endpoint_id": "b21c9dc8acb441ae", "attempt": 1, "success": true, "response_code": 200, "latency_ms": 1.53, "error": null, "next_backoff_s": null}
{"timestamp": 1787875609.325, "level": "WARNING", "logger": "worker", "message": "delivery attempt", "worker_id": 3, "delivery_id": "77d60d7e0b3a4d13", "event_id": "53252a80fc2c44ed", "event_type": "payment.failed", "endpoint_id": "cab6e30ee4694acd", "attempt": 1, "success": false, "response_code": null, "latency_ms": 601.92, "error": "timeout", "next_backoff_s": 0.49}
{"timestamp": 1787875609.329, "level": "WARNING", "logger": "worker", "message": "delivery attempt", "worker_id": 5, "delivery_id": "d63abc9f296040cb", "event_id": "9e037f07eb964e46", "event_type": "user.updated", "endpoint_id": "856b21e41c3f4712", "attempt": 1, "success": false, "response_code": null, "latency_ms": 601.98, "error": "timeout", "next_backoff_s": 0.46}
{"timestamp": 1787875609.33, "level": "INFO", "logger": "worker", "message": "delivery attempt", "worker_id": 3, "delivery_id": "af43067c608e4cc8", "event_id": "7e999e9ef7f3417e", "event_type": "user.updated", "endpoint_id": "c3f134f1e26d41bd", "attempt": 1, "success": true, "response_code": 200, "latency_ms": 4.32, "error": null, "next_backoff_s": null}
{"timestamp": 1787875609.333, "level": "WARNING", "logger": "worker", "message": "delivery attempt", "worker_id": 3, "delivery_id": "72cb9170f3e7433a", "event_id": "7e999e9ef7f3417e", "event_type": "user.updated", "endpoint_id": "856b21e41c3f4712", "attempt": 1, "success": false, "response_code": 503, "latency_ms": 1.89, "error": "HTTP 503", "next_backoff_s": 0.44}
{"timestamp": 1787875609.388, "level": "WARNING", "logger": "worker", "message": "delivery attempt", "worker_id": 4, "delivery_id": "117e4f8656c143f4", "event_id": "3811990ec6ae4452", "event_type": "payment.succeeded", "endpoint_id": "cab6e30ee4694acd", "attempt": 1, "success": false, "response_code": null, "latency_ms": 602.05, "error": "timeout", "next_backoff_s": 0.36}
{"timestamp": 1787875609.391, "level": "WARNING", "logger": "worker", "message": "delivery attempt", "worker_id": 1, "delivery_id": "90b5d32ad77346a4", "event_id": "be39ff4f19e44070", "event_type": "payment.failed", "endpoint_id": "cab6e30ee4694acd", "attempt": 1, "success": false, "response_code": null, "latency_ms": 602.11, "error": "timeout", "next_backoff_s": 0.42}
{"timestamp": 1787875609.393, "level": "INFO", "logger": "worker", "message": "delivery attempt", "worker_id": 4, "delivery_id": "c89f5787052c4b59", "event_id": "be39ff4f19e44070", "event_type": "payment.failed", "endpoint_id": "c3f134f1e26d41bd", "attempt": 1, "success": true, "response_code": 200, "latency_ms": 2.35, "error": null, "next_backoff_s": null}
{"timestamp": 1787875609.395, "level": "INFO", "logger": "worker", "message": "delivery attempt", "worker_id": 1, "delivery_id": "842e899c9126448d", "event_id": "b93ccbe31eef4a21", "event_type": "user.updated", "endpoint_id": "c3f134f1e26d41bd", "attempt": 1, "success": true, "response_code": 200, "latency_ms": 1.89, "error": null, "next_backoff_s": null}
{"timestamp": 1787875609.397, "level": "INFO", "logger": "worker", "message": "delivery attempt", "worker_id": 4, "delivery_id": "9bf1e8ecf7e841df", "event_id": "be39ff4f19e44070", "event_type": "payment.failed", "endpoint_id": "856b21e41c3f4712", "attempt": 1, "success": true, "response_code": 200, "latency_ms": 2.68, "error": null, "next_backoff_s": null}
{"timestamp": 1787875609.399, "level": "WARNING", "logger": "worker", "message": "delivery attempt", "worker_id": 1, "delivery_id": "659c65aae6c04221", "event_id": "b93ccbe31eef4a21", "event_type": "user.updated", "endpoint_id": "856b21e41c3f4712", "attempt": 1, "success": false, "response_code": 503, "latency_ms": 1.99, "error": "HTTP 503", "next_backoff_s": 0.46}
{"timestamp": 1787875609.402, "level": "INFO", "logger": "worker", "message": "delivery attempt", "worker_id": 1, "delivery_id": "b232906c2ea642db", "event_id": "b93ccbe31eef4a21", "event_type": "user.updated", "endpoint_id": "b21c9dc8acb441ae", "attempt": 1, "success": true, "response_code": 200, "latency_ms": 2.22, "error": null, "next_backoff_s": null}
{"timestamp": 1787875609.405, "level": "INFO", "logger": "worker", "message": "delivery attempt", "worker_id": 4, "delivery_id": "004a1fbc1bb64958", "event_id": "afedea7289da4614", "event_type": "payment.succeeded", "endpoint_id": "856b21e41c3f4712", "attempt": 1, "success": true, "response_code": 200, "latency_ms": 3.66, "error": null, "next_backoff_s": null}
{"timestamp": 1787875609.408, "level": "INFO", "logger": "worker", "message": "delivery attempt", "worker_id": 4, "delivery_id": "f099642c64fb41ea", "event_id": "afedea7289da4614", "event_type": "payment.succeeded", "endpoint_id": "b21c9dc8acb441ae", "attempt": 1, "success": true, "response_code": 200, "latency_ms": 2.1, "error": null, "next_backoff_s": null}
{"timestamp": 1787875609.417, "level": "WARNING", "logger": "worker", "message": "delivery attempt", "worker_id": 0, "delivery_id": "397217b3e3604a85", "event_id": "b93ccbe31eef4a21", "event_type": "user.updated", "endpoint_id": "cab6e30ee4694acd", "attempt": 1, "success": false, "response_code": null, "latency_ms": 601.98, "error": "timeout", "next_backoff_s": 0.31}
{"timestamp": 1787875609.419, "level": "INFO", "logger": "worker", "message": "delivery attempt", "worker_id": 0, "delivery_id": "795598b646b44f90", "event_id": "2d2ea348132d4008", "event_type": "invoice.paid", "endpoint_id": "c3f134f1e26d41bd", "attempt": 1, "success": true, "response_code": 200, "latency_ms": 1.66, "error": null, "next_backoff_s": null}
{"timestamp": 1787875609.422, "level": "INFO", "logger": "worker", "message": "delivery attempt", "worker_id": 0, "delivery_id": "f4a5353ca23c4391", "event_id": "2d2ea348132d4008", "event_type": "invoice.paid", "endpoint_id": "856b21e41c3f4712", "attempt": 1, "success": true, "response_code": 200, "latency_ms": 2.14, "error": null, "next_backoff_s": null}
{"timestamp": 1787875609.425, "level": "WARNING", "logger": "worker", "message": "delivery attempt", "worker_id": 2, "delivery_id": "41551d12819e41f9", "event_id": "e67c1a3689b04c7b", "event_type": "order.created", "endpoint_id": "cab6e30ee4694acd", "attempt": 1, "success": false, "response_code": null, "latency_ms": 601.84, "error": "timeout", "next_backoff_s": 0.48}
{"timestamp": 1787875609.427, "level": "INFO", "logger": "worker", "message": "delivery attempt", "worker_id": 2, "delivery_id": "3fea6b0e0a5e4df8", "event_id": "afedea7289da4614", "event_type": "payment.succeeded", "endpoint_id": "c3f134f1e26d41bd", "attempt": 1, "success": true, "response_code": 200, "latency_ms": 1.7, "error": null, "next_backoff_s": null}
{"timestamp": 1787875609.933, "level": "WARNING", "logger": "worker", "message": "delivery attempt", "worker_id": 5, "delivery_id": "ff873c8772504ea7", "event_id": "9e037f07eb964e46", "event_type": "user.updated", "endpoint_id": "b21c9dc8acb441ae", "attempt": 1, "success": false, "response_code": null, "latency_ms": 602.97, "error": "timeout", "next_backoff_s": 0.32}
{"timestamp": 1787875609.937, "level": "WARNING", "logger": "worker", "message": "delivery attempt", "worker_id": 3, "delivery_id": "0493da2e8ec143fd", "event_id": "7e999e9ef7f3417e", "event_type": "user.updated", "endpoint_id": "b21c9dc8acb441ae", "attempt": 1, "success": false, "response_code": null, "latency_ms": 601.85, "error": "timeout", "next_backoff_s": 0.38}
{"timestamp": 1787875609.939, "level": "INFO", "logger": "worker", "message": "delivery attempt", "worker_id": 5, "delivery_id": "effc054a6621459e", "event_id": "835ac6cfc60d40ac", "event_type": "order.created", "endpoint_id": "c3f134f1e26d41bd", "attempt": 1, "success": true, "response_code": 200, "latency_ms": 2.79, "error": null, "next_backoff_s": null}
{"timestamp": 1787875609.942, "level": "INFO", "logger": "worker", "message": "delivery attempt", "worker_id": 3, "delivery_id": "e390bc8143d14d20", "event_id": "214cd7e9e3c44d96", "event_type": "payment.succeeded", "endpoint_id": "856b21e41c3f4712", "attempt": 1, "success": true, "response_code": 200, "latency_ms": 3.29, "error": null, "next_backoff_s": null}
{"timestamp": 1787875610.006, "level": "WARNING", "logger": "worker", "message": "delivery attempt", "worker_id": 1, "delivery_id": "c175a155eac34b19", "event_id": "1a0fcf656a57428e", "event_type": "payment.failed", "endpoint_id": "b21c9dc8acb441ae", "attempt": 1, "success": false, "response_code": null, "latency_ms": 601.9, "error": "timeout", "next_backoff_s": 0.4}
{"timestamp": 1787875610.009, "level": "WARNING", "logger": "worker", "message": "delivery attempt", "worker_id": 1, "delivery_id": "006238c7dc8e4ff8", "event_id": "1a0fcf656a57428e", "event_type": "payment.failed", "endpoint_id": "cab6e30ee4694acd", "attempt": 1, "success": false, "response_code": 503, "latency_ms": 2.46, "error": "HTTP 503", "next_backoff_s": 0.37}
{"timestamp": 1787875610.011, "level": "WARNING", "logger": "worker", "message": "delivery attempt", "worker_id": 4, "delivery_id": "22a280d50e214931", "event_id": "afedea7289da4614", "event_type": "payment.succeeded", "endpoint_id": "cab6e30ee4694acd", "attempt": 1, "success": false, "response_code": null, "latency_ms": 601.8, "error": "timeout", "next_backoff_s": 0.46}
{"timestamp": 1787875610.014, "level": "INFO", "logger": "worker", "message": "delivery attempt", "worker_id": 1, "delivery_id": "6ebce7321eb84ae7", "event_id": "ccbbbee0908e4a88", "event_type": "user.updated", "endpoint_id": "c3f134f1e26d41bd", "attempt": 1, "success": true, "response_code": 200, "latency_ms": 3.26, "error": null, "next_backoff_s": null}
{"timestamp": 1787875610.016, "level": "INFO", "logger": "worker", "message": "delivery attempt", "worker_id": 4, "delivery_id": "ee1e1b5a1b30485c", "event_id": "1a0fcf656a57428e", "event_type": "payment.failed", "endpoint_id": "c3f134f1e26d41bd", "attempt": 1, "success": true, "response_code": 200, "latency_ms": 3.49, "error": null, "next_backoff_s": null}
{"timestamp": 1787875610.018, "level": "INFO", "logger": "worker", "message": "delivery attempt", "worker_id": 1, "delivery_id": "1a9412af54404964", "event_id": "ccbbbee0908e4a88", "event_type": "user.updated", "endpoint_id": "856b21e41c3f4712", "attempt": 1, "success": true, "response_code": 200, "latency_ms": 3.61, "error": null, "next_backoff_s": null}
{"timestamp": 1787875610.021, "level": "INFO", "logger": "worker", "message": "delivery attempt", "worker_id": 4, "delivery_id": "73f2dae832c54e2b", "event_id": "1a0fcf656a57428e", "event_type": "payment.failed", "endpoint_id": "856b21e41c3f4712", "attempt": 1, "success": true, "response_code": 200, "latency_ms": 3.57, "error": null, "next_backoff_s": null}
{"timestamp": 1787875610.023, "level": "INFO", "logger": "worker", "message": "delivery attempt", "worker_id": 1, "delivery_id": "9cc0ddabe3094cfa", "event_id": "ccbbbee0908e4a88", "event_type": "user.updated", "endpoint_id": "b21c9dc8acb441ae", "attempt": 1, "success": true, "response_code": 200, "latency_ms": 2.56, "error": null, "next_backoff_s": null}
{"timestamp": 1787875610.026, "level": "INFO", "logger": "worker", "message": "delivery attempt", "worker_id": 4, "delivery_id": "6d16e878cfa14c61", "event_id": "6416c5bddac148de", "event_type": "payment.failed", "endpoint_id": "b21c9dc8acb441ae", "attempt": 1, "success": true, "response_code": 200, "latency_ms": 3.64, "error": null, "next_backoff_s": null}
{"timestamp": 1787875610.029, "level": "WARNING", "logger": "worker", "message": "delivery attempt", "worker_id": 0, "delivery_id": "0e7f5d0f9d5f4867", "event_id": "2d2ea348132d4008", "event_type": "invoice.paid", "endpoint_id": "b21c9dc8acb441ae", "attempt": 1, "success": false, "response_code": null, "latency_ms": 601.68, "error": "timeout", "next_backoff_s": 0.46}
{"timestamp": 1787875610.03, "level": "WARNING", "logger": "worker", "message": "delivery attempt", "worker_id": 2, "delivery_id": "634fe29550ba4fbd", "event_id": "ccbbbee0908e4a88", "event_type": "user.updated", "endpoint_id": "cab6e30ee4694acd", "attempt": 1, "success": false, "response_code": null, "latency_ms": 601.56, "error": "timeout", "next_backoff_s": 0.37}
{"timestamp": 1787875610.033, "level": "INFO", "logger": "worker", "message": "delivery attempt", "worker_id": 1, "delivery_id": "bc7f972af6bc4260", "event_id": "20d0536b3f5a4fde", "event_type": "user.updated", "endpoint_id": "cab6e30ee4694acd", "attempt": 1, "success": true, "response_code": 200, "latency_ms": 3.74, "error": null, "next_backoff_s": null}
{"timestamp": 1787875610.035, "level": "INFO", "logger": "worker", "message": "delivery attempt", "worker_id": 2, "delivery_id": "fdf5c7d0218747bc", "event_id": "1c112c2d821b4b05", "event_type": "invoice.paid", "endpoint_id": "c3f134f1e26d41bd", "attempt": 1, "success": true, "response_code": 200, "latency_ms": 1.87, "error": null, "next_backoff_s": null}
{"timestamp": 1787875610.037, "level": "INFO", "logger": "worker", "message": "delivery attempt", "worker_id": 1, "delivery_id": "ea36cc7f63034d5e", "event_id": "fc89e5364b684b8b", "event_type": "invoice.paid", "endpoint_id": "c3f134f1e26d41bd", "attempt": 1, "success": true, "response_code": 200, "latency_ms": 1.83, "error": null, "next_backoff_s": null}
{"timestamp": 1787875610.04, "level": "INFO", "logger": "worker", "message": "delivery attempt", "worker_id": 2, "delivery_id": "79c123ffe4bf4217", "event_id": "1c112c2d821b4b05", "event_type": "invoice.paid", "endpoint_id": "856b21e41c3f4712", "attempt": 1, "success": true, "response_code": 200, "latency_ms": 3.65, "error": null, "next_backoff_s": null}
{"timestamp": 1787875610.041, "level": "INFO", "logger": "worker", "message": "delivery attempt", "worker_id": 1, "delivery_id": "d6253c01da264b4a", "event_id": "fc89e5364b684b8b", "event_type": "invoice.paid", "endpoint_id": "856b21e41c3f4712", "attempt": 1, "success": true, "response_code": 200, "latency_ms": 2.76, "error": null, "next_backoff_s": null}
{"timestamp": 1787875610.043, "level": "INFO", "logger": "worker", "message": "delivery attempt", "worker_id": 1, "delivery_id": "dd847b9955a54359", "event_id": "fc89e5364b684b8b", "event_type": "invoice.paid", "endpoint_id": "b21c9dc8acb441ae", "attempt": 1, "success": true, "response_code": 200, "latency_ms": 1.67, "error": null, "next_backoff_s": null}
{"timestamp": 1787875610.543, "level": "WARNING", "logger": "worker", "message": "delivery attempt", "worker_id": 5, "delivery_id": "a7f82601579c4a71", "event_id": "835ac6cfc60d40ac", "event_type": "order.created", "endpoint_id": "856b21e41c3f4712", "attempt": 1, "success": false, "response_code": null, "latency_ms": 602.85, "error": "timeout", "next_backoff_s": 0.5}
{"timestamp": 1787875610.545, "level": "WARNING", "logger": "worker", "message": "delivery attempt", "worker_id": 3, "delivery_id": "da67848375794a86", "event_id": "214cd7e9e3c44d96", "event_type": "payment.succeeded", "endpoint_id": "b21c9dc8acb441ae", "attempt": 1, "success": false, "response_code": null, "latency_ms": 601.56, "error": "timeout", "next_backoff_s": 0.44}
{"timestamp": 1787875610.63, "level": "WARNING", "logger": "worker", "message": "delivery attempt", "worker_id": 4, "delivery_id": "7cbb1166de1b49dc", "event_id": "6416c5bddac148de", "event_type": "payment.failed", "endpoint_id": "cab6e30ee4694acd", "attempt": 1, "success": false, "response_code": null, "latency_ms": 602.52, "error": "timeout", "next_backoff_s": 0.42}
{"timestamp": 1787875610.633, "level": "WARNING", "logger": "worker", "message": "delivery attempt", "worker_id": 0, "delivery_id": "8ca9c6d54b6c4801", "event_id": "2d2ea348132d4008", "event_type": "invoice.paid", "endpoint_id": "cab6e30ee4694acd", "attempt": 1, "success": false, "response_code": null, "latency_ms": 602.32, "error": "timeout", "next_backoff_s": 0.45}
{"timestamp": 1787875610.635, "level": "INFO", "logger": "worker", "message": "delivery attempt", "worker_id": 4, "delivery_id": "7e3cd54480d84cfc", "event_id": "20d0536b3f5a4fde", "event_type": "user.updated", "endpoint_id": "c3f134f1e26d41bd", "attempt": 1, "success": true, "response_code": 200, "latency_ms": 2.53, "error": null, "next_backoff_s": null}
{"timestamp": 1787875610.637, "level": "INFO", "logger": "worker", "message": "delivery attempt", "worker_id": 0, "delivery_id": "e11597ff17734cb6", "event_id": "1179c8181e744595", "event_type": "order.created", "endpoint_id": "c3f134f1e26d41bd", "attempt": 1, "success": true, "response_code": 200, "latency_ms": 3.14, "error": null, "next_backoff_s": null}
{"timestamp": 1787875610.641, "level": "INFO", "logger": "worker", "message": "delivery attempt", "worker_id": 0, "delivery_id": "7952a27ce3a548cc", "event_id": "1179c8181e744595", "event_type": "order.created", "endpoint_id": "856b21e41c3f4712", "attempt": 1, "success": true, "response_code": 200, "latency_ms": 2.33, "error": null, "next_backoff_s": null}
{"timestamp": 1787875610.643, "level": "INFO", "logger": "worker", "message": "delivery attempt", "worker_id": 4, "delivery_id": "8558bb87a01d401e", "event_id": "20d0536b3f5a4fde", "event_type": "user.updated", "endpoint_id": "856b21e41c3f4712", "attempt": 1, "success": true, "response_code": 200, "latency_ms": 4.56, "error": null, "next_backoff_s": null}
{"timestamp": 1787875610.645, "level": "WARNING", "logger": "worker", "message": "delivery attempt", "worker_id": 2, "delivery_id": "65a338d2ffcf4137", "event_id": "1c112c2d821b4b05", "event_type": "invoice.paid", "endpoint_id": "b21c9dc8acb441ae", "attempt": 1, "success": false, "response_code": null, "latency_ms": 601.66, "error": "timeout", "next_backoff_s": 0.34}
{"timestamp": 1787875610.647, "level": "WARNING", "logger": "worker", "message": "delivery attempt", "worker_id": 1, "delivery_id": "bc7cce4e2fe44740", "event_id": "fc89e5364b684b8b", "event_type": "invoice.paid", "endpoint_id": "cab6e30ee4694acd", "attempt": 1, "success": false, "response_code": null, "latency_ms": 602.05, "error": "timeout", "next_backoff_s": 0.49}
{"timestamp": 1787875610.648, "level": "INFO", "logger": "worker", "message": "delivery attempt", "worker_id": 0, "delivery_id": "2023ce24937c4ff6", "event_id": "1179c8181e744595", "event_type": "order.created", "endpoint_id": "b21c9dc8acb441ae", "attempt": 1, "success": true, "response_code": 200, "latency_ms": 3.21, "error": null, "next_backoff_s": null}
{"timestamp": 1787875610.652, "level": "INFO", "logger": "worker", "message": "delivery attempt", "worker_id": 2, "delivery_id": "23af5d681a9847c9", "event_id": "1c112c2d821b4b05", "event_type": "invoice.paid", "endpoint_id": "cab6e30ee4694acd", "attempt": 1, "success": true, "response_code": 200, "latency_ms": 2.25, "error": null, "next_backoff_s": null}
{"timestamp": 1787875610.654, "level": "INFO", "logger": "worker", "message": "delivery attempt", "worker_id": 0, "delivery_id": "3af6da05fba14393", "event_id": "1179c8181e744595", "event_type": "order.created", "endpoint_id": "cab6e30ee4694acd", "attempt": 1, "success": true, "response_code": 200, "latency_ms": 2.97, "error": null, "next_backoff_s": null}
{"timestamp": 1787875610.657, "level": "INFO", "logger": "worker", "message": "delivery attempt", "worker_id": 2, "delivery_id": "3b5e32e0e6394593", "event_id": "17344b9ad5774a3c", "event_type": "payment.failed", "endpoint_id": "b21c9dc8acb441ae", "attempt": 1, "success": true, "response_code": 200, "latency_ms": 3.06, "error": null, "next_backoff_s": null}
{"timestamp": 1787875610.658, "level": "INFO", "logger": "worker", "message": "delivery attempt", "worker_id": 0, "delivery_id": "56caf96d0f4c4f1e", "event_id": "76c72074617c4aeb", "event_type": "payment.succeeded", "endpoint_id": "c3f134f1e26d41bd", "attempt": 1, "success": true, "response_code": 200, "latency_ms": 2.47, "error": null, "next_backoff_s": null}
{"timestamp": 1787875610.661, "level": "INFO", "logger": "worker", "message": "delivery attempt", "worker_id": 1, "delivery_id": "45099b8297da4416", "event_id": "76c72074617c4aeb", "event_type": "payment.succeeded", "endpoint_id": "856b21e41c3f4712", "attempt": 1, "success": true, "response_code": 200, "latency_ms": 3.41, "error": null, "next_backoff_s": null}
{"timestamp": 1787875610.664, "level": "WARNING", "logger": "worker", "message": "delivery attempt", "worker_id": 1, "delivery_id": "f91060735e524a8c", "event_id": "76c72074617c4aeb", "event_type": "payment.succeeded", "endpoint_id": "b21c9dc8acb441ae", "attempt": 1, "success": false, "response_code": 503, "latency_ms": 2.03, "error": "HTTP 503", "next_backoff_s": 0.42}
{"timestamp": 1787875611.147, "level": "WARNING", "logger": "worker", "message": "delivery attempt", "worker_id": 5, "delivery_id": "e473764deb3f42bf", "event_id": "835ac6cfc60d40ac", "event_type": "order.created", "endpoint_id": "b21c9dc8acb441ae", "attempt": 1, "success": false, "response_code": null, "latency_ms": 602.73, "error": "timeout", "next_backoff_s": 0.35}
{"timestamp": 1787875611.149, "level": "WARNING", "logger": "worker", "message": "delivery attempt", "worker_id": 3, "delivery_id": "67fd38eac58b43ad", "event_id": "214cd7e9e3c44d96", "event_type": "payment.succeeded", "endpoint_id": "cab6e30ee4694acd", "attempt": 1, "success": false, "response_code": null, "latency_ms": 601.87, "error": "timeout", "next_backoff_s": 0.48}
{"timestamp": 1787875611.151, "level": "INFO", "logger": "worker", "message": "delivery attempt", "worker_id": 3, "delivery_id": "ffd5b0ffdbcc494b", "event_id": "6416c5bddac148de", "event_type": "payment.failed", "endpoint_id": "c3f134f1e26d41bd", "attempt": 1, "success": true, "response_code": 200, "latency_ms": 1.69, "error": null, "next_backoff_s": null}
{"timestamp": 1787875611.154, "level": "INFO", "logger": "worker", "message": "delivery attempt", "worker_id": 3, "delivery_id": "d7aaf56461814b5e", "event_id": "6416c5bddac148de", "event_type": "payment.failed", "endpoint_id": "856b21e41c3f4712", "attempt": 1, "success": true, "response_code": 200, "latency_ms": 1.68, "error": null, "next_backoff_s": null}
{"timestamp": 1787875611.157, "level": "INFO", "logger": "worker", "message": "delivery attempt", "worker_id": 3, "delivery_id": "9f663837322c4897", "event_id": "36ff17c34ec448f3", "event_type": "order.created", "endpoint_id": "c3f134f1e26d41bd", "attempt": 1, "success": true, "response_code": 200, "latency_ms": 1.63, "error": null, "next_backoff_s": null}
{"timestamp": 1787875611.159, "level": "INFO", "logger": "worker", "message": "delivery attempt", "worker_id": 3, "delivery_id": "77706ce144674b2f", "event_id": "36ff17c34ec448f3", "event_type": "order.created", "endpoint_id": "856b21e41c3f4712", "attempt": 1, "success": true, "response_code": 200, "latency_ms": 1.6, "error": null, "next_backoff_s": null}
{"timestamp": 1787875611.161, "level": "INFO", "logger": "worker", "message": "delivery attempt", "worker_id": 3, "delivery_id": "4a37189c7bcf4ee4", "event_id": "36ff17c34ec448f3", "event_type": "order.created", "endpoint_id": "b21c9dc8acb441ae", "attempt": 1, "success": true, "response_code": 200, "latency_ms": 1.62, "error": null, "next_backoff_s": null}
{"timestamp": 1787875611.246, "level": "WARNING", "logger": "worker", "message": "delivery attempt", "worker_id": 4, "delivery_id": "a348a678e1694234", "event_id": "20d0536b3f5a4fde", "event_type": "user.updated", "endpoint_id": "b21c9dc8acb441ae", "attempt": 1, "success": false, "response_code": null, "latency_ms": 602.45, "error": "timeout", "next_backoff_s": 0.41}
{"timestamp": 1787875611.249, "level": "WARNING", "logger": "worker", "message": "delivery attempt", "worker_id": 4, "delivery_id": "fb36a0b433214e86", "event_id": "89ccb5f256a54dbc", "event_type": "payment.succeeded", "endpoint_id": "856b21e41c3f4712", "attempt": 1, "success": false, "response_code": 503, "latency_ms": 2.24, "error": "HTTP 503", "next_backoff_s": 0.4}
{"timestamp": 1787875611.252, "level": "INFO", "logger": "worker", "message": "delivery attempt", "worker_id": 4, "delivery_id": "f534aecfb97447d5", "event_id": "89ccb5f256a54dbc", "event_type": "payment.succeeded", "endpoint_id": "b21c9dc8acb441ae", "attempt": 1, "success": true, "response_code": 200, "latency_ms": 1.94, "error": null, "next_backoff_s": null}
{"timestamp": 1787875611.254, "level": "WARNING", "logger": "worker", "message": "delivery attempt", "worker_id": 4, "delivery_id": "aadc18671eb74c45", "event_id": "89ccb5f256a54dbc", "event_type": "payment.succeeded", "endpoint_id": "cab6e30ee4694acd", "attempt": 1, "success": false, "response_code": 503, "latency_ms": 1.55, "error": "HTTP 503", "next_backoff_s": 0.39}
{"timestamp": 1787875611.257, "level": "INFO", "logger": "worker", "message": "delivery attempt", "worker_id": 4, "delivery_id": "2bc7a09ff5464bf4", "event_id": "127292572d6f4cd9", "event_type": "payment.failed", "endpoint_id": "c3f134f1e26d41bd", "attempt": 1, "success": true, "response_code": 200, "latency_ms": 1.64, "error": null, "next_backoff_s": null}
{"timestamp": 1787875611.259, "level": "INFO", "logger": "worker", "message": "delivery attempt", "worker_id": 4, "delivery_id": "704cd63223a848ed", "event_id": "127292572d6f4cd9", "event_type": "payment.failed", "endpoint_id": "856b21e41c3f4712", "attempt": 1, "success": true, "response_code": 200, "latency_ms": 1.55, "error": null, "next_backoff_s": null}
{"timestamp": 1787875611.262, "level": "WARNING", "logger": "worker", "message": "delivery attempt", "worker_id": 2, "delivery_id": "8ce9cf8d626143c3", "event_id": "17344b9ad5774a3c", "event_type": "payment.failed", "endpoint_id": "cab6e30ee4694acd", "attempt": 1, "success": false, "response_code": null, "latency_ms": 601.94, "error": "timeout", "next_backoff_s": 0.48}
{"timestamp": 1787875611.263, "level": "INFO", "logger": "worker", "message": "delivery attempt", "worker_id": 4, "delivery_id": "a2709a67efa542c0", "event_id": "127292572d6f4cd9", "event_type": "payment.failed", "endpoint_id": "b21c9dc8acb441ae", "attempt": 1, "success": true, "response_code": 200, "latency_ms": 2.11, "error": null, "next_backoff_s": null}
{"timestamp": 1787875611.266, "level": "WARNING", "logger": "worker", "message": "delivery attempt", "worker_id": 0, "delivery_id": "d05c7eee140449d4", "event_id": "cfcc595b49644268", "event_type": "user.updated", "endpoint_id": "cab6e30ee4694acd", "attempt": 1, "success": false, "response_code": null, "latency_ms": 601.97, "error": "timeout", "next_backoff_s": 0.47}
{"timestamp": 1787875611.268, "level": "WARNING", "logger": "worker", "message": "delivery attempt", "worker_id": 1, "delivery_id": "868b8f881c5f4ad9", "event_id": "76c72074617c4aeb", "event_type": "payment.succeeded", "endpoint_id": "cab6e30ee4694acd", "attempt": 1, "success": false, "response_code": null, "latency_ms": 602.61, "error": "timeout", "next_backoff_s": 0.37}
{"timestamp": 1787875611.27, "level": "INFO", "logger": "worker", "message": "delivery attempt", "worker_id": 2, "delivery_id": "48a7a29f1b1647eb", "event_id": "cfcc595b49644268", "event_type": "user.updated", "endpoint_id": "c3f134f1e26d41bd", "attempt": 1, "success": true, "response_code": 200, "latency_ms": 3.6, "error": null, "next_backoff_s": null}
{"timestamp": 1787875611.272, "level": "INFO", "logger": "worker", "message": "delivery attempt", "worker_id": 0, "delivery_id": "dfd2d884d6784fe4", "event_id": "d50f222046284273", "event_type": "invoice.paid", "endpoint_id": "c3f134f1e26d41bd", "attempt": 1, "success": true, "response_code": 200, "latency_ms": 3.53, "error": null, "next_backoff_s": null}
{"timestamp": 1787875611.275, "level": "INFO", "logger": "worker", "message": "delivery attempt", "worker_id": 1, "delivery_id": "a3dba43185c5493b", "event_id": "17344b9ad5774a3c", "event_type": "payment.failed", "endpoint_id": "c3f134f1e26d41bd", "attempt": 1, "success": true, "response_code": 200, "latency_ms": 3.32, "error": null, "next_backoff_s": null}
{"timestamp": 1787875611.277, "level": "INFO", "logger": "worker", "message": "delivery attempt", "worker_id": 2, "delivery_id": "d1639aeb470d43f6", "event_id": "cfcc595b49644268", "event_type": "user.updated", "endpoint_id": "856b21e41c3f4712", "attempt": 1, "success": true, "response_code": 200, "latency_ms": 3.44, "error": null, "next_backoff_s": null}
{"timestamp": 1787875611.279, "level": "INFO", "logger": "worker", "message": "delivery attempt", "worker_id": 1, "delivery_id": "34d67dfede5948c2", "event_id": "17344b9ad5774a3c", "event_type": "payment.failed", "endpoint_id": "856b21e41c3f4712", "attempt": 1, "success": true, "response_code": 200, "latency_ms": 3.59, "error": null, "next_backoff_s": null}
{"timestamp": 1787875611.282, "level": "INFO", "logger": "worker", "message": "delivery attempt", "worker_id": 0, "delivery_id": "fc163918fa3f4582", "event_id": "d50f222046284273", "event_type": "invoice.paid", "endpoint_id": "856b21e41c3f4712", "attempt": 1, "success": true, "response_code": 200, "latency_ms": 3.77, "error": null, "next_backoff_s": null}
{"timestamp": 1787875611.285, "level": "INFO", "logger": "worker", "message": "delivery attempt", "worker_id": 2, "delivery_id": "45d6b885a6344d8a", "event_id": "cfcc595b49644268", "event_type": "user.updated", "endpoint_id": "b21c9dc8acb441ae", "attempt": 1, "success": true, "response_code": 200, "latency_ms": 2.9, "error": null, "next_backoff_s": null}
{"timestamp": 1787875611.287, "level": "WARNING", "logger": "worker", "message": "delivery attempt", "worker_id": 0, "delivery_id": "4c4065d6127746da", "event_id": "d50f222046284273", "event_type": "invoice.paid", "endpoint_id": "b21c9dc8acb441ae", "attempt": 1, "success": false, "response_code": 503, "latency_ms": 2.44, "error": "HTTP 503", "next_backoff_s": 0.31}
{"timestamp": 1787875611.289, "level": "INFO", "logger": "worker", "message": "delivery attempt", "worker_id": 2, "delivery_id": "290db0b7bd724360", "event_id": "0fa9d6f3771d4f7f", "event_type": "order.created", "endpoint_id": "c3f134f1e26d41bd", "attempt": 1, "success": true, "response_code": 200, "latency_ms": 2.78, "error": null, "next_backoff_s": null}
{"timestamp": 1787875611.291, "level": "INFO", "logger": "worker", "message": "delivery attempt", "worker_id": 0, "delivery_id": "3980fcce110d444a", "event_id": "d50f222046284273", "event_type": "invoice.paid", "endpoint_id": "cab6e30ee4694acd", "attempt": 1, "success": true, "response_code": 200, "latency_ms": 3.49, "error": null, "next_backoff_s": null}
{"timestamp": 1787875611.294, "level": "WARNING", "logger": "worker", "message": "delivery attempt", "worker_id": 2, "delivery_id": "c9e7c36458a745ab", "event_id": "0fa9d6f3771d4f7f", "event_type": "order.created", "endpoint_id": "856b21e41c3f4712", "attempt": 1, "success": false, "response_code": 503, "latency_ms": 2.97, "error": "HTTP 503", "next_backoff_s": 0.4}
{"timestamp": 1787875611.304, "level": "WARNING", "logger": "worker", "message": "delivery attempt", "worker_id": 1, "delivery_id": "b83255f7e8f64b05", "event_id": "206132bb227f4ac1", "event_type": "user.updated", "endpoint_id": "cab6e30ee4694acd", "attempt": 1, "success": false, "response_code": 503, "latency_ms": 2.93, "error": "HTTP 503", "next_backoff_s": 0.39}
{"timestamp": 1787875611.307, "level": "INFO", "logger": "worker", "message": "delivery attempt", "worker_id": 1, "delivery_id": "89cecf837c094338", "event_id": "0ffcde09febc493d", "event_type": "invoice.paid", "endpoint_id": "c3f134f1e26d41bd", "attempt": 1, "success": true, "response_code": 200, "latency_ms": 1.7, "error": null, "next_backoff_s": null}
{"timestamp": 1787875611.751, "level": "WARNING", "logger": "worker", "message": "delivery attempt", "worker_id": 5, "delivery_id": "fa8c1fbb951f404c", "event_id": "835ac6cfc60d40ac", "event_type": "order.created", "endpoint_id": "cab6e30ee4694acd", "attempt": 1, "success": false, "response_code": null, "latency_ms": 602.02, "error": "timeout", "next_backoff_s": 0.33}
{"timestamp": 1787875611.754, "level": "INFO", "logger": "worker", "message": "delivery attempt", "worker_id": 5, "delivery_id": "e6f0956420da423b", "event_id": "214cd7e9e3c44d96", "event_type": "payment.succeeded", "endpoint_id": "c3f134f1e26d41bd", "attempt": 1, "success": true, "response_code": 200, "latency_ms": 2.15, "error": null, "next_backoff_s": null}
{"timestamp": 1787875611.764, "level": "WARNING", "logger": "worker", "message": "delivery attempt", "worker_id": 3, "delivery_id": "4bf8c45347614a79", "event_id": "36ff17c34ec448f3", "event_type": "order.created", "endpoint_id": "cab6e30ee4694acd", "attempt": 1, "success": false, "response_code": null, "latency_ms": 601.57, "error": "timeout", "next_backoff_s": 0.48}
{"timestamp": 1787875611.767, "level": "INFO", "logger": "worker", "message": "delivery attempt", "worker_id": 3, "delivery_id": "e99851b29a7d44b8", "event_id": "89ccb5f256a54dbc", "event_type": "payment.succeeded", "endpoint_id": "c3f134f1e26d41bd", "attempt": 1, "success": true, "response_code": 200, "latency_ms": 2.25, "error": null, "next_backoff_s": null}
{"timestamp": 1787875611.769, "level": "INFO", "logger": "worker", "message": "delivery attempt", "worker_id": 3, "delivery_id": "45aa2956aa324b9c", "event_id": "5d2b0dff51b14552", "event_type": "user.updated", "endpoint_id": "cab6e30ee4694acd", "attempt": 1, "success": true, "response_code": 200, "latency_ms": 1.75, "error": null, "next_backoff_s": null}
{"timestamp": 1787875611.772, "level": "INFO", "logger": "worker", "message": "delivery attempt", "worker_id": 3, "delivery_id": "9b8c65c9c9304725", "event_id": "02f2b823936a4725", "event_type": "invoice.paid", "endpoint_id": "c3f134f1e26d41bd", "attempt": 1, "success": true, "response_code": 200, "latency_ms": 1.79, "error": null, "next_backoff_s": null}
{"timestamp": 1787875611.869, "level": "WARNING", "logger": "worker", "message": "delivery attempt", "worker_id": 4, "delivery_id": "4d18c7df8cec482d", "event_id": "127292572d6f4cd9", "event_type": "payment.failed", "endpoint_id": "cab6e30ee4694acd", "attempt": 1, "success": false, "response_code": null, "latency_ms": 604.28, "error": "timeout", "next_backoff_s": 0.45}
{"timestamp": 1787875611.872, "level": "INFO", "logger": "worker", "message": "delivery attempt", "worker_id": 4, "delivery_id": "ed22bf8aefa94f69", "event_id": "206132bb227f4ac1", "event_type": "user.updated", "endpoint_id": "c3f134f1e26d41bd", "attempt": 1, "success": true, "response_code": 200, "latency_ms": 1.96, "error": null, "next_backoff_s": null}
{"timestamp": 1787875611.874, "level": "INFO", "logger": "worker", "message": "delivery attempt", "worker_id": 4, "delivery_id": "69e0912fa09b4471", "event_id": "206132bb227f4ac1", "event_type": "user.updated", "endpoint_id": "856b21e41c3f4712", "attempt": 1, "success": true, "response_code": 200, "latency_ms": 1.63, "error": null, "next_backoff_s": null}
{"timestamp": 1787875611.895, "level": "WARNING", "logger": "worker", "message": "delivery attempt", "worker_id": 0, "delivery_id": "84d4633df81c4d8a", "event_id": "6501854e007848d0", "event_type": "payment.succeeded", "endpoint_id": "856b21e41c3f4712", "attempt": 1, "success": false, "response_code": null, "latency_ms": 601.84, "error": "timeout", "next_backoff_s": 0.39}
{"timestamp": 1787875611.898, "level": "WARNING", "logger": "worker", "message": "delivery attempt", "worker_id": 2, "delivery_id": "3d30b11ca751484f", "event_id": "0fa9d6f3771d4f7f", "event_type": "order.created", "endpoint_id": "b21c9dc8acb441ae", "attempt": 1, "success": false, "response_code": null, "latency_ms": 601.33, "error": "timeout", "next_backoff_s": 0.4}
{"timestamp": 1787875611.9, "level": "INFO", "logger": "worker", "message": "delivery attempt", "worker_id": 0, "delivery_id": "483f0f6823d1449d", "event_id": "6501854e007848d0", "event_type": "payment.succeeded", "endpoint_id": "b21c9dc8acb441ae", "attempt": 1, "success": true, "response_code": 200, "latency_ms": 2.0, "error": null, "next_backoff_s": null}
{"timestamp": 1787875611.902, "level": "WARNING", "logger": "worker", "message": "delivery attempt", "worker_id": 2, "delivery_id": "8a2b95fbdaec48e1", "event_id": "0fa9d6f3771d4f7f", "event_type": "order.created", "endpoint_id": "cab6e30ee4694acd", "attempt": 1, "success": false, "response_code": 503, "latency_ms": 1.85, "error": "HTTP 503", "next_backoff_s": 0.47}
{"timestamp": 1787875611.904, "level": "INFO", "logger": "worker", "message": "delivery attempt", "worker_id": 2, "delivery_id": "332af6aba41945af", "event_id": "6501854e007848d0", "event_type": "payment.succeeded", "endpoint_id": "c3f134f1e26d41bd", "attempt": 1, "success": true, "response_code": 200, "latency_ms": 1.85, "error": null, "next_backoff_s": null}
{"timestamp": 1787875611.907, "level": "INFO", "logger": "worker", "message": "delivery attempt", "worker_id": 2, "delivery_id": "23065c699c4e49d0", "event_id": "aac47ba05c53488e", "event_type": "order.created", "endpoint_id": "c3f134f1e26d41bd", "attempt": 1, "success": true, "response_code": 200, "latency_ms": 1.68, "error": null, "next_backoff_s": null}
{"timestamp": 1787875611.909, "level": "WARNING", "logger": "worker", "message": "delivery attempt", "worker_id": 1, "delivery_id": "1f1f66ea69be482e", "event_id": "0ffcde09febc493d", "event_type": "invoice.paid", "endpoint_id": "856b21e41c3f4712", "attempt": 1, "success": false, "response_code": null, "latency_ms": 601.96, "error": "timeout", "next_backoff_s": 0.34}
{"timestamp": 1787875611.91, "level": "INFO", "logger": "worker", "message": "delivery attempt", "worker_id": 2, "delivery_id": "bb0608e7f10045e7", "event_id": "aac47ba05c53488e", "event_type": "order.created", "endpoint_id": "856b21e41c3f4712", "attempt": 1, "success": true, "response_code": 200, "latency_ms": 1.8, "error": null, "next_backoff_s": null}
{"timestamp": 1787875612.357, "level": "WARNING", "logger": "worker", "message": "delivery attempt", "worker_id": 5, "delivery_id": "3d7fe4804cc3485c", "event_id": "967423e89f374204", "event_type": "payment.failed", "endpoint_id": "b21c9dc8acb441ae", "attempt": 1, "success": false, "response_code": null, "latency_ms": 602.07, "error": "timeout", "next_backoff_s": 0.45}
{"timestamp": 1787875612.374, "level": "WARNING", "logger": "worker", "message": "delivery attempt", "worker_id": 3, "delivery_id": "78520add4ef8477e", "event_id": "02f2b823936a4725", "event_type": "invoice.paid", "endpoint_id": "856b21e41c3f4712", "attempt": 1, "success": false, "response_code": null, "latency_ms": 601.76, "error": "timeout", "next_backoff_s": 0.31}
{"timestamp": 1787875612.476, "level": "WARNING", "logger": "worker", "message": "delivery attempt", "worker_id": 4, "delivery_id": "4e7efa0242324bac", "event_id": "206132bb227f4ac1", "event_type": "user.updated", "endpoint_id": "b21c9dc8acb441ae", "attempt": 1, "success": false, "response_code": null, "latency_ms": 601.25, "error": "timeout", "next_backoff_s": 0.35}
{"timestamp": 1787875612.479, "level": "INFO", "logger": "worker", "message": "delivery attempt", "worker_id": 4, "delivery_id": "28feffb6d56e49fa", "event_id": "a954f787b77f49f8", "event_type": "payment.succeeded", "endpoint_id": "856b21e41c3f4712", "attempt": 1, "success": true, "response_code": 200, "latency_ms": 2.15, "error": null, "next_backoff_s": null}
{"timestamp": 1787875612.481, "level": "INFO", "logger": "worker", "message": "delivery attempt", "worker_id": 4, "delivery_id": "e458ae88b4394f0a", "event_id": "a954f787b77f49f8", "event_type": "payment.succeeded", "endpoint_id": "b21c9dc8acb441ae", "attempt": 1, "success": true, "response_code": 200, "latency_ms": 1.72, "error": null, "next_backoff_s": null}
{"timestamp": 1787875612.503, "level": "WARNING", "logger": "worker", "message": "delivery attempt", "worker_id": 0, "delivery_id": "e067fd82da994173", "event_id": "6501854e007848d0", "event_type": "payment.succeeded", "endpoint_id": "cab6e30ee4694acd", "attempt": 1, "success": false, "response_code": null, "latency_ms": 602.17, "error": "timeout", "next_backoff_s": 0.45}
{"timestamp": 1787875612.505, "level": "INFO", "logger": "worker", "message": "delivery attempt", "worker_id": 0, "delivery_id": "6881e8e7033a4c91", "event_id": "967423e89f374204", "event_type": "payment.failed", "endpoint_id": "c3f134f1e26d41bd", "attempt": 1, "success": true, "response_code": 200, "latency_ms": 1.77, "error": null, "next_backoff_s": null}
{"timestamp": 1787875612.508, "level": "INFO", "logger": "worker", "message": "delivery attempt", "worker_id": 0, "delivery_id": "b8f11029c13b4d40", "event_id": "967423e89f374204", "event_type": "payment.failed", "endpoint_id": "856b21e41c3f4712", "attempt": 1, "success": true, "response_code": 200, "latency_ms": 1.75, "error": null, "next_backoff_s": null}
{"timestamp": 1787875612.511, "level": "INFO", "logger": "worker", "message": "delivery attempt", "worker_id": 0, "delivery_id": "846dce606f8e4fc0", "event_id": "035e1f611c0f4426", "event_type": "payment.failed", "endpoint_id": "b21c9dc8acb441ae", "attempt": 1, "success": true, "response_code": 200, "latency_ms": 1.53, "error": null, "next_backoff_s": null}
{"timestamp": 1787875612.513, "level": "WARNING", "logger": "worker", "message": "delivery attempt", "worker_id": 1, "delivery_id": "358744753af14857", "event_id": "0ffcde09febc493d", "event_type": "invoice.paid", "endpoint_id": "b21c9dc8acb441ae", "attempt": 1, "success": false, "response_code": null, "latency_ms": 602.75, "error": "timeout", "next_backoff_s": 0.31}
{"timestamp": 1787875612.514, "level": "WARNING", "logger": "worker", "message": "delivery attempt", "worker_id": 2, "delivery_id": "e7a8c27ef45f49bc", "event_id": "aac47ba05c53488e", "event_type": "order.created", "endpoint_id": "b21c9dc8acb441ae", "attempt": 1, "success": false, "response_code": null, "latency_ms": 601.89, "error": "timeout", "next_backoff_s": 0.34}
{"timestamp": 1787875612.517, "level": "INFO", "logger": "worker", "message": "delivery attempt", "worker_id": 0, "delivery_id": "315d257181c74ebc", "event_id": "035e1f611c0f4426", "event_type": "payment.failed", "endpoint_id": "cab6e30ee4694acd", "attempt": 1, "success": true, "response_code": 200, "latency_ms": 3.05, "error": null, "next_backoff_s": null}
{"timestamp": 1787875612.519, "level": "WARNING", "logger": "worker", "message": "delivery attempt", "worker_id": 1, "delivery_id": "30ce3eb0e6fb47ee", "event_id": "0ffcde09febc493d", "event_type": "invoice.paid", "endpoint_id": "cab6e30ee4694acd", "attempt": 1, "success": false, "response_code": 503, "latency_ms": 5.05, "error": "HTTP 503", "next_backoff_s": 0.34}
{"timestamp": 1787875612.522, "level": "INFO", "logger": "worker", "message": "delivery attempt", "worker_id": 0, "delivery_id": "7514730cba4c46a7", "event_id": "9f1653cbca354402", "event_type": "user.updated", "endpoint_id": "c3f134f1e26d41bd", "attempt": 1, "success": true, "response_code": 200, "latency_ms": 2.72, "error": null, "next_backoff_s": null}
{"timestamp": 1787875612.523, "level": "WARNING", "logger": "worker", "message": "delivery attempt", "worker_id": 2, "delivery_id": "c845ae083115421b", "event_id": "aac47ba05c53488e", "event_type": "order.created", "endpoint_id": "cab6e30ee4694acd", "attempt": 1, "success": false, "response_code": 503, "latency_ms": 4.44, "error": "HTTP 503", "next_backoff_s": 0.49}
{"timestamp": 1787875612.527, "level": "INFO", "logger": "worker", "message": "delivery attempt", "worker_id": 2, "delivery_id": "0347c32a58174f9f", "event_id": "a954f787b77f49f8", "event_type": "payment.succeeded", "endpoint_id": "c3f134f1e26d41bd", "attempt": 1, "success": true, "response_code": 200, "latency_ms": 2.66, "error": null, "next_backoff_s": null}
{"timestamp": 1787875612.53, "level": "INFO", "logger": "worker", "message": "delivery attempt", "worker_id": 2, "delivery_id": "563696b0785c4b8d", "event_id": "130f73737a4d4514", "event_type": "order.created", "endpoint_id": "c3f134f1e26d41bd", "attempt": 1, "success": true, "response_code": 200, "latency_ms": 1.7, "error": null, "next_backoff_s": null}
{"timestamp": 1787875612.532, "level": "INFO", "logger": "worker", "message": "delivery attempt", "worker_id": 2, "delivery_id": "a4930f483c834af1", "event_id": "130f73737a4d4514", "event_type": "order.created", "endpoint_id": "856b21e41c3f4712", "attempt": 1, "success": true, "response_code": 200, "latency_ms": 1.66, "error": null, "next_backoff_s": null}
{"timestamp": 1787875612.534, "level": "WARNING", "logger": "worker", "message": "delivery attempt", "worker_id": 2, "delivery_id": "1cc42a960cc646e7", "event_id": "130f73737a4d4514", "event_type": "order.created", "endpoint_id": "b21c9dc8acb441ae", "attempt": 1, "success": false, "response_code": 503, "latency_ms": 1.43, "error": "HTTP 503", "next_backoff_s": 0.4}
{"timestamp": 1787875612.536, "level": "INFO", "logger": "worker", "message": "delivery attempt", "worker_id": 0, "delivery_id": "727872c9e2184da0", "event_id": "9f1653cbca354402", "event_type": "user.updated", "endpoint_id": "856b21e41c3f4712", "attempt": 1, "success": true, "response_code": 200, "latency_ms": 4.14, "error": null, "next_backoff_s": null}
{"timestamp": 1787875612.538, "level": "WARNING", "logger": "worker", "message": "delivery attempt", "worker_id": 2, "delivery_id": "6addbc19b2064f1f", "event_id": "130f73737a4d4514", "event_type": "order.created", "endpoint_id": "cab6e30ee4694acd", "attempt": 1, "success": false, "response_code": 503, "latency_ms": 3.16, "error": "HTTP 503", "next_backoff_s": 0.4}
{"timestamp": 1787875612.54, "level": "INFO", "logger": "worker", "message": "delivery attempt", "worker_id": 0, "delivery_id": "b650734eba254c91", "event_id": "9f1653cbca354402", "event_type": "user.updated", "endpoint_id": "b21c9dc8acb441ae", "attempt": 1, "success": true, "response_code": 200, "latency_ms": 2.0, "error": null, "next_backoff_s": null}
{"timestamp": 1787875612.543, "level": "INFO", "logger": "worker", "message": "delivery attempt", "worker_id": 2, "delivery_id": "4b1037a1100f4dd4", "event_id": "356c1287318d41b1", "event_type": "payment.succeeded", "endpoint_id": "c3f134f1e26d41bd", "attempt": 1, "success": true, "response_code": 200, "latency_ms": 2.18, "error": null, "next_backoff_s": null}
{"timestamp": 1787875612.545, "level": "INFO", "logger": "worker", "message": "delivery attempt", "worker_id": 0, "delivery_id": "df64ae8c77514d4d", "event_id": "356c1287318d41b1", "event_type": "payment.succeeded", "endpoint_id": "856b21e41c3f4712", "attempt": 1, "success": true, "response_code": 200, "latency_ms": 1.79, "error": null, "next_backoff_s": null}
{"timestamp": 1787875612.961, "level": "WARNING", "logger": "worker", "message": "delivery attempt", "worker_id": 5, "delivery_id": "745a6b76e9d7402e", "event_id": "967423e89f374204", "event_type": "payment.failed", "endpoint_id": "cab6e30ee4694acd", "attempt": 1, "success": false, "response_code": null, "latency_ms": 603.04, "error": "timeout", "next_backoff_s": 0.45}
{"timestamp": 1787875612.964, "level": "INFO", "logger": "worker", "message": "delivery attempt", "worker_id": 5, "delivery_id": "280851b876cd4abe", "event_id": "5d2b0dff51b14552", "event_type": "user.updated", "endpoint_id": "c3f134f1e26d41bd", "attempt": 1, "success": true, "response_code": 200, "latency_ms": 2.39, "error": null, "next_backoff_s": null}
{"timestamp": 1787875612.967, "level": "INFO", "logger": "worker", "message": "delivery attempt", "worker_id": 5, "delivery_id": "609976b98ba84b5d", "event_id": "5d2b0dff51b14552", "event_type": "user.updated", "endpoint_id": "856b21e41c3f4712", "attempt": 1, "success": true, "response_code": 200, "latency_ms": 1.78, "error": null, "next_backoff_s": null}
{"timestamp": 1787875612.977, "level": "WARNING", "logger": "worker", "message": "delivery attempt", "worker_id": 3, "delivery_id": "aed5bf0d0fb34beb", "event_id": "02f2b823936a4725", "event_type": "invoice.paid", "endpoint_id": "b21c9dc8acb441ae", "attempt": 1, "success": false, "response_code": null, "latency_ms": 601.75, "error": "timeout", "next_backoff_s": 0.31}
{"timestamp": 1787875613.084, "level": "WARNING", "logger": "worker", "message": "delivery attempt", "worker_id": 4, "delivery_id": "ff437f51515c40b3", "event_id": "a954f787b77f49f8", "event_type": "payment.succeeded", "endpoint_id": "cab6e30ee4694acd", "attempt": 1, "success": false, "response_code": null, "latency_ms": 601.61, "error": "timeout", "next_backoff_s": 0.5}
{"timestamp": 1787875613.087, "level": "INFO", "logger": "worker", "message": "delivery attempt", "worker_id": 4, "delivery_id": "51794184d3c046b5", "event_id": "035e1f611c0f4426", "event_type": "payment.failed", "endpoint_id": "c3f134f1e26d41bd", "attempt": 1, "success": true, "response_code": 200, "latency_ms": 2.07, "error": null, "next_backoff_s": null}
{"timestamp": 1787875613.089, "level": "INFO", "logger": "worker", "message": "delivery attempt", "worker_id": 4, "delivery_id": "b60caded8a6a43de", "event_id": "035e1f611c0f4426", "event_type": "payment.failed", "endpoint_id": "856b21e41c3f4712", "attempt": 1, "success": true, "response_code": 200, "latency_ms": 1.74, "error": null, "next_backoff_s": null}
{"timestamp": 1787875613.092, "level": "INFO", "logger": "worker", "message": "delivery attempt", "worker_id": 4, "delivery_id": "058b5e0f497e455a", "event_id": "5e17a852c0c146ae", "event_type": "user.updated", "endpoint_id": "cab6e30ee4694acd", "attempt": 1, "success": true, "response_code": 200, "latency_ms": 1.68, "error": null, "next_backoff_s": null}
{"timestamp": 1787875613.094, "level": "INFO", "logger": "worker", "message": "delivery attempt", "worker_id": 4, "delivery_id": "55b5d29ca6df4934", "event_id": "ad343026f0794724", "event_type": "invoice.paid", "endpoint_id": "c3f134f1e26d41bd", "attempt": 1, "success": true, "response_code": 200, "latency_ms": 1.56, "error": null, "next_backoff_s": null}
{"timestamp": 1787875613.096, "level": "INFO", "logger": "worker", "message": "delivery attempt", "worker_id": 4, "delivery_id": "cda577a9aa2f47d5", "event_id": "ad343026f0794724", "event_type": "invoice.paid", "endpoint_id": "856b21e41c3f4712", "attempt": 1, "success": true, "response_code": 200, "latency_ms": 1.54, "error": null, "next_backoff_s": null}
{"timestamp": 1787875613.098, "level": "INFO", "logger": "worker", "message": "delivery attempt", "worker_id": 4, "delivery_id": "d454b4898a83497b", "event_id": "ad343026f0794724", "event_type": "invoice.paid", "endpoint_id": "b21c9dc8acb441ae", "attempt": 1, "success": true, "response_code": 200, "latency_ms": 1.43, "error": null, "next_backoff_s": null}
{"timestamp": 1787875613.1, "level": "WARNING", "logger": "worker", "message": "delivery attempt", "worker_id": 4, "delivery_id": "d18aa697497547a4", "event_id": "ad343026f0794724", "event_type": "invoice.paid", "endpoint_id": "cab6e30ee4694acd", "attempt": 1, "success": false, "response_code": 503, "latency_ms": 1.46, "error": "HTTP 503", "next_backoff_s": 0.49}
{"timestamp": 1787875613.103, "level": "INFO", "logger": "worker", "message": "delivery attempt", "worker_id": 4, "delivery_id": "9a16d719d842456a", "event_id": "1ccc52398d24414e", "event_type": "payment.failed", "endpoint_id": "b21c9dc8acb441ae", "attempt": 2, "success": true, "response_code": 200, "latency_ms": 1.85, "error": null, "next_backoff_s": null}
{"timestamp": 1787875613.105, "level": "WARNING", "logger": "worker", "message": "delivery attempt", "worker_id": 4, "delivery_id": "9632389b67c5407c", "event_id": "b0a6ac67b2164bc3", "event_type": "order.created", "endpoint_id": "b21c9dc8acb441ae", "attempt": 2, "success": false, "response_code": 503, "latency_ms": 1.4, "error": "HTTP 503", "next_backoff_s": 0.69}
{"timestamp": 1787875613.107, "level": "WARNING", "logger": "worker", "message": "delivery attempt", "worker_id": 4, "delivery_id": "d9e196f1cc414bf9", "event_id": "030a11e871d34ece", "event_type": "user.updated", "endpoint_id": "cab6e30ee4694acd", "attempt": 2, "success": false, "response_code": 503, "latency_ms": 1.55, "error": "HTTP 503", "next_backoff_s": 0.67}
{"timestamp": 1787875613.123, "level": "WARNING", "logger": "worker", "message": "delivery attempt", "worker_id": 1, "delivery_id": "34127e27da3c42e7", "event_id": "9f1653cbca354402", "event_type": "user.updated", "endpoint_id": "cab6e30ee4694acd", "attempt": 1, "success": false, "response_code": null, "latency_ms": 601.5, "error": "timeout", "next_backoff_s": 0.32}
{"timestamp": 1787875613.125, "level": "INFO", "logger": "worker", "message": "delivery attempt", "worker_id": 1, "delivery_id": "6972657decd2460a", "event_id": "1106a7ee0ad24496", "event_type": "invoice.paid", "endpoint_id": "c3f134f1e26d41bd", "attempt": 1, "success": true, "response_code": 200, "latency_ms": 1.63, "error": null, "next_backoff_s": null}
{"timestamp": 1787875613.127, "level": "INFO", "logger": "worker", "message": "delivery attempt", "worker_id": 1, "delivery_id": "ae4b7df038e74640", "event_id": "1106a7ee0ad24496", "event_type": "invoice.paid", "endpoint_id": "856b21e41c3f4712", "attempt": 1, "success": true, "response_code": 200, "latency_ms": 1.56, "error": null, "next_backoff_s": null}
{"timestamp": 1787875613.129, "level": "INFO", "logger": "worker", "message": "delivery attempt", "worker_id": 1, "delivery_id": "df38c8892bc2425a", "event_id": "1106a7ee0ad24496", "event_type": "invoice.paid", "endpoint_id": "b21c9dc8acb441ae", "attempt": 1, "success": true, "response_code": 200, "latency_ms": 1.42, "error": null, "next_backoff_s": null}
{"timestamp": 1787875613.146, "level": "WARNING", "logger": "worker", "message": "delivery attempt", "worker_id": 2, "delivery_id": "1d8871f58eba41a0", "event_id": "9374b95397184269", "event_type": "payment.failed", "endpoint_id": "b21c9dc8acb441ae", "attempt": 1, "success": false, "response_code": null, "latency_ms": 602.08, "error": "timeout", "next_backoff_s": 0.44}
{"timestamp": 1787875613.149, "level": "WARNING", "logger": "worker", "message": "delivery attempt", "worker_id": 0, "delivery_id": "26878fe901104403", "event_id": "356c1287318d41b1", "event_type": "payment.succeeded", "endpoint_id": "b21c9dc8acb441ae", "attempt": 1, "success": false, "response_code": null, "latency_ms": 602.93, "error": "timeout", "next_backoff_s": 0.44}
{"timestamp": 1787875613.151, "level": "WARNING", "logger": "worker", "message": "delivery attempt", "worker_id": 2, "delivery_id": "3fe6edf9ecd94724", "event_id": "9374b95397184269", "event_type": "payment.failed", "endpoint_id": "cab6e30ee4694acd", "attempt": 1, "success": false, "response_code": 503, "latency_ms": 2.76, "error": "HTTP 503", "next_backoff_s": 0.35}
{"timestamp": 1787875613.154, "level": "WARNING", "logger": "worker", "message": "delivery attempt", "worker_id": 0, "delivery_id": "a6bf38c5a1204d7c", "event_id": "356c1287318d41b1", "event_type": "payment.succeeded", "endpoint_id": "cab6e30ee4694acd", "attempt": 1, "success": false, "response_code": 503, "latency_ms": 3.24, "error": "HTTP 503", "next_backoff_s": 0.32}
{"timestamp": 1787875613.156, "level": "INFO", "logger": "worker", "message": "delivery attempt", "worker_id": 2, "delivery_id": "01b9f5629d1b400b", "event_id": "5e17a852c0c146ae", "event_type": "user.updated", "endpoint_id": "c3f134f1e26d41bd", "attempt": 1, "success": true, "response_code": 200, "latency_ms": 3.75, "error": null, "next_backoff_s": null}
{"timestamp": 1787875613.158, "level": "INFO", "logger": "worker", "message": "delivery attempt", "worker_id": 0, "delivery_id": "29ae888e769a44b6", "event_id": "9374b95397184269", "event_type": "payment.failed", "endpoint_id": "c3f134f1e26d41bd", "attempt": 1, "success": true, "response_code": 200, "latency_ms": 3.42, "error": null, "next_backoff_s": null}
{"timestamp": 1787875613.16, "level": "WARNING", "logger": "worker", "message": "delivery attempt", "worker_id": 2, "delivery_id": "468de2907e3047c8", "event_id": "5e17a852c0c146ae", "event_type": "user.updated", "endpoint_id": "856b21e41c3f4712", "attempt": 1, "success": false, "response_code": 503, "latency_ms": 2.86, "error": "HTTP 503", "next_backoff_s": 0.44}
{"timestamp": 1787875613.57, "level": "WARNING", "logger": "worker", "message": "delivery attempt", "worker_id": 5, "delivery_id": "954c5a1daf6f461b", "event_id": "5d2b0dff51b14552", "event_type": "user.updated", "endpoint_id": "b21c9dc8acb441ae", "attempt": 1, "success": false, "response_code": null, "latency_ms": 602.07, "error": "timeout", "next_backoff_s": 0.38}
{"timestamp": 1787875613.574, "level": "WARNING", "logger": "worker", "message": "delivery attempt", "worker_id": 5, "delivery_id": "250118d3319c4f58", "event_id": "134b9ff811ff4e39", "event_type": "payment.failed", "endpoint_id": "b21c9dc8acb441ae", "attempt": 2, "success": false, "response_code": 503, "latency_ms": 2.3, "error": "HTTP 503", "next_backoff_s": 0.77}
{"timestamp": 1787875613.579, "level": "WARNING", "logger": "worker", "message": "delivery attempt", "worker_id": 3, "delivery_id": "846b5ca7d5604c60", "event_id": "02f2b823936a4725", "event_type": "invoice.paid", "endpoint_id": "cab6e30ee4694acd", "attempt": 1, "success": false, "response_code": null, "latency_ms": 601.9, "error": "timeout", "next_backoff_s": 0.4}
{"timestamp": 1787875613.582, "level": "INFO", "logger": "worker", "message": "delivery attempt", "worker_id": 3, "delivery_id": "101b25b3b3ae4a22", "event_id": "030a11e871d34ece", "event_type": "user.updated", "endpoint_id": "b21c9dc8acb441ae", "attempt": 2, "success": true, "response_code": 200, "latency_ms": 1.6, "error": null, "next_backoff_s": null}
{"timestamp": 1787875613.584, "level": "INFO", "logger": "worker", "message": "delivery attempt", "worker_id": 3, "delivery_id": "6b0ec36a6bbf4a94", "event_id": "bdf6d47281d84304", "event_type": "user.updated", "endpoint_id": "cab6e30ee4694acd", "attempt": 2, "success": true, "response_code": 200, "latency_ms": 1.52, "error": null, "next_backoff_s": null}
{"timestamp": 1787875613.586, "level": "INFO", "logger": "worker", "message": "delivery attempt", "worker_id": 3, "delivery_id": "6bdde7d7271c4b07", "event_id": "bdf6d47281d84304", "event_type": "user.updated", "endpoint_id": "b21c9dc8acb441ae", "attempt": 2, "success": true, "response_code": 200, "latency_ms": 1.54, "error": null, "next_backoff_s": null}
{"timestamp": 1787875613.71, "level": "WARNING", "logger": "worker", "message": "delivery attempt", "worker_id": 4, "delivery_id": "4f7048b23688482e", "event_id": "dc553858c2544028", "event_type": "payment.succeeded", "endpoint_id": "b21c9dc8acb441ae", "attempt": 2, "success": false, "response_code": null, "latency_ms": 601.59, "error": "timeout", "next_backoff_s": 0.79}
{"timestamp": 1787875613.726, "level": "INFO", "logger": "worker", "message": "delivery attempt", "worker_id": 4, "delivery_id": "d2b8ce51a7d34c95", "event_id": "1ccc52398d24414e", "event_type": "payment.failed", "endpoint_id": "cab6e30ee4694acd", "attempt": 2, "success": true, "response_code": 200, "latency_ms": 14.62, "error": null, "next_backoff_s": null}
{"timestamp": 1787875613.732, "level": "WARNING", "logger": "worker", "message": "delivery attempt", "worker_id": 1, "delivery_id": "41ebe041e6744fb7", "event_id": "1106a7ee0ad24496", "event_type": "invoice.paid", "endpoint_id": "cab6e30ee4694acd", "attempt": 1, "success": false, "response_code": null, "latency_ms": 601.78, "error": "timeout", "next_backoff_s": 0.31}
{"timestamp": 1787875613.734, "level": "WARNING", "logger": "worker", "message": "delivery attempt", "worker_id": 1, "delivery_id": "723ae24ddc244089", "event_id": "044d2bdc9a4b4278", "event_type": "order.created", "endpoint_id": "cab6e30ee4694acd", "attempt": 2, "success": false, "response_code": 503, "latency_ms": 1.56, "error": "HTTP 503", "next_backoff_s": 0.73}
{"timestamp": 1787875613.737, "level": "WARNING", "logger": "worker", "message": "delivery attempt", "worker_id": 1, "delivery_id": "83ff757289544801", "event_id": "d052636e208f46d5", "event_type": "payment.failed", "endpoint_id": "b21c9dc8acb441ae", "attempt": 2, "success": false, "response_code": 503, "latency_ms": 1.6, "error": "HTTP 503", "next_backoff_s": 0.68}
{"timestamp": 1787875613.739, "level": "WARNING", "logger": "worker", "message": "delivery attempt", "worker_id": 1, "delivery_id": "9b1c2a8b079c448d", "event_id": "915c3db3fdf24dac", "event_type": "user.updated", "endpoint_id": "cab6e30ee4694acd", "attempt": 2, "success": false, "response_code": 503, "latency_ms": 1.56, "error": "HTTP 503", "next_backoff_s": 0.75}
{"timestamp": 1787875613.762, "level": "WARNING", "logger": "worker", "message": "delivery attempt", "worker_id": 2, "delivery_id": "188bce0042dd46fd", "event_id": "5e17a852c0c146ae", "event_type": "user.updated", "endpoint_id": "b21c9dc8acb441ae", "attempt": 1, "success": false, "response_code": null, "latency_ms": 601.61, "error": "timeout", "next_backoff_s": 0.34}
{"timestamp": 1787875613.764, "level": "WARNING", "logger": "worker", "message": "delivery attempt", "worker_id": 0, "delivery_id": "9829e68952324af0", "event_id": "9374b95397184269", "event_type": "payment.failed", "endpoint_id": "856b21e41c3f4712", "attempt": 1, "success": false, "response_code": null, "latency_ms": 603.62, "error": "timeout", "next_backoff_s": 0.47}
{"timestamp": 1787875613.767, "level": "WARNING", "logger": "worker", "message": "delivery attempt", "worker_id": 0, "delivery_id": "2dc65904fe754b76", "event_id": "a19dfbfcd798483f", "event_type": "payment.succeeded", "endpoint_id": "cab6e30ee4694acd", "attempt": 2, "success": false, "response_code": 503, "latency_ms": 1.48, "error": "HTTP 503", "next_backoff_s": 0.7}
{"timestamp": 1787875613.769, "level": "INFO", "logger": "worker", "message": "delivery attempt", "worker_id": 0, "delivery_id": "cbaa8322bab94bb0", "event_id": "a6d9efda90384b55", "event_type": "order.created", "endpoint_id": "b21c9dc8acb441ae", "attempt": 2, "success": true, "response_code": 200, "latency_ms": 1.7, "error": null, "next_backoff_s": null}
{"timestamp": 1787875614.176, "level": "WARNING", "logger": "worker", "message": "delivery attempt", "worker_id": 5, "delivery_id": "96f9315113b443e3", "event_id": "db59ca4e96ec4033", "event_type": "order.created", "endpoint_id": "cab6e30ee4694acd", "attempt": 2, "success": false, "response_code": null, "latency_ms": 601.48, "error": "timeout", "next_backoff_s": 0.8}
{"timestamp": 1787875614.18, "level": "WARNING", "logger": "worker", "message": "delivery attempt", "worker_id": 5, "delivery_id": "d657592b6c9843b4", "event_id": "04c5aeda674540e7", "event_type": "invoice.paid", "endpoint_id": "cab6e30ee4694acd", "attempt": 2, "success": false, "response_code": 503, "latency_ms": 2.82, "error": "HTTP 503", "next_backoff_s": 0.63}
{"timestamp": 1787875614.182, "level": "WARNING", "logger": "worker", "message": "delivery attempt", "worker_id": 5, "delivery_id": "3c4a373cd7a440e6", "event_id": "134b9ff811ff4e39", "event_type": "payment.failed", "endpoint_id": "cab6e30ee4694acd", "attempt": 2, "success": false, "response_code": 503, "latency_ms": 1.73, "error": "HTTP 503", "next_backoff_s": 0.61}
{"timestamp": 1787875614.185, "level": "INFO", "logger": "worker", "message": "delivery attempt", "worker_id": 5, "delivery_id": "bfaba2c3926d47e7", "event_id": "210af19964f34d45", "event_type": "payment.succeeded", "endpoint_id": "cab6e30ee4694acd", "attempt": 2, "success": true, "response_code": 200, "latency_ms": 1.75, "error": null, "next_backoff_s": null}
{"timestamp": 1787875614.187, "level": "WARNING", "logger": "worker", "message": "delivery attempt", "worker_id": 5, "delivery_id": "1f781db5b1874e97", "event_id": "d052636e208f46d5", "event_type": "payment.failed", "endpoint_id": "cab6e30ee4694acd", "attempt": 2, "success": false, "response_code": 503, "latency_ms": 1.51, "error": "HTTP 503", "next_backoff_s": 0.61}
{"timestamp": 1787875614.189, "level": "WARNING", "logger": "worker", "message": "delivery attempt", "worker_id": 3, "delivery_id": "994c342d4e4e4c1e", "event_id": "4ff3e464fe0745ef", "event_type": "payment.failed", "endpoint_id": "b21c9dc8acb441ae", "attempt": 2, "success": false, "response_code": null, "latency_ms": 601.84, "error": "timeout", "next_backoff_s": 0.61}
{"timestamp": 1787875614.191, "level": "INFO", "logger": "worker", "message": "delivery attempt", "worker_id": 5, "delivery_id": "ca3adbe162b84c43", "event_id": "9aec09f4cd2745d4", "event_type": "payment.failed", "endpoint_id": "cab6e30ee4694acd", "attempt": 2, "success": true, "response_code": 200, "latency_ms": 2.94, "error": null, "next_backoff_s": null}
{"timestamp": 1787875614.193, "level": "INFO", "logger": "worker", "message": "delivery attempt", "worker_id": 3, "delivery_id": "9d269d844a4d4d47", "event_id": "030a11e871d34ece", "event_type": "user.updated", "endpoint_id": "856b21e41c3f4712", "attempt": 2, "success": true, "response_code": 200, "latency_ms": 3.07, "error": null, "next_backoff_s": null}
{"timestamp": 1787875614.329, "level": "WARNING", "logger": "worker", "message": "delivery attempt", "worker_id": 4, "delivery_id": "e97e6b2c74d24fb5", "event_id": "9b2b3adb2a7a4181", "event_type": "order.created", "endpoint_id": "cab6e30ee4694acd", "attempt": 2, "success": false, "response_code": null, "latency_ms": 601.73, "error": "timeout", "next_backoff_s": 0.62}
{"timestamp": 1787875614.333, "level": "INFO", "logger": "worker", "message": "delivery attempt", "worker_id": 4, "delivery_id": "1a87b988a7b147c8", "event_id": "134b9ff811ff4e39", "event_type": "payment.failed", "endpoint_id": "856b21e41c3f4712", "attempt": 2, "success": true, "response_code": 200, "latency_ms": 2.99, "error": null, "next_backoff_s": null}
{"timestamp": 1787875614.342, "level": "WARNING", "logger": "worker", "message": "delivery attempt", "worker_id": 1, "delivery_id": "a98d84058751472e", "event_id": "4ff3e464fe0745ef", "event_type": "payment.failed", "endpoint_id": "cab6e30ee4694acd", "attempt": 2, "success": false, "response_code": null, "latency_ms": 601.7, "error": "timeout", "next_backoff_s": 0.77}
{"timestamp": 1787875614.345, "level": "INFO", "logger": "worker", "message": "delivery attempt", "worker_id": 1, "delivery_id": "0f2fe0e2572b4192", "event_id": "4ff3e464fe0745ef", "event_type": "payment.failed", "endpoint_id": "856b21e41c3f4712", "attempt": 2, "success": true, "response_code": 200, "latency_ms": 2.52, "error": null, "next_backoff_s": null}
{"timestamp": 1787875614.348, "level": "INFO", "logger": "worker", "message": "delivery attempt", "worker_id": 1, "delivery_id": "0f67c7be97cc4044", "event_id": "9f3eb05c3f13451a", "event_type": "user.updated", "endpoint_id": "cab6e30ee4694acd", "attempt": 2, "success": true, "response_code": 200, "latency_ms": 1.92, "error": null, "next_backoff_s": null}
{"timestamp": 1787875614.351, "level": "WARNING", "logger": "worker", "message": "delivery attempt", "worker_id": 1, "delivery_id": "eabd1d88ac244685", "event_id": "bd728637804f4a2c", "event_type": "user.updated", "endpoint_id": "cab6e30ee4694acd", "attempt": 2, "success": false, "response_code": 503, "latency_ms": 1.66, "error": "HTTP 503", "next_backoff_s": 0.6}
{"timestamp": 1787875614.353, "level": "INFO", "logger": "worker", "message": "delivery attempt", "worker_id": 1, "delivery_id": "3be18c695daa47ac", "event_id": "bd728637804f4a2c", "event_type": "user.updated", "endpoint_id": "b21c9dc8acb441ae", "attempt": 2, "success": true, "response_code": 200, "latency_ms": 1.7, "error": null, "next_backoff_s": null}
{"timestamp": 1787875614.356, "level": "WARNING", "logger": "worker", "message": "delivery attempt", "worker_id": 1, "delivery_id": "20695921457b449b", "event_id": "846764778e514346", "event_type": "invoice.paid", "endpoint_id": "b21c9dc8acb441ae", "attempt": 2, "success": false, "response_code": 503, "latency_ms": 1.68, "error": "HTTP 503", "next_backoff_s": 0.61}
{"timestamp": 1787875614.358, "level": "INFO", "logger": "worker", "message": "delivery attempt", "worker_id": 1, "delivery_id": "1d19480b3a794fa7", "event_id": "9ea380fa998f418f", "event_type": "order.created", "endpoint_id": "cab6e30ee4694acd", "attempt": 2, "success": true, "response_code": 200, "latency_ms": 1.7, "error": null, "next_backoff_s": null}
{"timestamp": 1787875614.361, "level": "INFO", "logger": "worker", "message": "delivery attempt", "worker_id": 1, "delivery_id": "9f7750b5c8274760", "event_id": "c035925005be4a31", "event_type": "order.created", "endpoint_id": "b21c9dc8acb441ae", "attempt": 2, "success": true, "response_code": 200, "latency_ms": 1.8, "error": null, "next_backoff_s": null}
{"timestamp": 1787875614.364, "level": "WARNING", "logger": "worker", "message": "delivery attempt", "worker_id": 1, "delivery_id": "e89e4fb89dc54467", "event_id": "a5ae409eab014b26", "event_type": "payment.failed", "endpoint_id": "cab6e30ee4694acd", "attempt": 2, "success": false, "response_code": 503, "latency_ms": 2.72, "error": "HTTP 503", "next_backoff_s": 0.73}
{"timestamp": 1787875614.367, "level": "WARNING", "logger": "worker", "message": "delivery attempt", "worker_id": 2, "delivery_id": "657a6e0a2291480e", "event_id": "bec8f3bbbf7d492c", "event_type": "user.updated", "endpoint_id": "cab6e30ee4694acd", "attempt": 2, "success": false, "response_code": null, "latency_ms": 602.92, "error": "timeout", "next_backoff_s": 0.74}
{"timestamp": 1787875614.368, "level": "INFO", "logger": "worker", "message": "delivery attempt", "worker_id": 1, "delivery_id": "ae56a89500694085", "event_id": "846764778e514346", "event_type": "invoice.paid", "endpoint_id": "856b21e41c3f4712", "attempt": 2, "success": true, "response_code": 200, "latency_ms": 2.0, "error": null, "next_backoff_s": null}
{"timestamp": 1787875614.371, "level": "WARNING", "logger": "worker", "message": "delivery attempt", "worker_id": 2, "delivery_id": "ee8eada278c24719", "event_id": "251fcf70f61d498b", "event_type": "payment.succeeded", "endpoint_id": "cab6e30ee4694acd", "attempt": 2, "success": false, "response_code": 503, "latency_ms": 2.89, "error": "HTTP 503", "next_backoff_s": 0.79}
{"timestamp": 1787875614.374, "level": "WARNING", "logger": "worker", "message": "delivery attempt", "worker_id": 0, "delivery_id": "7d02f2f467aa4409", "event_id": "08efac1bf3ef43b5", "event_type": "invoice.paid", "endpoint_id": "b21c9dc8acb441ae", "attempt": 2, "success": false, "response_code": null, "latency_ms": 601.58, "error": "timeout", "next_backoff_s": 0.72}
{"timestamp": 1787875614.375, "level": "WARNING", "logger": "worker", "message": "delivery attempt", "worker_id": 1, "delivery_id": "4dc78d331d3b4455", "event_id": "b7424acb3d7d47ff", "event_type": "payment.failed", "endpoint_id": "cab6e30ee4694acd", "attempt": 2, "success": false, "response_code": 503, "latency_ms": 2.46, "error": "HTTP 503", "next_backoff_s": 0.79}
{"timestamp": 1787875614.378, "level": "INFO", "logger": "worker", "message": "delivery attempt", "worker_id": 0, "delivery_id": "bece7712ffeb4f49", "event_id": "a19dfbfcd798483f", "event_type": "payment.succeeded", "endpoint_id": "b21c9dc8acb441ae", "attempt": 2, "success": true, "response_code": 200, "latency_ms": 2.87, "error": null, "next_backoff_s": null}
{"timestamp": 1787875614.383, "level": "WARNING", "logger": "worker", "message": "delivery attempt", "worker_id": 2, "delivery_id": "c2a75edff894494e", "event_id": "c7a47cc4105f41ec", "event_type": "user.updated", "endpoint_id": "cab6e30ee4694acd", "attempt": 2, "success": false, "response_code": 503, "latency_ms": 1.95, "error": "HTTP 503", "next_backoff_s": 0.7}
{"timestamp": 1787875614.385, "level": "INFO", "logger": "worker", "message": "delivery attempt", "worker_id": 2, "delivery_id": "d3f236d9f3864db9", "event_id": "251fcf70f61d498b", "event_type": "payment.succeeded", "endpoint_id": "b21c9dc8acb441ae", "attempt": 2, "success": true, "response_code": 200, "latency_ms": 1.66, "error": null, "next_backoff_s": null}
{"timestamp": 1787875614.795, "level": "WARNING", "logger": "worker", "message": "delivery attempt", "worker_id": 5, "delivery_id": "8ad2f19357a04719", "event_id": "bc0cf45e42a74112", "event_type": "payment.succeeded", "endpoint_id": "b21c9dc8acb441ae", "attempt": 2, "success": false, "response_code": null, "latency_ms": 602.59, "error": "timeout", "next_backoff_s": 0.6}
{"timestamp": 1787875614.798, "level": "WARNING", "logger": "worker", "message": "delivery attempt", "worker_id": 3, "delivery_id": "e85a32f9064e4a40", "event_id": "915c3db3fdf24dac", "event_type": "user.updated", "endpoint_id": "b21c9dc8acb441ae", "attempt": 2, "success": false, "response_code": null, "latency_ms": 602.03, "error": "timeout", "next_backoff_s": 0.8}
{"timestamp": 1787875614.8, "level": "WARNING", "logger": "worker", "message": "delivery attempt", "worker_id": 5, "delivery_id": "52b6710a1f144e59", "event_id": "c828f2d963e74dd2", "event_type": "invoice.paid", "endpoint_id": "cab6e30ee4694acd", "attempt": 2, "success": false, "response_code": 503, "latency_ms": 4.33, "error": "HTTP 503", "next_backoff_s": 0.65}
{"timestamp": 1787875614.803, "level": "INFO", "logger": "worker", "message": "delivery attempt", "worker_id": 3, "delivery_id": "7a83650c1d314f14", "event_id": "bec8f3bbbf7d492c", "event_type": "user.updated", "endpoint_id": "b21c9dc8acb441ae", "attempt": 2, "success": true, "response_code": 200, "latency_ms": 3.61, "error": null, "next_backoff_s": null}
{"timestamp": 1787875614.805, "level": "WARNING", "logger": "worker", "message": "delivery attempt", "worker_id": 5, "delivery_id": "949e3d71a53845b6", "event_id": "bc0cf45e42a74112", "event_type": "payment.succeeded", "endpoint_id": "cab6e30ee4694acd", "attempt": 2, "success": false, "response_code": 503, "latency_ms": 3.16, "error": "HTTP 503", "next_backoff_s": 0.63}
{"timestamp": 1787875614.808, "level": "INFO", "logger": "worker", "message": "delivery attempt", "worker_id": 3, "delivery_id": "e2b0bcc14f0044f3", "event_id": "929eb33bd1e84202", "event_type": "invoice.paid", "endpoint_id": "856b21e41c3f4712", "attempt": 2, "success": true, "response_code": 200, "latency_ms": 2.57, "error": null, "next_backoff_s": null}
{"timestamp": 1787875614.809, "level": "WARNING", "logger": "worker", "message": "delivery attempt", "worker_id": 5, "delivery_id": "358647e363e644b5", "event_id": "c035925005be4a31", "event_type": "order.created", "endpoint_id": "cab6e30ee4694acd", "attempt": 2, "success": false, "response_code": 503, "latency_ms": 1.75, "error": "HTTP 503", "next_backoff_s": 0.61}
{"timestamp": 1787875614.811, "level": "INFO", "logger": "worker", "message": "delivery attempt", "worker_id": 5, "delivery_id": "d4f111c216114793", "event_id": "9f3eb05c3f13451a", "event_type": "user.updated", "endpoint_id": "856b21e41c3f4712", "attempt": 2, "success": true, "response_code": 200, "latency_ms": 1.63, "error": null, "next_backoff_s": null}
{"timestamp": 1787875614.814, "level": "INFO", "logger": "worker", "message": "delivery attempt", "worker_id": 5, "delivery_id": "7faa3c015a93441f", "event_id": "2ad73a3707a64b65", "event_type": "user.updated", "endpoint_id": "b21c9dc8acb441ae", "attempt": 2, "success": true, "response_code": 200, "latency_ms": 1.6, "error": null, "next_backoff_s": null}
{"timestamp": 1787875614.936, "level": "WARNING", "logger": "worker", "message": "delivery attempt", "worker_id": 4, "delivery_id": "f9b007ec3cbc45a3", "event_id": "6f8ad947a99f46e6", "event_type": "order.created", "endpoint_id": "b21c9dc8acb441ae", "attempt": 2, "success": false, "response_code": null, "latency_ms": 601.84, "error": "timeout", "next_backoff_s": 0.69}
{"timestamp": 1787875614.939, "level": "WARNING", "logger": "worker", "message": "delivery attempt", "worker_id": 4, "delivery_id": "df4e2d126e89477c", "event_id": "dc553858c2544028", "event_type": "payment.succeeded", "endpoint_id": "cab6e30ee4694acd", "attempt": 2, "success": false, "response_code": 503, "latency_ms": 2.23, "error": "HTTP 503", "next_backoff_s": 0.8}
{"timestamp": 1787875614.942, "level": "INFO", "logger": "worker", "message": "delivery attempt", "worker_id": 4, "delivery_id": "05a63a2935ec4e28", "event_id": "6f8ad947a99f46e6", "event_type": "order.created", "endpoint_id": "cab6e30ee4694acd", "attempt": 2, "success": true, "response_code": 200, "latency_ms": 2.37, "error": null, "next_backoff_s": null}
{"timestamp": 1787875614.945, "level": "WARNING", "logger": "worker", "message": "delivery attempt", "worker_id": 4, "delivery_id": "7e1c1076fc3449c8", "event_id": "5760a8ba29c64a82", "event_type": "payment.succeeded", "endpoint_id": "b21c9dc8acb441ae", "attempt": 2, "success": false, "response_code": 503, "latency_ms": 1.69, "error": "HTTP 503", "next_backoff_s": 0.75}
{"timestamp": 1787875614.948, "level": "INFO", "logger": "worker", "message": "delivery attempt", "worker_id": 4, "delivery_id": "55142f7cecaf4968", "event_id": "58adddd638df446d", "event_type": "payment.failed", "endpoint_id": "856b21e41c3f4712", "attempt": 2, "success": true, "response_code": 200, "latency_ms": 1.81, "error": null, "next_backoff_s": null}
{"timestamp": 1787875614.95, "level": "INFO", "logger": "worker", "message": "delivery attempt", "worker_id": 4, "delivery_id": "ee79df9c9c8b4442", "event_id": "846764778e514346", "event_type": "invoice.paid", "endpoint_id": "cab6e30ee4694acd", "attempt": 2, "success": true, "response_code": 200, "latency_ms": 1.64, "error": null, "next_backoff_s": null}
{"timestamp": 1787875614.952, "level": "WARNING", "logger": "worker", "message": "delivery attempt", "worker_id": 4, "delivery_id": "70ab16d4948746f8", "event_id": "1e38a715ed6c4e8a", "event_type": "order.created", "endpoint_id": "b21c9dc8acb441ae", "attempt": 2, "success": false, "response_code": 503, "latency_ms": 1.59, "error": "HTTP 503", "next_backoff_s": 0.72}
{"timestamp": 1787875614.955, "level": "INFO", "logger": "worker", "message": "delivery attempt", "worker_id": 4, "delivery_id": "bd2db11436a643e0", "event_id": "58adddd638df446d", "event_type": "payment.failed", "endpoint_id": "cab6e30ee4694acd", "attempt": 2, "success": true, "response_code": 200, "latency_ms": 1.67, "error": null, "next_backoff_s": null}
{"timestamp": 1787875614.957, "level": "INFO", "logger": "worker", "message": "delivery attempt", "worker_id": 4, "delivery_id": "486d7051e41b4f26", "event_id": "2ad73a3707a64b65", "event_type": "user.updated", "endpoint_id": "cab6e30ee4694acd", "attempt": 2, "success": true, "response_code": 200, "latency_ms": 1.67, "error": null, "next_backoff_s": null}
{"timestamp": 1787875614.979, "level": "WARNING", "logger": "worker", "message": "delivery attempt", "worker_id": 1, "delivery_id": "686173c8d90e4384", "event_id": "b507c68f8c634b94", "event_type": "payment.succeeded", "endpoint_id": "cab6e30ee4694acd", "attempt": 2, "success": false, "response_code": null, "latency_ms": 602.6, "error": "timeout", "next_backoff_s": 0.7}
{"timestamp": 1787875614.981, "level": "WARNING", "logger": "worker", "message": "delivery attempt", "worker_id": 0, "delivery_id": "950c35affcd24577", "event_id": "c7a47cc4105f41ec", "event_type": "user.updated", "endpoint_id": "b21c9dc8acb441ae", "attempt": 2, "success": false, "response_code": null, "latency_ms": 602.06, "error": "timeout", "next_backoff_s": 0.72}
{"timestamp": 1787875614.985, "level": "WARNING", "logger": "worker", "message": "delivery attempt", "worker_id": 1, "delivery_id": "47e579c350d9462d", "event_id": "5760a8ba29c64a82", "event_type": "payment.succeeded", "endpoint_id": "cab6e30ee4694acd", "attempt": 2, "success": false, "response_code": 503, "latency_ms": 2.8, "error": "HTTP 503", "next_backoff_s": 0.78}
{"timestamp": 1787875614.988, "level": "INFO", "logger": "worker", "message": "delivery attempt", "worker_id": 0, "delivery_id": "0136637ac98e49af", "event_id": "1e854eab3b114f03", "event_type": "invoice.paid", "endpoint_id": "b21c9dc8acb441ae", "attempt": 2, "success": true, "response_code": 200, "latency_ms": 4.06, "error": null, "next_backoff_s": null}
{"timestamp": 1787875614.99, "level": "WARNING", "logger": "worker", "message": "delivery attempt", "worker_id": 1, "delivery_id": "a002ec64a9f54c20", "event_id": "1e854eab3b114f03", "event_type": "invoice.paid", "endpoint_id": "cab6e30ee4694acd", "attempt": 2, "success": false, "response_code": 503, "latency_ms": 3.97, "error": "HTTP 503", "next_backoff_s": 0.67}
{"timestamp": 1787875614.993, "level": "WARNING", "logger": "worker", "message": "delivery attempt", "worker_id": 2, "delivery_id": "a0e5062720d14f42", "event_id": "a6d9efda90384b55", "event_type": "order.created", "endpoint_id": "cab6e30ee4694acd", "attempt": 2, "success": false, "response_code": null, "latency_ms": 601.98, "error": "timeout", "next_backoff_s": 0.68}
{"timestamp": 1787875614.996, "level": "INFO", "logger": "worker", "message": "delivery attempt", "worker_id": 0, "delivery_id": "a653b5ec81444dcb", "event_id": "237b62208458455a", "event_type": "order.created", "endpoint_id": "cab6e30ee4694acd", "attempt": 2, "success": true, "response_code": 200, "latency_ms": 4.34, "error": null, "next_backoff_s": null}
{"timestamp": 1787875614.998, "level": "WARNING", "logger": "worker", "message": "delivery attempt", "worker_id": 1, "delivery_id": "b36436e376cc4b0c", "event_id": "237b62208458455a", "event_type": "order.created", "endpoint_id": "b21c9dc8acb441ae", "attempt": 2, "success": false, "response_code": 503, "latency_ms": 3.63, "error": "HTTP 503", "next_backoff_s": 0.72}
{"timestamp": 1787875615.0, "level": "WARNING", "logger": "worker", "message": "delivery attempt", "worker_id": 2, "delivery_id": "245c4fdeb10745d7", "event_id": "823788a871cb4cbf", "event_type": "payment.succeeded", "endpoint_id": "cab6e30ee4694acd", "attempt": 2, "success": false, "response_code": 503, "latency_ms": 1.97, "error": "HTTP 503", "next_backoff_s": 0.66}
{"timestamp": 1787875615.002, "level": "INFO", "logger": "worker", "message": "delivery attempt", "worker_id": 1, "delivery_id": "de877ebcc16c42f2", "event_id": "b467dd870d01401d", "event_type": "payment.succeeded", "endpoint_id": "856b21e41c3f4712", "attempt": 2, "success": true, "response_code": 200, "latency_ms": 2.09, "error": null, "next_backoff_s": null}
{"timestamp": 1787875615.005, "level": "INFO", "logger": "worker", "message": "delivery attempt", "worker_id": 2, "delivery_id": "7a72ea2070324586", "event_id": "df38eebaf95445b6", "event_type": "order.created", "endpoint_id": "856b21e41c3f4712", "attempt": 2, "success": true, "response_code": 200, "latency_ms": 2.71, "error": null, "next_backoff_s": null}
{"timestamp": 1787875615.007, "level": "WARNING", "logger": "worker", "message": "delivery attempt", "worker_id": 1, "delivery_id": "69320a77fe284f36", "event_id": "b467dd870d01401d", "event_type": "payment.succeeded", "endpoint_id": "cab6e30ee4694acd", "attempt": 2, "success": false, "response_code": 503, "latency_ms": 3.68, "error": "HTTP 503", "next_backoff_s": 0.7}
{"timestamp": 1787875615.412, "level": "WARNING", "logger": "worker", "message": "delivery attempt", "worker_id": 3, "delivery_id": "f7a2767115ea4b66", "event_id": "b7424acb3d7d47ff", "event_type": "payment.failed", "endpoint_id": "b21c9dc8acb441ae", "attempt": 2, "success": false, "response_code": null, "latency_ms": 603.01, "error": "timeout", "next_backoff_s": 0.7}
{"timestamp": 1787875615.417, "level": "WARNING", "logger": "worker", "message": "delivery attempt", "worker_id": 5, "delivery_id": "91be3b51be814126", "event_id": "58adddd638df446d", "event_type": "payment.failed", "endpoint_id": "b21c9dc8acb441ae", "attempt": 2, "success": false, "response_code": null, "latency_ms": 601.9, "error": "timeout", "next_backoff_s": 0.63}
{"timestamp": 1787875615.419, "level": "INFO", "logger": "worker", "message": "delivery attempt", "worker_id": 5, "delivery_id": "29211e956088497f", "event_id": "2ad73a3707a64b65", "event_type": "user.updated", "endpoint_id": "856b21e41c3f4712", "attempt": 2, "success": true, "response_code": 200, "latency_ms": 2.07, "error": null, "next_backoff_s": null}
{"timestamp": 1787875615.422, "level": "INFO", "logger": "worker", "message": "delivery attempt", "worker_id": 5, "delivery_id": "9731dbf6197045ae", "event_id": "e2401b80b7964afb", "event_type": "order.created", "endpoint_id": "b21c9dc8acb441ae", "attempt": 2, "success": true, "response_code": 200, "latency_ms": 1.84, "error": null, "next_backoff_s": null}
{"timestamp": 1787875615.424, "level": "WARNING", "logger": "worker", "message": "delivery attempt", "worker_id": 5, "delivery_id": "e516a1af1de843ae", "event_id": "df38eebaf95445b6", "event_type": "order.created", "endpoint_id": "cab6e30ee4694acd", "attempt": 2, "success": false, "response_code": 503, "latency_ms": 1.66, "error": "HTTP 503", "next_backoff_s": 0.67}
{"timestamp": 1787875615.56, "level": "WARNING", "logger": "worker", "message": "delivery attempt", "worker_id": 4, "delivery_id": "a4816cb0b4624b4d", "event_id": "75fdbd26f4934bae", "event_type": "payment.succeeded", "endpoint_id": "cab6e30ee4694acd", "attempt": 2, "success": false, "response_code": null, "latency_ms": 601.59, "error": "timeout", "next_backoff_s": 0.68}
{"timestamp": 1787875615.563, "level": "INFO", "logger": "worker", "message": "delivery attempt", "worker_id": 4, "delivery_id": "a764ab49f9d14834", "event_id": "9f3eb05c3f13451a", "event_type": "user.updated", "endpoint_id": "b21c9dc8acb441ae", "attempt": 2, "success": true, "response_code": 200, "latency_ms": 2.31, "error": null, "next_backoff_s": null}
{"timestamp": 1787875615.599, "level": "WARNING", "logger": "worker", "message": "delivery attempt", "worker_id": 0, "delivery_id": "b10536170af14a82", "event_id": "581c4aff685f4626", "event_type": "invoice.paid", "endpoint_id": "856b21e41c3f4712", "attempt": 2, "success": false, "response_code": null, "latency_ms": 602.22, "error": "timeout", "next_backoff_s": 0.77}
{"timestamp": 1787875615.608, "level": "WARNING", "logger": "worker", "message": "delivery attempt", "worker_id": 2, "delivery_id": "ead8295090a34f74", "event_id": "df38eebaf95445b6", "event_type": "order.created", "endpoint_id": "b21c9dc8acb441ae", "attempt": 2, "success": false, "response_code": null, "latency_ms": 602.16, "error": "timeout", "next_backoff_s": 0.69}
{"timestamp": 1787875615.61, "level": "WARNING", "logger": "worker", "message": "delivery attempt", "worker_id": 1, "delivery_id": "e6e9c690635344a8", "event_id": "a03128372fef424c", "event_type": "payment.failed", "endpoint_id": "cab6e30ee4694acd", "attempt": 2, "success": false, "response_code": null, "latency_ms": 601.7, "error": "timeout", "next_backoff_s": 0.79}
{"timestamp": 1787875615.612, "level": "INFO", "logger": "worker", "message": "delivery attempt", "worker_id": 2, "delivery_id": "04db2227c9624dbe", "event_id": "58ab4b75dcbe4cc6", "event_type": "order.created", "endpoint_id": "856b21e41c3f4712", "attempt": 2, "success": true, "response_code": 200, "latency_ms": 3.16, "error": null, "next_backoff_s": null}
{"timestamp": 1787875615.614, "level": "INFO", "logger": "worker", "message": "delivery attempt", "worker_id": 2, "delivery_id": "7d2bd2b4a1a44730", "event_id": "f62fb21d0ced4399", "event_type": "payment.succeeded", "endpoint_id": "cab6e30ee4694acd", "attempt": 2, "success": true, "response_code": 200, "latency_ms": 1.77, "error": null, "next_backoff_s": null}
{"timestamp": 1787875615.617, "level": "INFO", "logger": "worker", "message": "delivery attempt", "worker_id": 2, "delivery_id": "6b03410beabb48eb", "event_id": "706cefd88c71474a", "event_type": "payment.failed", "endpoint_id": "856b21e41c3f4712", "attempt": 2, "success": true, "response_code": 200, "latency_ms": 1.59, "error": null, "next_backoff_s": null}
{"timestamp": 1787875616.015, "level": "WARNING", "logger": "worker", "message": "delivery attempt", "worker_id": 3, "delivery_id": "ded8f556fec34f11", "event_id": "08efac1bf3ef43b5", "event_type": "invoice.paid", "endpoint_id": "cab6e30ee4694acd", "attempt": 2, "success": false, "response_code": null, "latency_ms": 601.96, "error": "timeout", "next_backoff_s": 0.61}
{"timestamp": 1787875616.027, "level": "WARNING", "logger": "worker", "message": "delivery attempt", "worker_id": 5, "delivery_id": "033841e7de9b4f99", "event_id": "706cefd88c71474a", "event_type": "payment.failed", "endpoint_id": "cab6e30ee4694acd", "attempt": 2, "success": false, "response_code": null, "latency_ms": 601.59, "error": "timeout", "next_backoff_s": 0.79}
{"timestamp": 1787875616.03, "level": "WARNING", "logger": "worker", "message": "delivery attempt", "worker_id": 5, "delivery_id": "17ef3c06c3ff40a1", "event_id": "4a7bdb12e8e94d1c", "event_type": "order.created", "endpoint_id": "cab6e30ee4694acd", "attempt": 2, "success": false, "response_code": 503, "latency_ms": 1.92, "error": "HTTP 503", "next_backoff_s": 0.66}
{"timestamp": 1787875616.166, "level": "WARNING", "logger": "worker", "message": "delivery attempt", "worker_id": 4, "delivery_id": "afc54c83532e40a9", "event_id": "65c1981c54224dd1", "event_type": "invoice.paid", "endpoint_id": "b21c9dc8acb441ae", "attempt": 2, "success": false, "response_code": null, "latency_ms": 601.33, "error": "timeout", "next_backoff_s": 0.71}
{"timestamp": 1787875616.202, "level": "WARNING", "logger": "worker", "message": "delivery attempt", "worker_id": 0, "delivery_id": "824621bfc807428a", "event_id": "6a587cab887d4761", "event_type": "user.updated", "endpoint_id": "cab6e30ee4694acd", "attempt": 2, "success": false, "response_code": null, "latency_ms": 601.94, "error": "timeout", "next_backoff_s": 0.65}
{"timestamp": 1787875616.213, "level": "WARNING", "logger": "worker", "message": "delivery attempt", "worker_id": 1, "delivery_id": "3d9aadcfc184481a", "event_id": "58ab4b75dcbe4cc6", "event_type": "order.created", "endpoint_id": "cab6e30ee4694acd", "attempt": 2, "success": false, "response_code": null, "latency_ms": 602.06, "error": "timeout", "next_backoff_s": 0.68}
{"timestamp": 1787875616.216, "level": "WARNING", "logger": "worker", "message": "delivery attempt", "worker_id": 1, "delivery_id": "6a364ca7d78b4bdd", "event_id": "e2401b80b7964afb", "event_type": "order.created", "endpoint_id": "cab6e30ee4694acd", "attempt": 2, "success": false, "response_code": 503, "latency_ms": 1.99, "error": "HTTP 503", "next_backoff_s": 0.74}
{"timestamp": 1787875616.218, "level": "INFO", "logger": "worker", "message": "delivery attempt", "worker_id": 1, "delivery_id": "59f12ccdda304dde", "event_id": "4a7bdb12e8e94d1c", "event_type": "order.created", "endpoint_id": "b21c9dc8acb441ae", "attempt": 2, "success": true, "response_code": 200, "latency_ms": 1.67, "error": null, "next_backoff_s": null}
{"timestamp": 1787875616.22, "level": "WARNING", "logger": "worker", "message": "delivery attempt", "worker_id": 2, "delivery_id": "6ea46baaaceb416b", "event_id": "61d18abf92a943e5", "event_type": "user.updated", "endpoint_id": "cab6e30ee4694acd", "attempt": 2, "success": false, "response_code": null, "latency_ms": 601.87, "error": "timeout", "next_backoff_s": 0.64}
{"timestamp": 1787875616.223, "level": "WARNING", "logger": "worker", "message": "delivery attempt", "worker_id": 2, "delivery_id": "6cf5bcf5cd4d42e6", "event_id": "581c4aff685f4626", "event_type": "invoice.paid", "endpoint_id": "b21c9dc8acb441ae", "attempt": 2, "success": false, "response_code": 503, "latency_ms": 2.0, "error": "HTTP 503", "next_backoff_s": 0.65}
{"timestamp": 1787875616.225, "level": "WARNING", "logger": "worker", "message": "delivery attempt", "worker_id": 2, "delivery_id": "554d8ea33c534721", "event_id": "a8c0e7f27a6d4863", "event_type": "invoice.paid", "endpoint_id": "b21c9dc8acb441ae", "attempt": 2, "success": false, "response_code": 503, "latency_ms": 1.56, "error": "HTTP 503", "next_backoff_s": 0.78}
{"timestamp": 1787875616.62, "level": "WARNING", "logger": "worker", "message": "delivery attempt", "worker_id": 3, "delivery_id": "92775ccac8fc49cb", "event_id": "a86d249a392e4739", "event_type": "payment.succeeded", "endpoint_id": "cab6e30ee4694acd", "attempt": 2, "success": false, "response_code": null, "latency_ms": 602.48, "error": "timeout", "next_backoff_s": 0.64}
{"timestamp": 1787875616.623, "level": "WARNING", "logger": "worker", "message": "delivery attempt", "worker_id": 3, "delivery_id": "ee377fb82816426e", "event_id": "96d226031c824007", "event_type": "user.updated", "endpoint_id": "cab6e30ee4694acd", "attempt": 2, "success": false, "response_code": 503, "latency_ms": 2.3, "error": "HTTP 503", "next_backoff_s": 0.7}
{"timestamp": 1787875616.632, "level": "WARNING", "logger": "worker", "message": "delivery attempt", "worker_id": 5, "delivery_id": "71e781b938ea4064", "event_id": "58af828ed70d4c8a", "event_type": "invoice.paid", "endpoint_id": "b21c9dc8acb441ae", "attempt": 2, "success": false, "response_code": null, "latency_ms": 601.27, "error": "timeout", "next_backoff_s": 0.77}
{"timestamp": 1787875616.635, "level": "INFO", "logger": "worker", "message": "delivery attempt", "worker_id": 5, "delivery_id": "e8d148c7c7534f60", "event_id": "1bea99c6104d4f2c", "event_type": "invoice.paid", "endpoint_id": "b21c9dc8acb441ae", "attempt": 2, "success": true, "response_code": 200, "latency_ms": 1.76, "error": null, "next_backoff_s": null}
{"timestamp": 1787875616.637, "level": "INFO", "logger": "worker", "message": "delivery attempt", "worker_id": 5, "delivery_id": "eacd82aa263243a3", "event_id": "eedd6dae8c20475e", "event_type": "payment.succeeded", "endpoint_id": "856b21e41c3f4712", "attempt": 2, "success": true, "response_code": 200, "latency_ms": 1.56, "error": null, "next_backoff_s": null}
{"timestamp": 1787875616.639, "level": "WARNING", "logger": "worker", "message": "delivery attempt", "worker_id": 5, "delivery_id": "2e181e2abf604547", "event_id": "5b1c4b4e8eef4827", "event_type": "invoice.paid", "endpoint_id": "b21c9dc8acb441ae", "attempt": 2, "success": false, "response_code": 503, "latency_ms": 1.4, "error": "HTTP 503", "next_backoff_s": 0.63}
{"timestamp": 1787875616.641, "level": "INFO", "logger": "worker", "message": "delivery attempt", "worker_id": 5, "delivery_id": "132a524c15854d48", "event_id": "8c0755aa5d934b7d", "event_type": "order.created", "endpoint_id": "856b21e41c3f4712", "attempt": 2, "success": true, "response_code": 200, "latency_ms": 1.71, "error": null, "next_backoff_s": null}
{"timestamp": 1787875616.769, "level": "WARNING", "logger": "worker", "message": "delivery attempt", "worker_id": 4, "delivery_id": "6c4e1fe97b1f42b9", "event_id": "61e78a022d074db6", "event_type": "user.updated", "endpoint_id": "cab6e30ee4694acd", "attempt": 2, "success": false, "response_code": null, "latency_ms": 602.34, "error": "timeout", "next_backoff_s": 0.71}
{"timestamp": 1787875616.773, "level": "WARNING", "logger": "worker", "message": "delivery attempt", "worker_id": 4, "delivery_id": "d4fc82e2fbc84c14", "event_id": "eedd6dae8c20475e", "event_type": "payment.succeeded", "endpoint_id": "cab6e30ee4694acd", "attempt": 2, "success": false, "response_code": 503, "latency_ms": 2.19, "error": "HTTP 503", "next_backoff_s": 0.61}
{"timestamp": 1787875616.775, "level": "INFO", "logger": "worker", "message": "delivery attempt", "worker_id": 4, "delivery_id": "37defc59342b4b92", "event_id": "a8c0e7f27a6d4863", "event_type": "invoice.paid", "endpoint_id": "cab6e30ee4694acd", "attempt": 2, "success": true, "response_code": 200, "latency_ms": 1.76, "error": null, "next_backoff_s": null}
{"timestamp": 1787875616.805, "level": "WARNING", "logger": "worker", "message": "delivery attempt", "worker_id": 0, "delivery_id": "fcbd956e0db84565", "event_id": "4aea471bb4bb4de7", "event_type": "invoice.paid", "endpoint_id": "b21c9dc8acb441ae", "attempt": 2, "success": false, "response_code": null, "latency_ms": 601.87, "error": "timeout", "next_backoff_s": 0.74}
{"timestamp": 1787875616.809, "level": "INFO", "logger": "worker", "message": "delivery attempt", "worker_id": 0, "delivery_id": "3ff0f05451f64031", "event_id": "c655d90d2a7446ff", "event_type": "payment.succeeded", "endpoint_id": "b21c9dc8acb441ae", "attempt": 2, "success": true, "response_code": 200, "latency_ms": 2.38, "error": null, "next_backoff_s": null}
{"timestamp": 1787875616.822, "level": "WARNING", "logger": "worker", "message": "delivery attempt", "worker_id": 1, "delivery_id": "c70a19ff56bf4e8c", "event_id": "357cb89a64124f06", "event_type": "payment.failed", "endpoint_id": "b21c9dc8acb441ae", "attempt": 2, "success": false, "response_code": null, "latency_ms": 601.93, "error": "timeout", "next_backoff_s": 0.66}
{"timestamp": 1787875616.825, "level": "WARNING", "logger": "worker", "message": "delivery attempt", "worker_id": 1, "delivery_id": "364d4469af7146df", "event_id": "c655d90d2a7446ff", "event_type": "payment.succeeded", "endpoint_id": "cab6e30ee4694acd", "attempt": 2, "success": false, "response_code": 503, "latency_ms": 1.76, "error": "HTTP 503", "next_backoff_s": 0.7}
{"timestamp": 1787875616.828, "level": "WARNING", "logger": "worker", "message": "delivery attempt", "worker_id": 2, "delivery_id": "b89943ee4af84b03", "event_id": "581c4aff685f4626", "event_type": "invoice.paid", "endpoint_id": "cab6e30ee4694acd", "attempt": 2, "success": false, "response_code": null, "latency_ms": 601.64, "error": "timeout", "next_backoff_s": 0.8}
{"timestamp": 1787875616.831, "level": "INFO", "logger": "worker", "message": "delivery attempt", "worker_id": 2, "delivery_id": "d63abc9f296040cb", "event_id": "9e037f07eb964e46", "event_type": "user.updated", "endpoint_id": "856b21e41c3f4712", "attempt": 2, "success": true, "response_code": 200, "latency_ms": 1.76, "error": null, "next_backoff_s": null}
{"timestamp": 1787875616.833, "level": "INFO", "logger": "worker", "message": "delivery attempt", "worker_id": 2, "delivery_id": "90b5d32ad77346a4", "event_id": "be39ff4f19e44070", "event_type": "payment.failed", "endpoint_id": "cab6e30ee4694acd", "attempt": 2, "success": true, "response_code": 200, "latency_ms": 1.66, "error": null, "next_backoff_s": null}
{"timestamp": 1787875616.835, "level": "WARNING", "logger": "worker", "message": "delivery attempt", "worker_id": 2, "delivery_id": "77d60d7e0b3a4d13", "event_id": "53252a80fc2c44ed", "event_type": "payment.failed", "endpoint_id": "cab6e30ee4694acd", "attempt": 2, "success": false, "response_code": 503, "latency_ms": 1.54, "error": "HTTP 503", "next_backoff_s": 0.77}
{"timestamp": 1787875616.837, "level": "WARNING", "logger": "worker", "message": "delivery attempt", "worker_id": 1, "delivery_id": "a5f619f3872a4f3e", "event_id": "1bea99c6104d4f2c", "event_type": "invoice.paid", "endpoint_id": "cab6e30ee4694acd", "attempt": 2, "success": false, "response_code": 503, "latency_ms": 2.01, "error": "HTTP 503", "next_backoff_s": 0.69}
{"timestamp": 1787875616.839, "level": "INFO", "logger": "worker", "message": "delivery attempt", "worker_id": 2, "delivery_id": "659c65aae6c04221", "event_id": "b93ccbe31eef4a21", "event_type": "user.updated", "endpoint_id": "856b21e41c3f4712", "attempt": 2, "success": true, "response_code": 200, "latency_ms": 3.1, "error": null, "next_backoff_s": null}
{"timestamp": 1787875617.226, "level": "WARNING", "logger": "worker", "message": "delivery attempt", "worker_id": 3, "delivery_id": "520e6ea14ded41e7", "event_id": "d92b91ecb2734a13", "event_type": "payment.succeeded", "endpoint_id": "b21c9dc8acb441ae", "attempt": 2, "success": false, "response_code": null, "latency_ms": 602.07, "error": "timeout", "next_backoff_s": 0.78}
{"timestamp": 1787875617.229, "level": "WARNING", "logger": "worker", "message": "delivery attempt", "worker_id": 3, "delivery_id": "f4a1da82b0ad45b1", "event_id": "9e037f07eb964e46", "event_type": "user.updated", "endpoint_id": "cab6e30ee4694acd", "attempt": 2, "success": false, "response_code": 503, "latency_ms": 2.22, "error": "HTTP 503", "next_backoff_s": 0.67}
{"timestamp": 1787875617.232, "level": "WARNING", "logger": "worker", "message": "delivery attempt", "worker_id": 3, "delivery_id": "794076936cd3449a", "event_id": "af896f2bb99c47f4", "event_type": "payment.failed", "endpoint_id": "cab6e30ee4694acd", "attempt": 2, "success": false, "response_code": 503, "latency_ms": 1.76, "error": "HTTP 503", "next_backoff_s": 0.63}
{"timestamp": 1787875617.244, "level": "WARNING", "logger": "worker", "message": "delivery attempt", "worker_id": 5, "delivery_id": "0df2c6d76b9f415c", "event_id": "58af828ed70d4c8a", "event_type": "invoice.paid", "endpoint_id": "cab6e30ee4694acd", "attempt": 2, "success": false, "response_code": null, "latency_ms": 601.66, "error": "timeout", "next_backoff_s": 0.7}
{"timestamp": 1787875617.247, "level": "INFO", "logger": "worker", "message": "delivery attempt", "worker_id": 5, "delivery_id": "22a280d50e214931", "event_id": "afedea7289da4614", "event_type": "payment.succeeded", "endpoint_id": "cab6e30ee4694acd", "attempt": 2, "success": true, "response_code": 200, "latency_ms": 2.34, "error": null, "next_backoff_s": null}
{"timestamp": 1787875617.25, "level": "WARNING", "logger": "worker", "message": "delivery attempt", "worker_id": 5, "delivery_id": "0e7f5d0f9d5f4867", "event_id": "2d2ea348132d4008", "event_type": "invoice.paid", "endpoint_id": "b21c9dc8acb441ae", "attempt": 2, "success": false, "response_code": 503, "latency_ms": 1.68, "error": "HTTP 503", "next_backoff_s": 0.79}
{"timestamp": 1787875617.252, "level": "INFO", "logger": "worker", "message": "delivery attempt", "worker_id": 5, "delivery_id": "65a338d2ffcf4137", "event_id": "1c112c2d821b4b05", "event_type": "invoice.paid", "endpoint_id": "b21c9dc8acb441ae", "attempt": 2, "success": true, "response_code": 200, "latency_ms": 1.78, "error": null, "next_backoff_s": null}
{"timestamp": 1787875617.254, "level": "INFO", "logger": "worker", "message": "delivery attempt", "worker_id": 5, "delivery_id": "da67848375794a86", "event_id": "214cd7e9e3c44d96", "event_type": "payment.succeeded", "endpoint_id": "b21c9dc8acb441ae", "attempt": 2, "success": true, "response_code": 200, "latency_ms": 1.67, "error": null, "next_backoff_s": null}
{"timestamp": 1787875617.257, "level": "INFO", "logger": "worker", "message": "delivery attempt", "worker_id": 5, "delivery_id": "a7f82601579c4a71", "event_id": "835ac6cfc60d40ac", "event_type": "order.created", "endpoint_id": "856b21e41c3f4712", "attempt": 2, "success": true, "response_code": 200, "latency_ms": 1.81, "error": null, "next_backoff_s": null}
{"timestamp": 1787875617.259, "level": "WARNING", "logger": "worker", "message": "delivery attempt", "worker_id": 5, "delivery_id": "7cbb1166de1b49dc", "event_id": "6416c5bddac148de", "event_type": "payment.failed", "endpoint_id": "cab6e30ee4694acd", "attempt": 2, "success": false, "response_code": 503, "latency_ms": 1.47, "error": "HTTP 503", "next_backoff_s": 0.64}
{"timestamp": 1787875617.261, "level": "INFO", "logger": "worker", "message": "delivery attempt", "worker_id": 5, "delivery_id": "f91060735e524a8c", "event_id": "76c72074617c4aeb", "event_type": "payment.succeeded", "endpoint_id": "b21c9dc8acb441ae", "attempt": 2, "success": true, "response_code": 200, "latency_ms": 1.51, "error": null, "next_backoff_s": null}
{"timestamp": 1787875617.263, "level": "WARNING", "logger": "worker", "message": "delivery attempt", "worker_id": 5, "delivery_id": "8ca9c6d54b6c4801", "event_id": "2d2ea348132d4008", "event_type": "invoice.paid", "endpoint_id": "cab6e30ee4694acd", "attempt": 2, "success": false, "response_code": 503, "latency_ms": 1.59, "error": "HTTP 503", "next_backoff_s": 0.64}
{"timestamp": 1787875617.266, "level": "WARNING", "logger": "worker", "message": "delivery attempt", "worker_id": 5, "delivery_id": "bc7cce4e2fe44740", "event_id": "fc89e5364b684b8b", "event_type": "invoice.paid", "endpoint_id": "cab6e30ee4694acd", "attempt": 2, "success": false, "response_code": 503, "latency_ms": 1.52, "error": "HTTP 503", "next_backoff_s": 0.66}
{"timestamp": 1787875617.268, "level": "INFO", "logger": "worker", "message": "delivery attempt", "worker_id": 5, "delivery_id": "e473764deb3f42bf", "event_id": "835ac6cfc60d40ac", "event_type": "order.created", "endpoint_id": "b21c9dc8acb441ae", "attempt": 2, "success": true, "response_code": 200, "latency_ms": 1.69, "error": null, "next_backoff_s": null}
{"timestamp": 1787875617.378, "level": "WARNING", "logger": "worker", "message": "delivery attempt", "worker_id": 4, "delivery_id": "464a1827f08b478a", "event_id": "d92b91ecb2734a13", "event_type": "payment.succeeded", "endpoint_id": "cab6e30ee4694acd", "attempt": 2, "success": false, "response_code": null, "latency_ms": 601.86, "error": "timeout", "next_backoff_s": 0.74}
{"timestamp": 1787875617.381, "level": "INFO", "logger": "worker", "message": "delivery attempt", "worker_id": 4, "delivery_id": "1c4ab65fa5324231", "event_id": "95f2853289394b98", "event_type": "payment.failed", "endpoint_id": "cab6e30ee4694acd", "attempt": 2, "success": true, "response_code": 200, "latency_ms": 2.21, "error": null, "next_backoff_s": null}
{"timestamp": 1787875617.384, "level": "WARNING", "logger": "worker", "message": "delivery attempt", "worker_id": 4, "delivery_id": "a212f03389bd4200", "event_id": "8c0755aa5d934b7d", "event_type": "order.created", "endpoint_id": "cab6e30ee4694acd", "attempt": 2, "success": false, "response_code": 503, "latency_ms": 1.81, "error": "HTTP 503", "next_backoff_s": 0.72}
{"timestamp": 1787875617.387, "level": "INFO", "logger": "worker", "message": "delivery attempt", "worker_id": 4, "delivery_id": "a348a678e1694234", "event_id": "20d0536b3f5a4fde", "event_type": "user.updated", "endpoint_id": "b21c9dc8acb441ae", "attempt": 2, "success": true, "response_code": 200, "latency_ms": 1.86, "error": null, "next_backoff_s": null}
{"timestamp": 1787875617.412, "level": "WARNING", "logger": "worker", "message": "delivery attempt", "worker_id": 0, "delivery_id": "27cc079452a24d44", "event_id": "5b1c4b4e8eef4827", "event_type": "invoice.paid", "endpoint_id": "cab6e30ee4694acd", "attempt": 2, "success": false, "response_code": null, "latency_ms": 601.98, "error": "timeout", "next_backoff_s": 0.65}
{"timestamp": 1787875617.414, "level": "WARNING", "logger": "worker", "message": "delivery attempt", "worker_id": 0, "delivery_id": "58a28cc828ac4bb5", "event_id": "3fd0b0ca9f0246b9", "event_type": "order.created", "endpoint_id": "cab6e30ee4694acd", "attempt": 2, "success": false, "response_code": 503, "latency_ms": 1.82, "error": "HTTP 503", "next_backoff_s": 0.67}
{"timestamp": 1787875617.417, "level": "INFO", "logger": "worker", "message": "delivery attempt", "worker_id": 0, "delivery_id": "5d1a344e955a4b57", "event_id": "95f2853289394b98", "event_type": "payment.failed", "endpoint_id": "b21c9dc8acb441ae", "attempt": 2, "success": true, "response_code": 200, "latency_ms": 1.96, "error": null, "next_backoff_s": null}
{"timestamp": 1787875617.419, "level": "WARNING", "logger": "worker", "message": "delivery attempt", "worker_id": 0, "delivery_id": "c16553021f08438f", "event_id": "8c0755aa5d934b7d", "event_type": "order.created", "endpoint_id": "b21c9dc8acb441ae", "attempt": 2, "success": false, "response_code": 503, "latency_ms": 1.57, "error": "HTTP 503", "next_backoff_s": 0.67}
{"timestamp": 1787875617.423, "level": "WARNING", "logger": "worker", "message": "delivery attempt", "worker_id": 0, "delivery_id": "fa8c1fbb951f404c", "event_id": "835ac6cfc60d40ac", "event_type": "order.created", "endpoint_id": "cab6e30ee4694acd", "attempt": 2, "success": false, "response_code": 503, "latency_ms": 1.65, "error": "HTTP 503", "next_backoff_s": 0.7}
{"timestamp": 1787875617.439, "level": "WARNING", "logger": "worker", "message": "delivery attempt", "worker_id": 1, "delivery_id": "397217b3e3604a85", "event_id": "b93ccbe31eef4a21", "event_type": "user.updated", "endpoint_id": "cab6e30ee4694acd", "attempt": 2, "success": false, "response_code": null, "latency_ms": 601.36, "error": "timeout", "next_backoff_s": 0.61}
{"timestamp": 1787875617.442, "level": "WARNING", "logger": "worker", "message": "delivery attempt", "worker_id": 2, "delivery_id": "41551d12819e41f9", "event_id": "e67c1a3689b04c7b", "event_type": "order.created", "endpoint_id": "cab6e30ee4694acd", "attempt": 2, "success": false, "response_code": null, "latency_ms": 602.26, "error": "timeout", "next_backoff_s": 0.72}
{"timestamp": 1787875617.444, "level": "WARNING", "logger": "worker", "message": "delivery attempt", "worker_id": 1, "delivery_id": "117e4f8656c143f4", "event_id": "3811990ec6ae4452", "event_type": "payment.succeeded", "endpoint_id": "cab6e30ee4694acd", "attempt": 2, "success": false, "response_code": 503, "latency_ms": 2.59, "error": "HTTP 503", "next_backoff_s": 0.61}
{"timestamp": 1787875617.446, "level": "INFO", "logger": "worker", "message": "delivery attempt", "worker_id": 1, "delivery_id": "72cb9170f3e7433a", "event_id": "7e999e9ef7f3417e", "event_type": "user.updated", "endpoint_id": "856b21e41c3f4712", "attempt": 2, "success": true, "response_code": 200, "latency_ms": 1.81, "error": null, "next_backoff_s": null}
{"timestamp": 1787875617.449, "level": "WARNING", "logger": "worker", "message": "delivery attempt", "worker_id": 1, "delivery_id": "4e7efa0242324bac", "event_id": "206132bb227f4ac1", "event_type": "user.updated", "endpoint_id": "b21c9dc8acb441ae", "attempt": 2, "success": false, "response_code": 503, "latency_ms": 1.67, "error": "HTTP 503", "next_backoff_s": 0.69}
{"timestamp": 1787875617.452, "level": "INFO", "logger": "worker", "message": "delivery attempt", "worker_id": 1, "delivery_id": "e7a8c27ef45f49bc", "event_id": "aac47ba05c53488e", "event_type": "order.created", "endpoint_id": "b21c9dc8acb441ae", "attempt": 2, "success": true, "response_code": 200, "latency_ms": 1.92, "error": null, "next_backoff_s": null}
{"timestamp": 1787875617.454, "level": "WARNING", "logger": "worker", "message": "delivery attempt", "worker_id": 1, "delivery_id": "30ce3eb0e6fb47ee", "event_id": "0ffcde09febc493d", "event_type": "invoice.paid", "endpoint_id": "cab6e30ee4694acd", "attempt": 2, "success": false, "response_code": 503, "latency_ms": 1.66, "error": "HTTP 503", "next_backoff_s": 0.65}
{"timestamp": 1787875617.835, "level": "WARNING", "logger": "worker", "message": "delivery attempt", "worker_id": 3, "delivery_id": "ff873c8772504ea7", "event_id": "9e037f07eb964e46", "event_type": "user.updated", "endpoint_id": "b21c9dc8acb441ae", "attempt": 2, "success": false, "response_code": null, "latency_ms": 601.7, "error": "timeout", "next_backoff_s": 0.79}
{"timestamp": 1787875617.838, "level": "INFO", "logger": "worker", "message": "delivery attempt", "worker_id": 3, "delivery_id": "0493da2e8ec143fd", "event_id": "7e999e9ef7f3417e", "event_type": "user.updated", "endpoint_id": "b21c9dc8acb441ae", "attempt": 2, "success": true, "response_code": 200, "latency_ms": 2.23, "error": null, "next_backoff_s": null}
{"timestamp": 1787875617.871, "level": "WARNING", "logger": "worker", "message": "delivery attempt", "worker_id": 5, "delivery_id": "4c4065d6127746da", "event_id": "d50f222046284273", "event_type": "invoice.paid", "endpoint_id": "b21c9dc8acb441ae", "attempt": 2, "success": false, "response_code": null, "latency_ms": 601.87, "error": "timeout", "next_backoff_s": 0.64}
{"timestamp": 1787875617.874, "level": "WARNING", "logger": "worker", "message": "delivery attempt", "worker_id": 5, "delivery_id": "67fd38eac58b43ad", "event_id": "214cd7e9e3c44d96", "event_type": "payment.succeeded", "endpoint_id": "cab6e30ee4694acd", "attempt": 2, "success": false, "response_code": 503, "latency_ms": 2.15, "error": "HTTP 503", "next_backoff_s": 0.72}
{"timestamp": 1787875617.989, "level": "WARNING", "logger": "worker", "message": "delivery attempt", "worker_id": 4, "delivery_id": "b83255f7e8f64b05", "event_id": "206132bb227f4ac1", "event_type": "user.updated", "endpoint_id": "cab6e30ee4694acd", "attempt": 2, "success": false, "response_code": null, "latency_ms": 601.6, "error": "timeout", "next_backoff_s": 0.66}
{"timestamp": 1787875617.993, "level": "INFO", "logger": "worker", "message": "delivery attempt", "worker_id": 4, "delivery_id": "c9e7c36458a745ab", "event_id": "0fa9d6f3771d4f7f", "event_type": "order.created", "endpoint_id": "856b21e41c3f4712", "attempt": 2, "success": true, "response_code": 200, "latency_ms": 2.73, "error": null, "next_backoff_s": null}
{"timestamp": 1787875617.996, "level": "WARNING", "logger": "worker", "message": "delivery attempt", "worker_id": 4, "delivery_id": "d05c7eee140449d4", "event_id": "cfcc595b49644268", "event_type": "user.updated", "endpoint_id": "cab6e30ee4694acd", "attempt": 2, "success": false, "response_code": 503, "latency_ms": 1.66, "error": "HTTP 503", "next_backoff_s": 0.65}
{"timestamp": 1787875617.998, "level": "INFO", "logger": "worker", "message": "delivery attempt", "worker_id": 4, "delivery_id": "8ce9cf8d626143c3", "event_id": "17344b9ad5774a3c", "event_type": "payment.failed", "endpoint_id": "cab6e30ee4694acd", "attempt": 2, "success": true, "response_code": 200, "latency_ms": 1.58, "error": null, "next_backoff_s": null}
{"timestamp": 1787875618.0, "level": "WARNING", "logger": "worker", "message": "delivery attempt", "worker_id": 4, "delivery_id": "e067fd82da994173", "event_id": "6501854e007848d0", "event_type": "payment.succeeded", "endpoint_id": "cab6e30ee4694acd", "attempt": 2, "success": false, "response_code": 503, "latency_ms": 1.6, "error": "HTTP 503", "next_backoff_s": 0.73}
{"timestamp": 1787875618.025, "level": "WARNING", "logger": "worker", "message": "delivery attempt", "worker_id": 0, "delivery_id": "1f1f66ea69be482e", "event_id": "0ffcde09febc493d", "event_type": "invoice.paid", "endpoint_id": "856b21e41c3f4712", "attempt": 2, "success": false, "response_code": null, "latency_ms": 601.64, "error": "timeout", "next_backoff_s": 0.64}
{"timestamp": 1787875618.028, "level": "INFO", "logger": "worker", "message": "delivery attempt", "worker_id": 0, "delivery_id": "4bf8c45347614a79", "event_id": "36ff17c34ec448f3", "event_type": "order.created", "endpoint_id": "cab6e30ee4694acd", "attempt": 2, "success": true, "response_code": 200, "latency_ms": 1.75, "error": null, "next_backoff_s": null}
{"timestamp": 1787875618.03, "level": "INFO", "logger": "worker", "message": "delivery attempt", "worker_id": 0, "delivery_id": "84d4633df81c4d8a", "event_id": "6501854e007848d0", "event_type": "payment.succeeded", "endpoint_id": "856b21e41c3f4712", "attempt": 2, "success": true, "response_code": 200, "latency_ms": 1.76, "error": null, "next_backoff_s": null}
{"timestamp": 1787875618.033, "level": "INFO", "logger": "worker", "message": "delivery attempt", "worker_id": 0, "delivery_id": "3d30b11ca751484f", "event_id": "0fa9d6f3771d4f7f", "event_type": "order.created", "endpoint_id": "b21c9dc8acb441ae", "attempt": 2, "success": true, "response_code": 200, "latency_ms": 1.79, "error": null, "next_backoff_s": null}
{"timestamp": 1787875618.046, "level": "WARNING", "logger": "worker", "message": "delivery attempt", "worker_id": 2, "delivery_id": "4d18c7df8cec482d", "event_id": "127292572d6f4cd9", "event_type": "payment.failed", "endpoint_id": "cab6e30ee4694acd", "attempt": 2, "success": false, "response_code": null, "latency_ms": 602.97, "error": "timeout", "next_backoff_s": 0.76}
{"timestamp": 1787875618.057, "level": "WARNING", "logger": "worker", "message": "delivery attempt", "worker_id": 1, "delivery_id": "1cc42a960cc646e7", "event_id": "130f73737a4d4514", "event_type": "order.created", "endpoint_id": "b21c9dc8acb441ae", "attempt": 2, "success": false, "response_code": null, "latency_ms": 602.01, "error": "timeout", "next_backoff_s": 0.74}
{"timestamp": 1787875618.441, "level": "WARNING", "logger": "worker", "message": "delivery attempt", "worker_id": 3, "delivery_id": "006238c7dc8e4ff8", "event_id": "1a0fcf656a57428e", "event_type": "payment.failed", "endpoint_id": "cab6e30ee4694acd", "attempt": 2, "success": false, "response_code": null, "latency_ms": 601.76, "error": "timeout", "next_backoff_s": 0.73}
{"timestamp": 1787875618.445, "level": "WARNING", "logger": "worker", "message": "delivery attempt", "worker_id": 3, "delivery_id": "634fe29550ba4fbd", "event_id": "ccbbbee0908e4a88", "event_type": "user.updated", "endpoint_id": "cab6e30ee4694acd", "attempt": 2, "success": false, "response_code": 503, "latency_ms": 3.0, "error": "HTTP 503", "next_backoff_s": 0.7}
{"timestamp": 1787875618.447, "level": "INFO", "logger": "worker", "message": "delivery attempt", "worker_id": 3, "delivery_id": "c175a155eac34b19", "event_id": "1a0fcf656a57428e", "event_type": "payment.failed", "endpoint_id": "b21c9dc8acb441ae", "attempt": 2, "success": true, "response_code": 200, "latency_ms": 1.78, "error": null, "next_backoff_s": null}
{"timestamp": 1787875618.477, "level": "WARNING", "logger": "worker", "message": "delivery attempt", "worker_id": 5, "delivery_id": "868b8f881c5f4ad9", "event_id": "76c72074617c4aeb", "event_type": "payment.succeeded", "endpoint_id": "cab6e30ee4694acd", "attempt": 2, "success": false, "response_code": null, "latency_ms": 602.15, "error": "timeout", "next_backoff_s": 0.72}
{"timestamp": 1787875618.603, "level": "WARNING", "logger": "worker", "message": "delivery attempt", "worker_id": 4, "delivery_id": "c845ae083115421b", "event_id": "aac47ba05c53488e", "event_type": "order.created", "endpoint_id": "cab6e30ee4694acd", "attempt": 2, "success": false, "response_code": null, "latency_ms": 601.86, "error": "timeout", "next_backoff_s": 0.69}
{"timestamp": 1787875618.636, "level": "WARNING", "logger": "worker", "message": "delivery attempt", "worker_id": 0, "delivery_id": "a6bf38c5a1204d7c", "event_id": "356c1287318d41b1", "event_type": "payment.succeeded", "endpoint_id": "cab6e30ee4694acd", "attempt": 2, "success": false, "response_code": null, "latency_ms": 601.65, "error": "timeout", "next_backoff_s": 0.79}
{"timestamp": 1787875618.648, "level": "WARNING", "logger": "worker", "message": "delivery attempt", "worker_id": 2, "delivery_id": "8a2b95fbdaec48e1", "event_id": "0fa9d6f3771d4f7f", "event_type": "order.created", "endpoint_id": "cab6e30ee4694acd", "attempt": 2, "success": false, "response_code": null, "latency_ms": 601.67, "error": "timeout", "next_backoff_s": 0.71}
{"timestamp": 1787875618.653, "level": "INFO", "logger": "worker", "message": "delivery attempt", "worker_id": 2, "delivery_id": "78520add4ef8477e", "event_id": "02f2b823936a4725", "event_type": "invoice.paid", "endpoint_id": "856b21e41c3f4712", "attempt": 2, "success": true, "response_code": 200, "latency_ms": 2.75, "error": null, "next_backoff_s": null}
{"timestamp": 1787875618.659, "level": "WARNING", "logger": "worker", "message": "delivery attempt", "worker_id": 1, "delivery_id": "6addbc19b2064f1f", "event_id": "130f73737a4d4514", "event_type": "order.created", "endpoint_id": "cab6e30ee4694acd", "attempt": 2, "success": false, "response_code": null, "latency_ms": 601.62, "error": "timeout", "next_backoff_s": 0.65}
{"timestamp": 1787875618.662, "level": "INFO", "logger": "worker", "message": "delivery attempt", "worker_id": 1, "delivery_id": "846b5ca7d5604c60", "event_id": "02f2b823936a4725", "event_type": "invoice.paid", "endpoint_id": "cab6e30ee4694acd", "attempt": 2, "success": true, "response_code": 200, "latency_ms": 1.75, "error": null, "next_backoff_s": null}
{"timestamp": 1787875618.665, "level": "INFO", "logger": "worker", "message": "delivery attempt", "worker_id": 1, "delivery_id": "41ebe041e6744fb7", "event_id": "1106a7ee0ad24496", "event_type": "invoice.paid", "endpoint_id": "cab6e30ee4694acd", "attempt": 2, "success": true, "response_code": 200, "latency_ms": 1.65, "error": null, "next_backoff_s": null}
{"timestamp": 1787875618.667, "level": "INFO", "logger": "worker", "message": "delivery attempt", "worker_id": 1, "delivery_id": "188bce0042dd46fd", "event_id": "5e17a852c0c146ae", "event_type": "user.updated", "endpoint_id": "b21c9dc8acb441ae", "attempt": 2, "success": true, "response_code": 200, "latency_ms": 1.67, "error": null, "next_backoff_s": null}
{"timestamp": 1787875618.669, "level": "INFO", "logger": "worker", "message": "delivery attempt", "worker_id": 1, "delivery_id": "9829e68952324af0", "event_id": "9374b95397184269", "event_type": "payment.failed", "endpoint_id": "856b21e41c3f4712", "attempt": 2, "success": true, "response_code": 200, "latency_ms": 1.68, "error": null, "next_backoff_s": null}
{"timestamp": 1787875618.672, "level": "WARNING", "logger": "worker", "message": "delivery attempt", "worker_id": 1, "delivery_id": "250118d3319c4f58", "event_id": "134b9ff811ff4e39", "event_type": "payment.failed", "endpoint_id": "b21c9dc8acb441ae", "attempt": 3, "success": false, "response_code": 503, "latency_ms": 1.71, "error": "HTTP 503", "next_backoff_s": 1.21}
{"timestamp": 1787875618.674, "level": "INFO", "logger": "worker", "message": "delivery attempt", "worker_id": 1, "delivery_id": "83ff757289544801", "event_id": "d052636e208f46d5", "event_type": "payment.failed", "endpoint_id": "b21c9dc8acb441ae", "attempt": 3, "success": true, "response_code": 200, "latency_ms": 1.55, "error": null, "next_backoff_s": null}
{"timestamp": 1787875618.676, "level": "WARNING", "logger": "worker", "message": "delivery attempt", "worker_id": 1, "delivery_id": "723ae24ddc244089", "event_id": "044d2bdc9a4b4278", "event_type": "order.created", "endpoint_id": "cab6e30ee4694acd", "attempt": 3, "success": false, "response_code": 503, "latency_ms": 1.54, "error": "HTTP 503", "next_backoff_s": 1.22}
{"timestamp": 1787875618.678, "level": "WARNING", "logger": "worker", "message": "delivery attempt", "worker_id": 1, "delivery_id": "2dc65904fe754b76", "event_id": "a19dfbfcd798483f", "event_type": "payment.succeeded", "endpoint_id": "cab6e30ee4694acd", "attempt": 3, "success": false, "response_code": 503, "latency_ms": 1.53, "error": "HTTP 503", "next_backoff_s": 1.22}
{"timestamp": 1787875618.681, "level": "WARNING", "logger": "worker", "message": "delivery attempt", "worker_id": 1, "delivery_id": "9b1c2a8b079c448d", "event_id": "915c3db3fdf24dac", "event_type": "user.updated", "endpoint_id": "cab6e30ee4694acd", "attempt": 3, "success": false, "response_code": 503, "latency_ms": 1.54, "error": "HTTP 503", "next_backoff_s": 1.33}
{"timestamp": 1787875619.05, "level": "WARNING", "logger": "worker", "message": "delivery attempt", "worker_id": 3, "delivery_id": "d18aa697497547a4", "event_id": "ad343026f0794724", "event_type": "invoice.paid", "endpoint_id": "cab6e30ee4694acd", "attempt": 2, "success": false, "response_code": null, "latency_ms": 601.55, "error": "timeout", "next_backoff_s": 0.79}
{"timestamp": 1787875619.053, "level": "INFO", "logger": "worker", "message": "delivery attempt", "worker_id": 3, "delivery_id": "468de2907e3047c8", "event_id": "5e17a852c0c146ae", "event_type": "user.updated", "endpoint_id": "856b21e41c3f4712", "attempt": 2, "success": true, "response_code": 200, "latency_ms": 2.28, "error": null, "next_backoff_s": null}
{"timestamp": 1787875619.08, "level": "WARNING", "logger": "worker", "message": "delivery attempt", "worker_id": 5, "delivery_id": "aadc18671eb74c45", "event_id": "89ccb5f256a54dbc", "event_type": "payment.succeeded", "endpoint_id": "cab6e30ee4694acd", "attempt": 2, "success": false, "response_code": null, "latency_ms": 601.64, "error": "timeout", "next_backoff_s": 0.76}
{"timestamp": 1787875619.082, "level": "INFO", "logger": "worker", "message": "delivery attempt", "worker_id": 5, "delivery_id": "fb36a0b433214e86", "event_id": "89ccb5f256a54dbc", "event_type": "payment.succeeded", "endpoint_id": "856b21e41c3f4712", "attempt": 2, "success": true, "response_code": 200, "latency_ms": 1.83, "error": null, "next_backoff_s": null}
{"timestamp": 1787875619.085, "level": "WARNING", "logger": "worker", "message": "delivery attempt", "worker_id": 5, "delivery_id": "1f781db5b1874e97", "event_id": "d052636e208f46d5", "event_type": "payment.failed", "endpoint_id": "cab6e30ee4694acd", "attempt": 3, "success": false, "response_code": 503, "latency_ms": 1.78, "error": "HTTP 503", "next_backoff_s": 1.3}
{"timestamp": 1787875619.087, "level": "INFO", "logger": "worker", "message": "delivery attempt", "worker_id": 5, "delivery_id": "3c4a373cd7a440e6", "event_id": "134b9ff811ff4e39", "event_type": "payment.failed", "endpoint_id": "cab6e30ee4694acd", "attempt": 3, "success": true, "response_code": 200, "latency_ms": 1.63, "error": null, "next_backoff_s": null}
{"timestamp": 1787875619.089, "level": "WARNING", "logger": "worker", "message": "delivery attempt", "worker_id": 5, "delivery_id": "994c342d4e4e4c1e", "event_id": "4ff3e464fe0745ef", "event_type": "payment.failed", "endpoint_id": "b21c9dc8acb441ae", "attempt": 3, "success": false, "response_code": 503, "latency_ms": 1.61, "error": "HTTP 503", "next_backoff_s": 1.26}
{"timestamp": 1787875619.206, "level": "WARNING", "logger": "worker", "message": "delivery attempt", "worker_id": 4, "delivery_id": "aed5bf0d0fb34beb", "event_id": "02f2b823936a4725", "event_type": "invoice.paid", "endpoint_id": "b21c9dc8acb441ae", "attempt": 2, "success": false, "response_code": null, "latency_ms": 602.05, "error": "timeout", "next_backoff_s": 0.75}
{"timestamp": 1787875619.209, "level": "WARNING", "logger": "worker", "message": "delivery attempt", "worker_id": 4, "delivery_id": "745a6b76e9d7402e", "event_id": "967423e89f374204", "event_type": "payment.failed", "endpoint_id": "cab6e30ee4694acd", "attempt": 2, "success": false, "response_code": 503, "latency_ms": 2.23, "error": "HTTP 503", "next_backoff_s": 0.7}
{"timestamp": 1787875619.239, "level": "WARNING", "logger": "worker", "message": "delivery attempt", "worker_id": 0, "delivery_id": "3fe6edf9ecd94724", "event_id": "9374b95397184269", "event_type": "payment.failed", "endpoint_id": "cab6e30ee4694acd", "attempt": 2, "success": false, "response_code": null, "latency_ms": 601.94, "error": "timeout", "next_backoff_s": 0.62}
{"timestamp": 1787875619.256, "level": "WARNING", "logger": "worker", "message": "delivery attempt", "worker_id": 2, "delivery_id": "3d7fe4804cc3485c", "event_id": "967423e89f374204", "event_type": "payment.failed", "endpoint_id": "b21c9dc8acb441ae", "attempt": 2, "success": false, "response_code": null, "latency_ms": 601.68, "error": "timeout", "next_backoff_s": 0.74}
{"timestamp": 1787875619.258, "level": "INFO", "logger": "worker", "message": "delivery attempt", "worker_id": 2, "delivery_id": "358744753af14857", "event_id": "0ffcde09febc493d", "event_type": "invoice.paid", "endpoint_id": "b21c9dc8acb441ae", "attempt": 2, "success": true, "response_code": 200, "latency_ms": 1.82, "error": null, "next_backoff_s": null}
{"timestamp": 1787875619.283, "level": "WARNING", "logger": "worker", "message": "delivery attempt", "worker_id": 1, "delivery_id": "4f7048b23688482e", "event_id": "dc553858c2544028", "event_type": "payment.succeeded", "endpoint_id": "b21c9dc8acb441ae", "attempt": 3, "success": false, "response_code": null, "latency_ms": 601.83, "error": "timeout", "next_backoff_s": 1.32}
{"timestamp": 1787875619.656, "level": "WARNING", "logger": "worker", "message": "delivery attempt", "worker_id": 3, "delivery_id": "d9e196f1cc414bf9", "event_id": "030a11e871d34ece", "event_type": "user.updated", "endpoint_id": "cab6e30ee4694acd", "attempt": 3, "success": false, "response_code": null, "latency_ms": 601.75, "error": "timeout", "next_backoff_s": 1.21}
{"timestamp": 1787875619.692, "level": "WARNING", "logger": "worker", "message": "delivery attempt", "worker_id": 5, "delivery_id": "d657592b6c9843b4", "event_id": "04c5aeda674540e7", "event_type": "invoice.paid", "endpoint_id": "cab6e30ee4694acd", "attempt": 3, "success": false, "response_code": null, "latency_ms": 601.67, "error": "timeout", "next_backoff_s": 1.3}
{"timestamp": 1787875619.695, "level": "WARNING", "logger": "worker", "message": "delivery attempt", "worker_id": 5, "delivery_id": "e97e6b2c74d24fb5", "event_id": "9b2b3adb2a7a4181", "event_type": "order.created", "endpoint_id": "cab6e30ee4694acd", "attempt": 3, "success": false, "response_code": 503, "latency_ms": 2.29, "error": "HTTP 503", "next_backoff_s": 1.37}
{"timestamp": 1787875619.698, "level": "INFO", "logger": "worker", "message": "delivery attempt", "worker_id": 5, "delivery_id": "8ad2f19357a04719", "event_id": "bc0cf45e42a74112", "event_type": "payment.succeeded", "endpoint_id": "b21c9dc8acb441ae", "attempt": 3, "success": true, "response_code": 200, "latency_ms": 1.9, "error": null, "next_backoff_s": null}
{"timestamp": 1787875619.812, "level": "WARNING", "logger": "worker", "message": "delivery attempt", "worker_id": 4, "delivery_id": "34127e27da3c42e7", "event_id": "9f1653cbca354402", "event_type": "user.updated", "endpoint_id": "cab6e30ee4694acd", "attempt": 2, "success": false, "response_code": null, "latency_ms": 601.6, "error": "timeout", "next_backoff_s": 0.76}
{"timestamp": 1787875619.816, "level": "INFO", "logger": "worker", "message": "delivery attempt", "worker_id": 4, "delivery_id": "f9b007ec3cbc45a3", "event_id": "6f8ad947a99f46e6", "event_type": "order.created", "endpoint_id": "b21c9dc8acb441ae", "attempt": 3, "success": true, "response_code": 200, "latency_ms": 3.01, "error": null, "next_backoff_s": null}
{"timestamp": 1787875619.819, "level": "WARNING", "logger": "worker", "message": "delivery attempt", "worker_id": 4, "delivery_id": "245c4fdeb10745d7", "event_id": "823788a871cb4cbf", "event_type": "payment.succeeded", "endpoint_id": "cab6e30ee4694acd", "attempt": 3, "success": false, "response_code": 503, "latency_ms": 1.89, "error": "HTTP 503", "next_backoff_s": 1.33}
{"timestamp": 1787875619.821, "level": "INFO", "logger": "worker", "message": "delivery attempt", "worker_id": 4, "delivery_id": "a002ec64a9f54c20", "event_id": "1e854eab3b114f03", "event_type": "invoice.paid", "endpoint_id": "cab6e30ee4694acd", "attempt": 3, "success": true, "response_code": 200, "latency_ms": 1.95, "error": null, "next_backoff_s": null}
{"timestamp": 1787875619.824, "level": "INFO", "logger": "worker", "message": "delivery attempt", "worker_id": 4, "delivery_id": "70ab16d4948746f8", "event_id": "1e38a715ed6c4e8a", "event_type": "order.created", "endpoint_id": "b21c9dc8acb441ae", "attempt": 3, "success": true, "response_code": 200, "latency_ms": 1.96, "error": null, "next_backoff_s": null}
{"timestamp": 1787875619.842, "level": "WARNING", "logger": "worker", "message": "delivery attempt", "worker_id": 0, "delivery_id": "ff437f51515c40b3", "event_id": "a954f787b77f49f8", "event_type": "payment.succeeded", "endpoint_id": "cab6e30ee4694acd", "attempt": 2, "success": false, "response_code": null, "latency_ms": 602.76, "error": "timeout", "next_backoff_s": 0.76}
{"timestamp": 1787875619.845, "level": "INFO", "logger": "worker", "message": "delivery attempt", "worker_id": 0, "delivery_id": "1d8871f58eba41a0", "event_id": "9374b95397184269", "event_type": "payment.failed", "endpoint_id": "b21c9dc8acb441ae", "attempt": 2, "success": true, "response_code": 200, "latency_ms": 1.69, "error": null, "next_backoff_s": null}
{"timestamp": 1787875619.847, "level": "INFO", "logger": "worker", "message": "delivery attempt", "worker_id": 0, "delivery_id": "26878fe901104403", "event_id": "356c1287318d41b1", "event_type": "payment.succeeded", "endpoint_id": "b21c9dc8acb441ae", "attempt": 2, "success": true, "response_code": 200, "latency_ms": 1.78, "error": null, "next_backoff_s": null}
{"timestamp": 1787875619.862, "level": "WARNING", "logger": "worker", "message": "delivery attempt", "worker_id": 2, "delivery_id": "eabd1d88ac244685", "event_id": "bd728637804f4a2c", "event_type": "user.updated", "endpoint_id": "cab6e30ee4694acd", "attempt": 3, "success": false, "response_code": null, "latency_ms": 602.05, "error": "timeout", "next_backoff_s": 1.24}
{"timestamp": 1787875619.864, "level": "WARNING", "logger": "worker", "message": "delivery attempt", "worker_id": 2, "delivery_id": "20695921457b449b", "event_id": "846764778e514346", "event_type": "invoice.paid", "endpoint_id": "b21c9dc8acb441ae", "attempt": 3, "success": false, "response_code": 503, "latency_ms": 1.6, "error": "HTTP 503", "next_backoff_s": 1.33}
{"timestamp": 1787875619.886, "level": "WARNING", "logger": "worker", "message": "delivery attempt", "worker_id": 1, "delivery_id": "7d02f2f467aa4409", "event_id": "08efac1bf3ef43b5", "event_type": "invoice.paid", "endpoint_id": "b21c9dc8acb441ae", "attempt": 3, "success": false, "response_code": null, "latency_ms": 601.71, "error": "timeout", "next_backoff_s": 1.22}
{"timestamp": 1787875620.259, "level": "WARNING", "logger": "worker", "message": "delivery attempt", "worker_id": 3, "delivery_id": "9632389b67c5407c", "event_id": "b0a6ac67b2164bc3", "event_type": "order.created", "endpoint_id": "b21c9dc8acb441ae", "attempt": 3, "success": false, "response_code": null, "latency_ms": 601.88, "error": "timeout", "next_backoff_s": 1.25}
{"timestamp": 1787875620.262, "level": "INFO", "logger": "worker", "message": "delivery attempt", "worker_id": 3, "delivery_id": "954c5a1daf6f461b", "event_id": "5d2b0dff51b14552", "event_type": "user.updated", "endpoint_id": "b21c9dc8acb441ae", "attempt": 2, "success": true, "response_code": 200, "latency_ms": 2.65, "error": null, "next_backoff_s": null}
{"timestamp": 1787875620.3, "level": "WARNING", "logger": "worker", "message": "delivery attempt", "worker_id": 5, "delivery_id": "358647e363e644b5", "event_id": "c035925005be4a31", "event_type": "order.created", "endpoint_id": "cab6e30ee4694acd", "attempt": 3, "success": false, "response_code": null, "latency_ms": 601.22, "error": "timeout", "next_backoff_s": 1.35}
{"timestamp": 1787875620.302, "level": "INFO", "logger": "worker", "message": "delivery attempt", "worker_id": 5, "delivery_id": "949e3d71a53845b6", "event_id": "bc0cf45e42a74112", "event_type": "payment.succeeded", "endpoint_id": "cab6e30ee4694acd", "attempt": 3, "success": true, "response_code": 200, "latency_ms": 1.99, "error": null, "next_backoff_s": null}
{"timestamp": 1787875620.305, "level": "INFO", "logger": "worker", "message": "delivery attempt", "worker_id": 5, "delivery_id": "52b6710a1f144e59", "event_id": "c828f2d963e74dd2", "event_type": "invoice.paid", "endpoint_id": "cab6e30ee4694acd", "attempt": 3, "success": true, "response_code": 200, "latency_ms": 1.79, "error": null, "next_backoff_s": null}
{"timestamp": 1787875620.307, "level": "INFO", "logger": "worker", "message": "delivery attempt", "worker_id": 5, "delivery_id": "e85a32f9064e4a40", "event_id": "915c3db3fdf24dac", "event_type": "user.updated", "endpoint_id": "b21c9dc8acb441ae", "attempt": 3, "success": true, "response_code": 200, "latency_ms": 1.54, "error": null, "next_backoff_s": null}
{"timestamp": 1787875620.427, "level": "WARNING", "logger": "worker", "message": "delivery attempt", "worker_id": 4, "delivery_id": "a0e5062720d14f42", "event_id": "a6d9efda90384b55", "event_type": "order.created", "endpoint_id": "cab6e30ee4694acd", "attempt": 3, "success": false, "response_code": null, "latency_ms": 601.76, "error": "timeout", "next_backoff_s": 1.31}
{"timestamp": 1787875620.45, "level": "WARNING", "logger": "worker", "message": "delivery attempt", "worker_id": 0, "delivery_id": "686173c8d90e4384", "event_id": "b507c68f8c634b94", "event_type": "payment.succeeded", "endpoint_id": "cab6e30ee4694acd", "attempt": 3, "success": false, "response_code": null, "latency_ms": 601.57, "error": "timeout", "next_backoff_s": 1.31}
{"timestamp": 1787875620.453, "level": "INFO", "logger": "worker", "message": "delivery attempt", "worker_id": 0, "delivery_id": "950c35affcd24577", "event_id": "c7a47cc4105f41ec", "event_type": "user.updated", "endpoint_id": "b21c9dc8acb441ae", "attempt": 3, "success": true, "response_code": 200, "latency_ms": 2.15, "error": null, "next_backoff_s": null}
{"timestamp": 1787875620.467, "level": "WARNING", "logger": "worker", "message": "delivery attempt", "worker_id": 2, "delivery_id": "96f9315113b443e3", "event_id": "db59ca4e96ec4033", "event_type": "order.created", "endpoint_id": "cab6e30ee4694acd", "attempt": 3, "success": false, "response_code": null, "latency_ms": 601.64, "error": "timeout", "next_backoff_s": 1.3}
{"timestamp": 1787875620.489, "level": "WARNING", "logger": "worker", "message": "delivery attempt", "worker_id": 1, "delivery_id": "657a6e0a2291480e", "event_id": "bec8f3bbbf7d492c", "event_type": "user.updated", "endpoint_id": "cab6e30ee4694acd", "attempt": 3, "success": false, "response_code": null, "latency_ms": 601.66, "error": "timeout", "next_backoff_s": 1.35}
{"timestamp": 1787875620.491, "level": "WARNING", "logger": "worker", "message": "delivery attempt", "worker_id": 1, "delivery_id": "a98d84058751472e", "event_id": "4ff3e464fe0745ef", "event_type": "payment.failed", "endpoint_id": "cab6e30ee4694acd", "attempt": 3, "success": false, "response_code": 503, "latency_ms": 1.58, "error": "HTTP 503", "next_backoff_s": 1.29}
{"timestamp": 1787875620.865, "level": "WARNING", "logger": "worker", "message": "delivery attempt", "worker_id": 3, "delivery_id": "df4e2d126e89477c", "event_id": "dc553858c2544028", "event_type": "payment.succeeded", "endpoint_id": "cab6e30ee4694acd", "attempt": 3, "success": false, "response_code": null, "latency_ms": 601.92, "error": "timeout", "next_backoff_s": 1.36}
{"timestamp": 1787875620.868, "level": "WARNING", "logger": "worker", "message": "delivery attempt", "worker_id": 3, "delivery_id": "47e579c350d9462d", "event_id": "5760a8ba29c64a82", "event_type": "payment.succeeded", "endpoint_id": "cab6e30ee4694acd", "attempt": 3, "success": false, "response_code": 503, "latency_ms": 2.15, "error": "HTTP 503", "next_backoff_s": 1.22}
{"timestamp": 1787875620.871, "level": "INFO", "logger": "worker", "message": "delivery attempt", "worker_id": 3, "delivery_id": "91be3b51be814126", "event_id": "58adddd638df446d", "event_type": "payment.failed", "endpoint_id": "b21c9dc8acb441ae", "attempt": 3, "success": true, "response_code": 200, "latency_ms": 2.11, "error": null, "next_backoff_s": null}
{"timestamp": 1787875620.91, "level": "WARNING", "logger": "worker", "message": "delivery attempt", "worker_id": 5, "delivery_id": "a4816cb0b4624b4d", "event_id": "75fdbd26f4934bae", "event_type": "payment.succeeded", "endpoint_id": "cab6e30ee4694acd", "attempt": 3, "success": false, "response_code": null, "latency_ms": 601.58, "error": "timeout", "next_backoff_s": 1.26}
{"timestamp": 1787875620.913, "level": "INFO", "logger": "worker", "message": "delivery attempt", "worker_id": 5, "delivery_id": "ead8295090a34f74", "event_id": "df38eebaf95445b6", "event_type": "order.created", "endpoint_id": "b21c9dc8acb441ae", "attempt": 3, "success": true, "response_code": 200, "latency_ms": 2.06, "error": null, "next_backoff_s": null}
{"timestamp": 1787875620.915, "level": "INFO", "logger": "worker", "message": "delivery attempt", "worker_id": 5, "delivery_id": "b10536170af14a82", "event_id": "581c4aff685f4626", "event_type": "invoice.paid", "endpoint_id": "856b21e41c3f4712", "attempt": 3, "success": true, "response_code": 200, "latency_ms": 1.65, "error": null, "next_backoff_s": null}
{"timestamp": 1787875621.03, "level": "WARNING", "logger": "worker", "message": "delivery attempt", "worker_id": 4, "delivery_id": "17ef3c06c3ff40a1", "event_id": "4a7bdb12e8e94d1c", "event_type": "order.created", "endpoint_id": "cab6e30ee4694acd", "attempt": 3, "success": false, "response_code": null, "latency_ms": 601.85, "error": "timeout", "next_backoff_s": 1.34}
{"timestamp": 1787875621.055, "level": "WARNING", "logger": "worker", "message": "delivery attempt", "worker_id": 0, "delivery_id": "7e1c1076fc3449c8", "event_id": "5760a8ba29c64a82", "event_type": "payment.succeeded", "endpoint_id": "b21c9dc8acb441ae", "attempt": 3, "success": false, "response_code": null, "latency_ms": 601.68, "error": "timeout", "next_backoff_s": 1.37}
{"timestamp": 1787875621.059, "level": "INFO", "logger": "worker", "message": "delivery attempt", "worker_id": 0, "delivery_id": "69320a77fe284f36", "event_id": "b467dd870d01401d", "event_type": "payment.succeeded", "endpoint_id": "cab6e30ee4694acd", "attempt": 3, "success": true, "response_code": 200, "latency_ms": 2.89, "error": null, "next_backoff_s": null}
{"timestamp": 1787875621.062, "level": "INFO", "logger": "worker", "message": "delivery attempt", "worker_id": 0, "delivery_id": "b36436e376cc4b0c", "event_id": "237b62208458455a", "event_type": "order.created", "endpoint_id": "b21c9dc8acb441ae", "attempt": 3, "success": true, "response_code": 200, "latency_ms": 1.76, "error": null, "next_backoff_s": null}
{"timestamp": 1787875621.069, "level": "WARNING", "logger": "worker", "message": "delivery attempt", "worker_id": 2, "delivery_id": "c2a75edff894494e", "event_id": "c7a47cc4105f41ec", "event_type": "user.updated", "endpoint_id": "cab6e30ee4694acd", "attempt": 3, "success": false, "response_code": null, "latency_ms": 602.03, "error": "timeout", "next_backoff_s": 1.23}
{"timestamp": 1787875621.094, "level": "WARNING", "logger": "worker", "message": "delivery attempt", "worker_id": 1, "delivery_id": "ee8eada278c24719", "event_id": "251fcf70f61d498b", "event_type": "payment.succeeded", "endpoint_id": "cab6e30ee4694acd", "attempt": 3, "success": false, "response_code": null, "latency_ms": 601.78, "error": "timeout", "next_backoff_s": 1.34}
{"timestamp": 1787875621.474, "level": "WARNING", "logger": "worker", "message": "delivery attempt", "worker_id": 3, "delivery_id": "e516a1af1de843ae", "event_id": "df38eebaf95445b6", "event_type": "order.created", "endpoint_id": "cab6e30ee4694acd", "attempt": 3, "success": false, "response_code": null, "latency_ms": 601.85, "error": "timeout", "next_backoff_s": 1.23}
{"timestamp": 1787875621.518, "level": "WARNING", "logger": "worker", "message": "delivery attempt", "worker_id": 5, "delivery_id": "e6e9c690635344a8", "event_id": "a03128372fef424c", "event_type": "payment.failed", "endpoint_id": "cab6e30ee4694acd", "attempt": 3, "success": false, "response_code": null, "latency_ms": 601.9, "error": "timeout", "next_backoff_s": 1.33}
{"timestamp": 1787875621.521, "level": "WARNING", "logger": "worker", "message": "delivery attempt", "worker_id": 5, "delivery_id": "ded8f556fec34f11", "event_id": "08efac1bf3ef43b5", "event_type": "invoice.paid", "endpoint_id": "cab6e30ee4694acd", "attempt": 3, "success": false, "response_code": 503, "latency_ms": 2.61, "error": "HTTP 503", "next_backoff_s": 1.21}
{"timestamp": 1787875621.633, "level": "WARNING", "logger": "worker", "message": "delivery attempt", "worker_id": 4, "delivery_id": "033841e7de9b4f99", "event_id": "706cefd88c71474a", "event_type": "payment.failed", "endpoint_id": "cab6e30ee4694acd", "attempt": 3, "success": false, "response_code": null, "latency_ms": 601.82, "error": "timeout", "next_backoff_s": 1.36}
{"timestamp": 1787875621.635, "level": "INFO", "logger": "worker", "message": "delivery attempt", "worker_id": 4, "delivery_id": "824621bfc807428a", "event_id": "6a587cab887d4761", "event_type": "user.updated", "endpoint_id": "cab6e30ee4694acd", "attempt": 3, "success": true, "response_code": 200, "latency_ms": 2.13, "error": null, "next_backoff_s": null}
{"timestamp": 1787875621.665, "level": "WARNING", "logger": "worker", "message": "delivery attempt", "worker_id": 0, "delivery_id": "afc54c83532e40a9", "event_id": "65c1981c54224dd1", "event_type": "invoice.paid", "endpoint_id": "b21c9dc8acb441ae", "attempt": 3, "success": false, "response_code": null, "latency_ms": 601.84, "error": "timeout", "next_backoff_s": 1.39}
{"timestamp": 1787875621.668, "level": "WARNING", "logger": "worker", "message": "delivery attempt", "worker_id": 0, "delivery_id": "3d9aadcfc184481a", "event_id": "58ab4b75dcbe4cc6", "event_type": "order.created", "endpoint_id": "cab6e30ee4694acd", "attempt": 3, "success": false, "response_code": 503, "latency_ms": 1.84, "error": "HTTP 503", "next_backoff_s": 1.2}
{"timestamp": 1787875621.672, "level": "WARNING", "logger": "worker", "message": "delivery attempt", "worker_id": 2, "delivery_id": "e89e4fb89dc54467", "event_id": "a5ae409eab014b26", "event_type": "payment.failed", "endpoint_id": "cab6e30ee4694acd", "attempt": 3, "success": false, "response_code": null, "latency_ms": 601.49, "error": "timeout", "next_backoff_s": 1.39}
{"timestamp": 1787875621.675, "level": "INFO", "logger": "worker", "message": "delivery attempt", "worker_id": 2, "delivery_id": "c70a19ff56bf4e8c", "event_id": "357cb89a64124f06", "event_type": "payment.failed", "endpoint_id": "b21c9dc8acb441ae", "attempt": 3, "success": true, "response_code": 200, "latency_ms": 1.93, "error": null, "next_backoff_s": null}
{"timestamp": 1787875621.677, "level": "WARNING", "logger": "worker", "message": "delivery attempt", "worker_id": 2, "delivery_id": "a5f619f3872a4f3e", "event_id": "1bea99c6104d4f2c", "event_type": "invoice.paid", "endpoint_id": "cab6e30ee4694acd", "attempt": 3, "success": false, "response_code": 503, "latency_ms": 1.57, "error": "HTTP 503", "next_backoff_s": 1.37}
{"timestamp": 1787875621.696, "level": "WARNING", "logger": "worker", "message": "delivery attempt", "worker_id": 1, "delivery_id": "4dc78d331d3b4455", "event_id": "b7424acb3d7d47ff", "event_type": "payment.failed", "endpoint_id": "cab6e30ee4694acd", "attempt": 3, "success": false, "response_code": null, "latency_ms": 601.31, "error": "timeout", "next_backoff_s": 1.22}
{"timestamp": 1787875622.077, "level": "WARNING", "logger": "worker", "message": "delivery attempt", "worker_id": 3, "delivery_id": "f7a2767115ea4b66", "event_id": "b7424acb3d7d47ff", "event_type": "payment.failed", "endpoint_id": "b21c9dc8acb441ae", "attempt": 3, "success": false, "response_code": null, "latency_ms": 601.89, "error": "timeout", "next_backoff_s": 1.4}
{"timestamp": 1787875622.08, "level": "WARNING", "logger": "worker", "message": "delivery attempt", "worker_id": 3, "delivery_id": "bc7cce4e2fe44740", "event_id": "fc89e5364b684b8b", "event_type": "invoice.paid", "endpoint_id": "cab6e30ee4694acd", "attempt": 3, "success": false, "response_code": 503, "latency_ms": 2.25, "error": "HTTP 503", "next_backoff_s": 1.26}
{"timestamp": 1787875622.124, "level": "WARNING", "logger": "worker", "message": "delivery attempt", "worker_id": 5, "delivery_id": "2e181e2abf604547", "event_id": "5b1c4b4e8eef4827", "event_type": "invoice.paid", "endpoint_id": "b21c9dc8acb441ae", "attempt": 3, "success": false, "response_code": null, "latency_ms": 601.13, "error": "timeout", "next_backoff_s": 1.27}
{"timestamp": 1787875622.126, "level": "WARNING", "logger": "worker", "message": "delivery attempt", "worker_id": 5, "delivery_id": "ee377fb82816426e", "event_id": "96d226031c824007", "event_type": "user.updated", "endpoint_id": "cab6e30ee4694acd", "attempt": 3, "success": false, "response_code": 503, "latency_ms": 1.89, "error": "HTTP 503", "next_backoff_s": 1.28}
{"timestamp": 1787875622.129, "level": "WARNING", "logger": "worker", "message": "delivery attempt", "worker_id": 5, "delivery_id": "d4fc82e2fbc84c14", "event_id": "eedd6dae8c20475e", "event_type": "payment.succeeded", "endpoint_id": "cab6e30ee4694acd", "attempt": 3, "success": false, "response_code": 503, "latency_ms": 1.65, "error": "HTTP 503", "next_backoff_s": 1.2}
{"timestamp": 1787875622.131, "level": "INFO", "logger": "worker", "message": "delivery attempt", "worker_id": 5, "delivery_id": "71e781b938ea4064", "event_id": "58af828ed70d4c8a", "event_type": "invoice.paid", "endpoint_id": "b21c9dc8acb441ae", "attempt": 3, "success": true, "response_code": 200, "latency_ms": 1.57, "error": null, "next_backoff_s": null}
{"timestamp": 1787875622.238, "level": "WARNING", "logger": "worker", "message": "delivery attempt", "worker_id": 4, "delivery_id": "6ea46baaaceb416b", "event_id": "61d18abf92a943e5", "event_type": "user.updated", "endpoint_id": "cab6e30ee4694acd", "attempt": 3, "success": false, "response_code": null, "latency_ms": 601.58, "error": "timeout", "next_backoff_s": 1.32}
{"timestamp": 1787875622.241, "level": "WARNING", "logger": "worker", "message": "delivery attempt", "worker_id": 4, "delivery_id": "6cf5bcf5cd4d42e6", "event_id": "581c4aff685f4626", "event_type": "invoice.paid", "endpoint_id": "b21c9dc8acb441ae", "attempt": 3, "success": false, "response_code": 503, "latency_ms": 2.04, "error": "HTTP 503", "next_backoff_s": 1.29}
{"timestamp": 1787875622.244, "level": "WARNING", "logger": "worker", "message": "delivery attempt", "worker_id": 4, "delivery_id": "117e4f8656c143f4", "event_id": "3811990ec6ae4452", "event_type": "payment.succeeded", "endpoint_id": "cab6e30ee4694acd", "attempt": 3, "success": false, "response_code": 503, "latency_ms": 1.68, "error": "HTTP 503", "next_backoff_s": 1.22}
{"timestamp": 1787875622.27, "level": "WARNING", "logger": "worker", "message": "delivery attempt", "worker_id": 0, "delivery_id": "6a364ca7d78b4bdd", "event_id": "e2401b80b7964afb", "event_type": "order.created", "endpoint_id": "cab6e30ee4694acd", "attempt": 3, "success": false, "response_code": null, "latency_ms": 602.07, "error": "timeout", "next_backoff_s": 1.36}
{"timestamp": 1787875622.279, "level": "WARNING", "logger": "worker", "message": "delivery attempt", "worker_id": 2, "delivery_id": "364d4469af7146df", "event_id": "c655d90d2a7446ff", "event_type": "payment.succeeded", "endpoint_id": "cab6e30ee4694acd", "attempt": 3, "success": false, "response_code": null, "latency_ms": 601.66, "error": "timeout", "next_backoff_s": 1.33}
{"timestamp": 1787875622.282, "level": "WARNING", "logger": "worker", "message": "delivery attempt", "worker_id": 2, "delivery_id": "fcbd956e0db84565", "event_id": "4aea471bb4bb4de7", "event_type": "invoice.paid", "endpoint_id": "b21c9dc8acb441ae", "attempt": 3, "success": false, "response_code": 503, "latency_ms": 2.13, "error": "HTTP 503", "next_backoff_s": 1.33}
{"timestamp": 1787875622.285, "level": "WARNING", "logger": "worker", "message": "delivery attempt", "worker_id": 2, "delivery_id": "77d60d7e0b3a4d13", "event_id": "53252a80fc2c44ed", "event_type": "payment.failed", "endpoint_id": "cab6e30ee4694acd", "attempt": 3, "success": false, "response_code": 503, "latency_ms": 1.65, "error": "HTTP 503", "next_backoff_s": 1.33}
{"timestamp": 1787875622.287, "level": "INFO", "logger": "worker", "message": "delivery attempt", "worker_id": 2, "delivery_id": "30ce3eb0e6fb47ee", "event_id": "0ffcde09febc493d", "event_type": "invoice.paid", "endpoint_id": "cab6e30ee4694acd", "attempt": 3, "success": true, "response_code": 200, "latency_ms": 1.87, "error": null, "next_backoff_s": null}
{"timestamp": 1787875622.29, "level": "WARNING", "logger": "worker", "message": "delivery attempt", "worker_id": 2, "delivery_id": "fa8c1fbb951f404c", "event_id": "835ac6cfc60d40ac", "event_type": "order.created", "endpoint_id": "cab6e30ee4694acd", "attempt": 3, "success": false, "response_code": 503, "latency_ms": 1.84, "error": "HTTP 503", "next_backoff_s": 1.31}
{"timestamp": 1787875622.293, "level": "INFO", "logger": "worker", "message": "delivery attempt", "worker_id": 2, "delivery_id": "464a1827f08b478a", "event_id": "d92b91ecb2734a13", "event_type": "payment.succeeded", "endpoint_id": "cab6e30ee4694acd", "attempt": 3, "success": true, "response_code": 200, "latency_ms": 1.84, "error": null, "next_backoff_s": null}
{"timestamp": 1787875622.296, "level": "INFO", "logger": "worker", "message": "delivery attempt", "worker_id": 2, "delivery_id": "4e7efa0242324bac", "event_id": "206132bb227f4ac1", "event_type": "user.updated", "endpoint_id": "b21c9dc8acb441ae", "attempt": 3, "success": true, "response_code": 200, "latency_ms": 1.81, "error": null, "next_backoff_s": null}
{"timestamp": 1787875622.299, "level": "WARNING", "logger": "worker", "message": "delivery attempt", "worker_id": 1, "delivery_id": "b89943ee4af84b03", "event_id": "581c4aff685f4626", "event_type": "invoice.paid", "endpoint_id": "cab6e30ee4694acd", "attempt": 3, "success": false, "response_code": null, "latency_ms": 601.97, "error": "timeout", "next_backoff_s": 1.34}
{"timestamp": 1787875622.683, "level": "WARNING", "logger": "worker", "message": "delivery attempt", "worker_id": 3, "delivery_id": "0df2c6d76b9f415c", "event_id": "58af828ed70d4c8a", "event_type": "invoice.paid", "endpoint_id": "cab6e30ee4694acd", "attempt": 3, "success": false, "response_code": null, "latency_ms": 601.74, "error": "timeout", "next_backoff_s": 1.4}
{"timestamp": 1787875622.734, "level": "WARNING", "logger": "worker", "message": "delivery attempt", "worker_id": 5, "delivery_id": "6c4e1fe97b1f42b9", "event_id": "61e78a022d074db6", "event_type": "user.updated", "endpoint_id": "cab6e30ee4694acd", "attempt": 3, "success": false, "response_code": null, "latency_ms": 601.87, "error": "timeout", "next_backoff_s": 1.21}
{"timestamp": 1787875622.737, "level": "WARNING", "logger": "worker", "message": "delivery attempt", "worker_id": 5, "delivery_id": "4c4065d6127746da", "event_id": "d50f222046284273", "event_type": "invoice.paid", "endpoint_id": "b21c9dc8acb441ae", "attempt": 3, "success": false, "response_code": 503, "latency_ms": 2.22, "error": "HTTP 503", "next_backoff_s": 1.3}
{"timestamp": 1787875622.739, "level": "WARNING", "logger": "worker", "message": "delivery attempt", "worker_id": 5, "delivery_id": "67fd38eac58b43ad", "event_id": "214cd7e9e3c44d96", "event_type": "payment.succeeded", "endpoint_id": "cab6e30ee4694acd", "attempt": 3, "success": false, "response_code": 503, "latency_ms": 1.79, "error": "HTTP 503", "next_backoff_s": 1.31}
{"timestamp": 1787875622.846, "level": "WARNING", "logger": "worker", "message": "delivery attempt", "worker_id": 4, "delivery_id": "27cc079452a24d44", "event_id": "5b1c4b4e8eef4827", "event_type": "invoice.paid", "endpoint_id": "cab6e30ee4694acd", "attempt": 3, "success": false, "response_code": null, "latency_ms": 601.86, "error": "timeout", "next_backoff_s": 1.27}
{"timestamp": 1787875622.874, "level": "WARNING", "logger": "worker", "message": "delivery attempt", "worker_id": 0, "delivery_id": "554d8ea33c534721", "event_id": "a8c0e7f27a6d4863", "event_type": "invoice.paid", "endpoint_id": "b21c9dc8acb441ae", "attempt": 3, "success": false, "response_code": null, "latency_ms": 602.49, "error": "timeout", "next_backoff_s": 1.29}
{"timestamp": 1787875622.878, "level": "INFO", "logger": "worker", "message": "delivery attempt", "worker_id": 0, "delivery_id": "92775ccac8fc49cb", "event_id": "a86d249a392e4739", "event_type": "payment.succeeded", "endpoint_id": "cab6e30ee4694acd", "attempt": 3, "success": true, "response_code": 200, "latency_ms": 2.62, "error": null, "next_backoff_s": null}
{"timestamp": 1787875622.881, "level": "INFO", "logger": "worker", "message": "delivery attempt", "worker_id": 0, "delivery_id": "1f1f66ea69be482e", "event_id": "0ffcde09febc493d", "event_type": "invoice.paid", "endpoint_id": "856b21e41c3f4712", "attempt": 3, "success": true, "response_code": 200, "latency_ms": 2.34, "error": null, "next_backoff_s": null}
{"timestamp": 1787875622.899, "level": "WARNING", "logger": "worker", "message": "delivery attempt", "worker_id": 2, "delivery_id": "41551d12819e41f9", "event_id": "e67c1a3689b04c7b", "event_type": "order.created", "endpoint_id": "cab6e30ee4694acd", "attempt": 3, "success": false, "response_code": null, "latency_ms": 601.86, "error": "timeout", "next_backoff_s": 1.4}
{"timestamp": 1787875622.902, "level": "WARNING", "logger": "worker", "message": "delivery attempt", "worker_id": 1, "delivery_id": "794076936cd3449a", "event_id": "af896f2bb99c47f4", "event_type": "payment.failed", "endpoint_id": "cab6e30ee4694acd", "attempt": 3, "success": false, "response_code": null, "latency_ms": 601.65, "error": "timeout", "next_backoff_s": 1.39}
{"timestamp": 1787875622.904, "level": "INFO", "logger": "worker", "message": "delivery attempt", "worker_id": 2, "delivery_id": "006238c7dc8e4ff8", "event_id": "1a0fcf656a57428e", "event_type": "payment.failed", "endpoint_id": "cab6e30ee4694acd", "attempt": 3, "success": true, "response_code": 200, "latency_ms": 2.21, "error": null, "next_backoff_s": null}
{"timestamp": 1787875622.906, "level": "INFO", "logger": "worker", "message": "delivery attempt", "worker_id": 2, "delivery_id": "868b8f881c5f4ad9", "event_id": "76c72074617c4aeb", "event_type": "payment.succeeded", "endpoint_id": "cab6e30ee4694acd", "attempt": 3, "success": true, "response_code": 200, "latency_ms": 1.69, "error": null, "next_backoff_s": null}
{"timestamp": 1787875622.908, "level": "WARNING", "logger": "worker", "message": "delivery attempt", "worker_id": 2, "delivery_id": "c845ae083115421b", "event_id": "aac47ba05c53488e", "event_type": "order.created", "endpoint_id": "cab6e30ee4694acd", "attempt": 3, "success": false, "response_code": 503, "latency_ms": 1.64, "error": "HTTP 503", "next_backoff_s": 1.3}
{"timestamp": 1787875623.286, "level": "WARNING", "logger": "worker", "message": "delivery attempt", "worker_id": 3, "delivery_id": "520e6ea14ded41e7", "event_id": "d92b91ecb2734a13", "event_type": "payment.succeeded", "endpoint_id": "b21c9dc8acb441ae", "attempt": 3, "success": false, "response_code": null, "latency_ms": 602.27, "error": "timeout", "next_backoff_s": 1.37}
{"timestamp": 1787875623.29, "level": "INFO", "logger": "worker", "message": "delivery attempt", "worker_id": 3, "delivery_id": "0e7f5d0f9d5f4867", "event_id": "2d2ea348132d4008", "event_type": "invoice.paid", "endpoint_id": "b21c9dc8acb441ae", "attempt": 3, "success": true, "response_code": 200, "latency_ms": 2.96, "error": null, "next_backoff_s": null}
{"timestamp": 1787875623.293, "level": "INFO", "logger": "worker", "message": "delivery attempt", "worker_id": 3, "delivery_id": "397217b3e3604a85", "event_id": "b93ccbe31eef4a21", "event_type": "user.updated", "endpoint_id": "cab6e30ee4694acd", "attempt": 3, "success": true, "response_code": 200, "latency_ms": 1.84, "error": null, "next_backoff_s": null}
{"timestamp": 1787875623.342, "level": "WARNING", "logger": "worker", "message": "delivery attempt", "worker_id": 5, "delivery_id": "ff873c8772504ea7", "event_id": "9e037f07eb964e46", "event_type": "user.updated", "endpoint_id": "b21c9dc8acb441ae", "attempt": 3, "success": false, "response_code": null, "latency_ms": 601.92, "error": "timeout", "next_backoff_s": 1.4}
{"timestamp": 1787875623.345, "level": "WARNING", "logger": "worker", "message": "delivery attempt", "worker_id": 5, "delivery_id": "d05c7eee140449d4", "event_id": "cfcc595b49644268", "event_type": "user.updated", "endpoint_id": "cab6e30ee4694acd", "attempt": 3, "success": false, "response_code": 503, "latency_ms": 1.92, "error": "HTTP 503", "next_backoff_s": 1.24}
{"timestamp": 1787875623.347, "level": "WARNING", "logger": "worker", "message": "delivery attempt", "worker_id": 5, "delivery_id": "b83255f7e8f64b05", "event_id": "206132bb227f4ac1", "event_type": "user.updated", "endpoint_id": "cab6e30ee4694acd", "attempt": 3, "success": false, "response_code": 503, "latency_ms": 1.52, "error": "HTTP 503", "next_backoff_s": 1.31}
{"timestamp": 1787875623.35, "level": "WARNING", "logger": "worker", "message": "delivery attempt", "worker_id": 5, "delivery_id": "2dc65904fe754b76", "event_id": "a19dfbfcd798483f", "event_type": "payment.succeeded", "endpoint_id": "cab6e30ee4694acd", "attempt": 4, "success": false, "response_code": 503, "latency_ms": 1.54, "error": "HTTP 503", "next_backoff_s": 2.58}
{"timestamp": 1787875623.45, "level": "WARNING", "logger": "worker", "message": "delivery attempt", "worker_id": 4, "delivery_id": "58a28cc828ac4bb5", "event_id": "3fd0b0ca9f0246b9", "event_type": "order.created", "endpoint_id": "cab6e30ee4694acd", "attempt": 3, "success": false, "response_code": null, "latency_ms": 602.86, "error": "timeout", "next_backoff_s": 1.3}
{"timestamp": 1787875623.454, "level": "INFO", "logger": "worker", "message": "delivery attempt", "worker_id": 4, "delivery_id": "c16553021f08438f", "event_id": "8c0755aa5d934b7d", "event_type": "order.created", "endpoint_id": "b21c9dc8acb441ae", "attempt": 3, "success": true, "response_code": 200, "latency_ms": 2.27, "error": null, "next_backoff_s": null}
{"timestamp": 1787875623.456, "level": "WARNING", "logger": "worker", "message": "delivery attempt", "worker_id": 4, "delivery_id": "a212f03389bd4200", "event_id": "8c0755aa5d934b7d", "event_type": "order.created", "endpoint_id": "cab6e30ee4694acd", "attempt": 3, "success": false, "response_code": 503, "latency_ms": 1.73, "error": "HTTP 503", "next_backoff_s": 1.23}
{"timestamp": 1787875623.459, "level": "INFO", "logger": "worker", "message": "delivery attempt", "worker_id": 4, "delivery_id": "9b1c2a8b079c448d", "event_id": "915c3db3fdf24dac", "event_type": "user.updated", "endpoint_id": "cab6e30ee4694acd", "attempt": 4, "success": true, "response_code": 200, "latency_ms": 1.61, "error": null, "next_backoff_s": null}
{"timestamp": 1787875623.461, "level": "INFO", "logger": "worker", "message": "delivery attempt", "worker_id": 4, "delivery_id": "994c342d4e4e4c1e", "event_id": "4ff3e464fe0745ef", "event_type": "payment.failed", "endpoint_id": "b21c9dc8acb441ae", "attempt": 4, "success": true, "response_code": 200, "latency_ms": 1.69, "error": null, "next_backoff_s": null}
{"timestamp": 1787875623.463, "level": "WARNING", "logger": "worker", "message": "delivery attempt", "worker_id": 4, "delivery_id": "1f781db5b1874e97", "event_id": "d052636e208f46d5", "event_type": "payment.failed", "endpoint_id": "cab6e30ee4694acd", "attempt": 4, "success": false, "response_code": 503, "latency_ms": 1.66, "error": "HTTP 503", "next_backoff_s": 2.44}
{"timestamp": 1787875623.465, "level": "INFO", "logger": "worker", "message": "delivery attempt", "worker_id": 4, "delivery_id": "34127e27da3c42e7", "event_id": "9f1653cbca354402", "event_type": "user.updated", "endpoint_id": "cab6e30ee4694acd", "attempt": 3, "success": true, "response_code": 200, "latency_ms": 1.7, "error": null, "next_backoff_s": null}
{"timestamp": 1787875623.467, "level": "WARNING", "logger": "worker", "message": "delivery attempt", "worker_id": 4, "delivery_id": "4f7048b23688482e", "event_id": "dc553858c2544028", "event_type": "payment.succeeded", "endpoint_id": "b21c9dc8acb441ae", "attempt": 4, "success": false, "response_code": 503, "latency_ms": 1.51, "error": "HTTP 503", "next_backoff_s": 2.44}
{"timestamp": 1787875623.47, "level": "WARNING", "logger": "worker", "message": "delivery attempt", "worker_id": 4, "delivery_id": "ff437f51515c40b3", "event_id": "a954f787b77f49f8", "event_type": "payment.succeeded", "endpoint_id": "cab6e30ee4694acd", "attempt": 3, "success": false, "response_code": 503, "latency_ms": 1.44, "error": "HTTP 503", "next_backoff_s": 1.23}
{"timestamp": 1787875623.484, "level": "WARNING", "logger": "worker", "message": "delivery attempt", "worker_id": 0, "delivery_id": "e067fd82da994173", "event_id": "6501854e007848d0", "event_type": "payment.succeeded", "endpoint_id": "cab6e30ee4694acd", "attempt": 3, "success": false, "response_code": null, "latency_ms": 601.91, "error": "timeout", "next_backoff_s": 1.3}
{"timestamp": 1787875623.486, "level": "INFO", "logger": "worker", "message": "delivery attempt", "worker_id": 0, "delivery_id": "1cc42a960cc646e7", "event_id": "130f73737a4d4514", "event_type": "order.created", "endpoint_id": "b21c9dc8acb441ae", "attempt": 3, "success": true, "response_code": 200, "latency_ms": 1.7, "error": null, "next_backoff_s": null}
{"timestamp": 1787875623.488, "level": "INFO", "logger": "worker", "message": "delivery attempt", "worker_id": 0, "delivery_id": "4d18c7df8cec482d", "event_id": "127292572d6f4cd9", "event_type": "payment.failed", "endpoint_id": "cab6e30ee4694acd", "attempt": 3, "success": true, "response_code": 200, "latency_ms": 1.55, "error": null, "next_backoff_s": null}
{"timestamp": 1787875623.491, "level": "INFO", "logger": "worker", "message": "delivery attempt", "worker_id": 0, "delivery_id": "634fe29550ba4fbd", "event_id": "ccbbbee0908e4a88", "event_type": "user.updated", "endpoint_id": "cab6e30ee4694acd", "attempt": 3, "success": true, "response_code": 200, "latency_ms": 1.74, "error": null, "next_backoff_s": null}
{"timestamp": 1787875623.493, "level": "INFO", "logger": "worker", "message": "delivery attempt", "worker_id": 0, "delivery_id": "7d02f2f467aa4409", "event_id": "08efac1bf3ef43b5", "event_type": "invoice.paid", "endpoint_id": "b21c9dc8acb441ae", "attempt": 4, "success": true, "response_code": 200, "latency_ms": 1.57, "error": null, "next_backoff_s": null}
{"timestamp": 1787875623.496, "level": "WARNING", "logger": "worker", "message": "delivery attempt", "worker_id": 0, "delivery_id": "245c4fdeb10745d7", "event_id": "823788a871cb4cbf", "event_type": "payment.succeeded", "endpoint_id": "cab6e30ee4694acd", "attempt": 4, "success": false, "response_code": 503, "latency_ms": 1.56, "error": "HTTP 503", "next_backoff_s": 2.49}
{"timestamp": 1787875623.499, "level": "INFO", "logger": "worker", "message": "delivery attempt", "worker_id": 0, "delivery_id": "20695921457b449b", "event_id": "846764778e514346", "event_type": "invoice.paid", "endpoint_id": "b21c9dc8acb441ae", "attempt": 4, "success": true, "response_code": 200, "latency_ms": 2.1, "error": null, "next_backoff_s": null}
{"timestamp": 1787875623.502, "level": "WARNING", "logger": "worker", "message": "delivery attempt", "worker_id": 0, "delivery_id": "9632389b67c5407c", "event_id": "b0a6ac67b2164bc3", "event_type": "order.created", "endpoint_id": "b21c9dc8acb441ae", "attempt": 4, "success": false, "response_code": 503, "latency_ms": 2.06, "error": "HTTP 503", "next_backoff_s": 2.5}
{"timestamp": 1787875623.505, "level": "WARNING", "logger": "worker", "message": "delivery attempt", "worker_id": 1, "delivery_id": "f4a1da82b0ad45b1", "event_id": "9e037f07eb964e46", "event_type": "user.updated", "endpoint_id": "cab6e30ee4694acd", "attempt": 3, "success": false, "response_code": null, "latency_ms": 602.19, "error": "timeout", "next_backoff_s": 1.35}
{"timestamp": 1787875623.512, "level": "WARNING", "logger": "worker", "message": "delivery attempt", "worker_id": 2, "delivery_id": "6addbc19b2064f1f", "event_id": "130f73737a4d4514", "event_type": "order.created", "endpoint_id": "cab6e30ee4694acd", "attempt": 3, "success": false, "response_code": null, "latency_ms": 602.56, "error": "timeout", "next_backoff_s": 1.27}
{"timestamp": 1787875623.514, "level": "WARNING", "logger": "worker", "message": "delivery attempt", "worker_id": 2, "delivery_id": "8a2b95fbdaec48e1", "event_id": "0fa9d6f3771d4f7f", "event_type": "order.created", "endpoint_id": "cab6e30ee4694acd", "attempt": 3, "success": false, "response_code": 503, "latency_ms": 1.6, "error": "HTTP 503", "next_backoff_s": 1.34}
{"timestamp": 1787875623.896, "level": "WARNING", "logger": "worker", "message": "delivery attempt", "worker_id": 3, "delivery_id": "a6bf38c5a1204d7c", "event_id": "356c1287318d41b1", "event_type": "payment.succeeded", "endpoint_id": "cab6e30ee4694acd", "attempt": 3, "success": false, "response_code": null, "latency_ms": 601.92, "error": "timeout", "next_backoff_s": 1.23}
{"timestamp": 1787875623.899, "level": "WARNING", "logger": "worker", "message": "delivery attempt", "worker_id": 3, "delivery_id": "aadc18671eb74c45", "event_id": "89ccb5f256a54dbc", "event_type": "payment.succeeded", "endpoint_id": "cab6e30ee4694acd", "attempt": 3, "success": false, "response_code": 503, "latency_ms": 2.05, "error": "HTTP 503", "next_backoff_s": 1.35}
{"timestamp": 1787875623.901, "level": "INFO", "logger": "worker", "message": "delivery attempt", "worker_id": 3, "delivery_id": "d18aa697497547a4", "event_id": "ad343026f0794724", "event_type": "invoice.paid", "endpoint_id": "cab6e30ee4694acd", "attempt": 3, "success": true, "response_code": 200, "latency_ms": 1.85, "error": null, "next_backoff_s": null}
{"timestamp": 1787875623.952, "level": "WARNING", "logger": "worker", "message": "delivery attempt", "worker_id": 5, "delivery_id": "723ae24ddc244089", "event_id": "044d2bdc9a4b4278", "event_type": "order.created", "endpoint_id": "cab6e30ee4694acd", "attempt": 4, "success": false, "response_code": null, "latency_ms": 601.17, "error": "timeout", "next_backoff_s": 2.4}
{"timestamp": 1787875623.954, "level": "INFO", "logger": "worker", "message": "delivery attempt", "worker_id": 5, "delivery_id": "745a6b76e9d7402e", "event_id": "967423e89f374204", "event_type": "payment.failed", "endpoint_id": "cab6e30ee4694acd", "attempt": 3, "success": true, "response_code": 200, "latency_ms": 1.87, "error": null, "next_backoff_s": null}
{"timestamp": 1787875624.072, "level": "WARNING", "logger": "worker", "message": "delivery attempt", "worker_id": 4, "delivery_id": "d9e196f1cc414bf9", "event_id": "030a11e871d34ece", "event_type": "user.updated", "endpoint_id": "cab6e30ee4694acd", "attempt": 4, "success": false, "response_code": null, "latency_ms": 601.36, "error": "timeout", "next_backoff_s": 2.59}
{"timestamp": 1787875624.105, "level": "WARNING", "logger": "worker", "message": "delivery attempt", "worker_id": 0, "delivery_id": "358647e363e644b5", "event_id": "c035925005be4a31", "event_type": "order.created", "endpoint_id": "cab6e30ee4694acd", "attempt": 4, "success": false, "response_code": null, "latency_ms": 601.48, "error": "timeout", "next_backoff_s": 2.52}
{"timestamp": 1787875624.108, "level": "WARNING", "logger": "worker", "message": "delivery attempt", "worker_id": 1, "delivery_id": "7cbb1166de1b49dc", "event_id": "6416c5bddac148de", "event_type": "payment.failed", "endpoint_id": "cab6e30ee4694acd", "attempt": 3, "success": false, "response_code": null, "latency_ms": 601.5, "error": "timeout", "next_backoff_s": 1.4}
{"timestamp": 1787875624.117, "level": "WARNING", "logger": "worker", "message": "delivery attempt", "worker_id": 2, "delivery_id": "a0e5062720d14f42", "event_id": "a6d9efda90384b55", "event_type": "order.created", "endpoint_id": "cab6e30ee4694acd", "attempt": 4, "success": false, "response_code": null, "latency_ms": 601.92, "error": "timeout", "next_backoff_s": 2.46}
{"timestamp": 1787875624.504, "level": "WARNING", "logger": "worker", "message": "delivery attempt", "worker_id": 3, "delivery_id": "3fe6edf9ecd94724", "event_id": "9374b95397184269", "event_type": "payment.failed", "endpoint_id": "cab6e30ee4694acd", "attempt": 3, "success": false, "response_code": null, "latency_ms": 601.6, "error": "timeout", "next_backoff_s": 1.38}
{"timestamp": 1787875624.507, "level": "INFO", "logger": "worker", "message": "delivery attempt", "worker_id": 3, "delivery_id": "250118d3319c4f58", "event_id": "134b9ff811ff4e39", "event_type": "payment.failed", "endpoint_id": "b21c9dc8acb441ae", "attempt": 4, "success": true, "response_code": 200, "latency_ms": 2.14, "error": null, "next_backoff_s": null}
{"timestamp": 1787875624.557, "level": "WARNING", "logger": "worker", "message": "delivery attempt", "worker_id": 5, "delivery_id": "aed5bf0d0fb34beb", "event_id": "02f2b823936a4725", "event_type": "invoice.paid", "endpoint_id": "b21c9dc8acb441ae", "attempt": 3, "success": false, "response_code": null, "latency_ms": 601.59, "error": "timeout", "next_backoff_s": 1.36}
{"timestamp": 1787875624.559, "level": "INFO", "logger": "worker", "message": "delivery attempt", "worker_id": 5, "delivery_id": "3d7fe4804cc3485c", "event_id": "967423e89f374204", "event_type": "payment.failed", "endpoint_id": "b21c9dc8acb441ae", "attempt": 3, "success": true, "response_code": 200, "latency_ms": 1.94, "error": null, "next_backoff_s": null}
{"timestamp": 1787875624.563, "level": "INFO", "logger": "worker", "message": "delivery attempt", "worker_id": 5, "delivery_id": "3d9aadcfc184481a", "event_id": "58ab4b75dcbe4cc6", "event_type": "order.created", "endpoint_id": "cab6e30ee4694acd", "attempt": 4, "success": true, "response_code": 200, "latency_ms": 1.85, "error": null, "next_backoff_s": null}
{"timestamp": 1787875624.565, "level": "INFO", "logger": "worker", "message": "delivery attempt", "worker_id": 5, "delivery_id": "4dc78d331d3b4455", "event_id": "b7424acb3d7d47ff", "event_type": "payment.failed", "endpoint_id": "cab6e30ee4694acd", "attempt": 4, "success": true, "response_code": 200, "latency_ms": 1.73, "error": null, "next_backoff_s": null}
{"timestamp": 1787875624.675, "level": "WARNING", "logger": "worker", "message": "delivery attempt", "worker_id": 4, "delivery_id": "d657592b6c9843b4", "event_id": "04c5aeda674540e7", "event_type": "invoice.paid", "endpoint_id": "cab6e30ee4694acd", "attempt": 4, "success": false, "response_code": null, "latency_ms": 601.95, "error": "timeout", "next_backoff_s": 2.57}
{"timestamp": 1787875624.678, "level": "WARNING", "logger": "worker", "message": "delivery attempt", "worker_id": 4, "delivery_id": "e97e6b2c74d24fb5", "event_id": "9b2b3adb2a7a4181", "event_type": "order.created", "endpoint_id": "cab6e30ee4694acd", "attempt": 4, "success": false, "response_code": 503, "latency_ms": 2.21, "error": "HTTP 503", "next_backoff_s": 2.52}
{"timestamp": 1787875624.708, "level": "WARNING", "logger": "worker", "message": "delivery attempt", "worker_id": 0, "delivery_id": "47e579c350d9462d", "event_id": "5760a8ba29c64a82", "event_type": "payment.succeeded", "endpoint_id": "cab6e30ee4694acd", "attempt": 4, "success": false, "response_code": null, "latency_ms": 601.74, "error": "timeout", "next_backoff_s": 2.4}
{"timestamp": 1787875624.711, "level": "WARNING", "logger": "worker", "message": "delivery attempt", "worker_id": 0, "delivery_id": "a4816cb0b4624b4d", "event_id": "75fdbd26f4934bae", "event_type": "payment.succeeded", "endpoint_id": "cab6e30ee4694acd", "attempt": 4, "success": false, "response_code": 503, "latency_ms": 2.43, "error": "HTTP 503", "next_backoff_s": 2.46}
{"timestamp": 1787875624.713, "level": "WARNING", "logger": "worker", "message": "delivery attempt", "worker_id": 1, "delivery_id": "8ca9c6d54b6c4801", "event_id": "2d2ea348132d4008", "event_type": "invoice.paid", "endpoint_id": "cab6e30ee4694acd", "attempt": 3, "success": false, "response_code": null, "latency_ms": 602.63, "error": "timeout", "next_backoff_s": 1.26}
{"timestamp": 1787875624.716, "level": "INFO", "logger": "worker", "message": "delivery attempt", "worker_id": 0, "delivery_id": "df4e2d126e89477c", "event_id": "dc553858c2544028", "event_type": "payment.succeeded", "endpoint_id": "cab6e30ee4694acd", "attempt": 4, "success": true, "response_code": 200, "latency_ms": 3.7, "error": null, "next_backoff_s": null}
{"timestamp": 1787875624.718, "level": "WARNING", "logger": "worker", "message": "delivery attempt", "worker_id": 0, "delivery_id": "c2a75edff894494e", "event_id": "c7a47cc4105f41ec", "event_type": "user.updated", "endpoint_id": "cab6e30ee4694acd", "attempt": 4, "success": false, "response_code": 503, "latency_ms": 1.49, "error": "HTTP 503", "next_backoff_s": 2.58}
{"timestamp": 1787875624.72, "level": "WARNING", "logger": "worker", "message": "delivery attempt", "worker_id": 2, "delivery_id": "686173c8d90e4384", "event_id": "b507c68f8c634b94", "event_type": "payment.succeeded", "endpoint_id": "cab6e30ee4694acd", "attempt": 4, "success": false, "response_code": null, "latency_ms": 601.96, "error": "timeout", "next_backoff_s": 2.59}
{"timestamp": 1787875625.111, "level": "WARNING", "logger": "worker", "message": "delivery attempt", "worker_id": 3, "delivery_id": "7e1c1076fc3449c8", "event_id": "5760a8ba29c64a82", "event_type": "payment.succeeded", "endpoint_id": "b21c9dc8acb441ae", "attempt": 4, "success": false, "response_code": null, "latency_ms": 602.19, "error": "timeout", "next_backoff_s": 2.5}
{"timestamp": 1787875625.168, "level": "WARNING", "logger": "worker", "message": "delivery attempt", "worker_id": 5, "delivery_id": "033841e7de9b4f99", "event_id": "706cefd88c71474a", "event_type": "payment.failed", "endpoint_id": "cab6e30ee4694acd", "attempt": 4, "success": false, "response_code": null, "latency_ms": 601.68, "error": "timeout", "next_backoff_s": 2.49}
{"timestamp": 1787875625.281, "level": "WARNING", "logger": "worker", "message": "delivery attempt", "worker_id": 4, "delivery_id": "eabd1d88ac244685", "event_id": "bd728637804f4a2c", "event_type": "user.updated", "endpoint_id": "cab6e30ee4694acd", "attempt": 4, "success": false, "response_code": null, "latency_ms": 602.02, "error": "timeout", "next_backoff_s": 2.45}
{"timestamp": 1787875625.316, "level": "WARNING", "logger": "worker", "message": "delivery attempt", "worker_id": 1, "delivery_id": "e89e4fb89dc54467", "event_id": "a5ae409eab014b26", "event_type": "payment.failed", "endpoint_id": "cab6e30ee4694acd", "attempt": 4, "success": false, "response_code": null, "latency_ms": 601.56, "error": "timeout", "next_backoff_s": 2.49}
{"timestamp": 1787875625.321, "level": "WARNING", "logger": "worker", "message": "delivery attempt", "worker_id": 0, "delivery_id": "17ef3c06c3ff40a1", "event_id": "4a7bdb12e8e94d1c", "event_type": "order.created", "endpoint_id": "cab6e30ee4694acd", "attempt": 4, "success": false, "response_code": null, "latency_ms": 602.0, "error": "timeout", "next_backoff_s": 2.58}
{"timestamp": 1787875625.325, "level": "WARNING", "logger": "worker", "message": "delivery attempt", "worker_id": 2, "delivery_id": "96f9315113b443e3", "event_id": "db59ca4e96ec4033", "event_type": "order.created", "endpoint_id": "cab6e30ee4694acd", "attempt": 4, "success": false, "response_code": null, "latency_ms": 601.73, "error": "timeout", "next_backoff_s": 2.46}
{"timestamp": 1787875625.327, "level": "WARNING", "logger": "worker", "message": "delivery attempt", "worker_id": 0, "delivery_id": "364d4469af7146df", "event_id": "c655d90d2a7446ff", "event_type": "payment.succeeded", "endpoint_id": "cab6e30ee4694acd", "attempt": 4, "success": false, "response_code": 503, "latency_ms": 2.1, "error": "HTTP 503", "next_backoff_s": 2.52}
{"timestamp": 1787875625.329, "level": "WARNING", "logger": "worker", "message": "delivery attempt", "worker_id": 2, "delivery_id": "a98d84058751472e", "event_id": "4ff3e464fe0745ef", "event_type": "payment.failed", "endpoint_id": "cab6e30ee4694acd", "attempt": 4, "success": false, "response_code": 503, "latency_ms": 1.83, "error": "HTTP 503", "next_backoff_s": 2.58}
{"timestamp": 1787875625.331, "level": "INFO", "logger": "worker", "message": "delivery attempt", "worker_id": 0, "delivery_id": "fcbd956e0db84565", "event_id": "4aea471bb4bb4de7", "event_type": "invoice.paid", "endpoint_id": "b21c9dc8acb441ae", "attempt": 4, "success": true, "response_code": 200, "latency_ms": 2.81, "error": null, "next_backoff_s": null}
{"timestamp": 1787875625.333, "level": "INFO", "logger": "worker", "message": "delivery attempt", "worker_id": 2, "delivery_id": "657a6e0a2291480e", "event_id": "bec8f3bbbf7d492c", "event_type": "user.updated", "endpoint_id": "cab6e30ee4694acd", "attempt": 4, "success": true, "response_code": 200, "latency_ms": 3.0, "error": null, "next_backoff_s": null}
{"timestamp": 1787875625.715, "level": "WARNING", "logger": "worker", "message": "delivery attempt", "worker_id": 3, "delivery_id": "ee8eada278c24719", "event_id": "251fcf70f61d498b", "event_type": "payment.succeeded", "endpoint_id": "cab6e30ee4694acd", "attempt": 4, "success": false, "response_code": null, "latency_ms": 602.47, "error": "timeout", "next_backoff_s": 2.45}
{"timestamp": 1787875625.772, "level": "WARNING", "logger": "worker", "message": "delivery attempt", "worker_id": 5, "delivery_id": "a5f619f3872a4f3e", "event_id": "1bea99c6104d4f2c", "event_type": "invoice.paid", "endpoint_id": "cab6e30ee4694acd", "attempt": 4, "success": false, "response_code": null, "latency_ms": 603.05, "error": "timeout", "next_backoff_s": 2.45}
{"timestamp": 1787875625.885, "level": "WARNING", "logger": "worker", "message": "delivery attempt", "worker_id": 4, "delivery_id": "117e4f8656c143f4", "event_id": "3811990ec6ae4452", "event_type": "payment.succeeded", "endpoint_id": "cab6e30ee4694acd", "attempt": 4, "success": false, "response_code": null, "latency_ms": 602.43, "error": "timeout", "next_backoff_s": 2.57}
{"timestamp": 1787875625.888, "level": "WARNING", "logger": "worker", "message": "delivery attempt", "worker_id": 4, "delivery_id": "f7a2767115ea4b66", "event_id": "b7424acb3d7d47ff", "event_type": "payment.failed", "endpoint_id": "b21c9dc8acb441ae", "attempt": 4, "success": false, "response_code": 503, "latency_ms": 2.3, "error": "HTTP 503", "next_backoff_s": 2.44}
{"timestamp": 1787875625.891, "level": "INFO", "logger": "worker", "message": "delivery attempt", "worker_id": 4, "delivery_id": "6cf5bcf5cd4d42e6", "event_id": "581c4aff685f4626", "event_type": "invoice.paid", "endpoint_id": "b21c9dc8acb441ae", "attempt": 4, "success": true, "response_code": 200, "latency_ms": 2.02, "error": null, "next_backoff_s": null}
{"timestamp": 1787875625.919, "level": "WARNING", "logger": "worker", "message": "delivery attempt", "worker_id": 1, "delivery_id": "d4fc82e2fbc84c14", "event_id": "eedd6dae8c20475e", "event_type": "payment.succeeded", "endpoint_id": "cab6e30ee4694acd", "attempt": 4, "success": false, "response_code": null, "latency_ms": 602.22, "error": "timeout", "next_backoff_s": 2.57}
{"timestamp": 1787875625.934, "level": "WARNING", "logger": "worker", "message": "delivery attempt", "worker_id": 0, "delivery_id": "77d60d7e0b3a4d13", "event_id": "53252a80fc2c44ed", "event_type": "payment.failed", "endpoint_id": "cab6e30ee4694acd", "attempt": 4, "success": false, "response_code": null, "latency_ms": 602.94, "error": "timeout", "next_backoff_s": 2.47}
{"timestamp": 1787875625.936, "level": "WARNING", "logger": "worker", "message": "delivery attempt", "worker_id": 2, "delivery_id": "6c4e1fe97b1f42b9", "event_id": "61e78a022d074db6", "event_type": "user.updated", "endpoint_id": "cab6e30ee4694acd", "attempt": 4, "success": false, "response_code": null, "latency_ms": 602.0, "error": "timeout", "next_backoff_s": 2.52}
{"timestamp": 1787875626.318, "level": "WARNING", "logger": "worker", "message": "delivery attempt", "worker_id": 3, "delivery_id": "e516a1af1de843ae", "event_id": "df38eebaf95445b6", "event_type": "order.created", "endpoint_id": "cab6e30ee4694acd", "attempt": 4, "success": false, "response_code": null, "latency_ms": 602.56, "error": "timeout", "next_backoff_s": 2.41}
{"timestamp": 1787875626.376, "level": "WARNING", "logger": "worker", "message": "delivery attempt", "worker_id": 5, "delivery_id": "afc54c83532e40a9", "event_id": "65c1981c54224dd1", "event_type": "invoice.paid", "endpoint_id": "b21c9dc8acb441ae", "attempt": 4, "success": false, "response_code": null, "latency_ms": 602.83, "error": "timeout", "next_backoff_s": 2.53}
{"timestamp": 1787875626.379, "level": "INFO", "logger": "worker", "message": "delivery attempt", "worker_id": 5, "delivery_id": "554d8ea33c534721", "event_id": "a8c0e7f27a6d4863", "event_type": "invoice.paid", "endpoint_id": "b21c9dc8acb441ae", "attempt": 4, "success": true, "response_code": 200, "latency_ms": 2.02, "error": null, "next_backoff_s": null}
{"timestamp": 1787875626.381, "level": "WARNING", "logger": "worker", "message": "delivery attempt", "worker_id": 5, "delivery_id": "c845ae083115421b", "event_id": "aac47ba05c53488e", "event_type": "order.created", "endpoint_id": "cab6e30ee4694acd", "attempt": 4, "success": false, "response_code": 503, "latency_ms": 1.62, "error": "HTTP 503", "next_backoff_s": 2.48}
{"timestamp": 1787875626.494, "level": "WARNING", "logger": "worker", "message": "delivery attempt", "worker_id": 4, "delivery_id": "6ea46baaaceb416b", "event_id": "61d18abf92a943e5", "event_type": "user.updated", "endpoint_id": "cab6e30ee4694acd", "attempt": 4, "success": false, "response_code": null, "latency_ms": 602.0, "error": "timeout", "next_backoff_s": 2.44}
{"timestamp": 1787875626.497, "level": "WARNING", "logger": "worker", "message": "delivery attempt", "worker_id": 4, "delivery_id": "fa8c1fbb951f404c", "event_id": "835ac6cfc60d40ac", "event_type": "order.created", "endpoint_id": "cab6e30ee4694acd", "attempt": 4, "success": false, "response_code": 503, "latency_ms": 2.12, "error": "HTTP 503", "next_backoff_s": 2.5}
{"timestamp": 1787875626.522, "level": "WARNING", "logger": "worker", "message": "delivery attempt", "worker_id": 1, "delivery_id": "bc7cce4e2fe44740", "event_id": "fc89e5364b684b8b", "event_type": "invoice.paid", "endpoint_id": "cab6e30ee4694acd", "attempt": 4, "success": false, "response_code": null, "latency_ms": 602.62, "error": "timeout", "next_backoff_s": 2.45}
{"timestamp": 1787875626.537, "level": "WARNING", "logger": "worker", "message": "delivery attempt", "worker_id": 0, "delivery_id": "6a364ca7d78b4bdd", "event_id": "e2401b80b7964afb", "event_type": "order.created", "endpoint_id": "cab6e30ee4694acd", "attempt": 4, "success": false, "response_code": null, "latency_ms": 601.62, "error": "timeout", "next_backoff_s": 2.58}
{"timestamp": 1787875626.539, "level": "WARNING", "logger": "worker", "message": "delivery attempt", "worker_id": 2, "delivery_id": "4c4065d6127746da", "event_id": "d50f222046284273", "event_type": "invoice.paid", "endpoint_id": "b21c9dc8acb441ae", "attempt": 4, "success": false, "response_code": null, "latency_ms": 601.8, "error": "timeout", "next_backoff_s": 2.59}
{"timestamp": 1787875626.541, "level": "INFO", "logger": "worker", "message": "delivery attempt", "worker_id": 0, "delivery_id": "b89943ee4af84b03", "event_id": "581c4aff685f4626", "event_type": "invoice.paid", "endpoint_id": "cab6e30ee4694acd", "attempt": 4, "success": true, "response_code": 200, "latency_ms": 2.18, "error": null, "next_backoff_s": null}
{"timestamp": 1787875626.922, "level": "WARNING", "logger": "worker", "message": "delivery attempt", "worker_id": 3, "delivery_id": "ded8f556fec34f11", "event_id": "08efac1bf3ef43b5", "event_type": "invoice.paid", "endpoint_id": "cab6e30ee4694acd", "attempt": 4, "success": false, "response_code": null, "latency_ms": 602.9, "error": "timeout", "next_backoff_s": 2.45}
{"timestamp": 1787875626.925, "level": "WARNING", "logger": "worker", "message": "delivery attempt", "worker_id": 3, "delivery_id": "e6e9c690635344a8", "event_id": "a03128372fef424c", "event_type": "payment.failed", "endpoint_id": "cab6e30ee4694acd", "attempt": 4, "success": false, "response_code": 503, "latency_ms": 2.13, "error": "HTTP 503", "next_backoff_s": 2.5}
{"timestamp": 1787875626.984, "level": "WARNING", "logger": "worker", "message": "delivery attempt", "worker_id": 5, "delivery_id": "794076936cd3449a", "event_id": "af896f2bb99c47f4", "event_type": "payment.failed", "endpoint_id": "cab6e30ee4694acd", "attempt": 4, "success": false, "response_code": null, "latency_ms": 601.59, "error": "timeout", "next_backoff_s": 2.42}
{"timestamp": 1787875627.1, "level": "WARNING", "logger": "worker", "message": "delivery attempt", "worker_id": 4, "delivery_id": "520e6ea14ded41e7", "event_id": "d92b91ecb2734a13", "event_type": "payment.succeeded", "endpoint_id": "b21c9dc8acb441ae", "attempt": 4, "success": false, "response_code": null, "latency_ms": 601.27, "error": "timeout", "next_backoff_s": 2.43}
{"timestamp": 1787875627.125, "level": "WARNING", "logger": "worker", "message": "delivery attempt", "worker_id": 1, "delivery_id": "2e181e2abf604547", "event_id": "5b1c4b4e8eef4827", "event_type": "invoice.paid", "endpoint_id": "b21c9dc8acb441ae", "attempt": 4, "success": false, "response_code": null, "latency_ms": 601.75, "error": "timeout", "next_backoff_s": 2.51}
{"timestamp": 1787875627.142, "level": "WARNING", "logger": "worker", "message": "delivery attempt", "worker_id": 2, "delivery_id": "67fd38eac58b43ad", "event_id": "214cd7e9e3c44d96", "event_type": "payment.succeeded", "endpoint_id": "cab6e30ee4694acd", "attempt": 4, "success": false, "response_code": null, "latency_ms": 602.04, "error": "timeout", "next_backoff_s": 2.57}
{"timestamp": 1787875627.146, "level": "WARNING", "logger": "worker", "message": "delivery attempt", "worker_id": 0, "delivery_id": "58a28cc828ac4bb5", "event_id": "3fd0b0ca9f0246b9", "event_type": "order.created", "endpoint_id": "cab6e30ee4694acd", "attempt": 4, "success": false, "response_code": null, "latency_ms": 603.02, "error": "timeout", "next_backoff_s": 2.43}
{"timestamp": 1787875627.148, "level": "WARNING", "logger": "worker", "message": "delivery attempt", "worker_id": 2, "delivery_id": "0df2c6d76b9f415c", "event_id": "58af828ed70d4c8a", "event_type": "invoice.paid", "endpoint_id": "cab6e30ee4694acd", "attempt": 4, "success": false, "response_code": 503, "latency_ms": 2.87, "error": "HTTP 503", "next_backoff_s": 2.48}
{"timestamp": 1787875627.149, "level": "INFO", "logger": "worker", "message": "delivery attempt", "worker_id": 0, "delivery_id": "6addbc19b2064f1f", "event_id": "130f73737a4d4514", "event_type": "order.created", "endpoint_id": "cab6e30ee4694acd", "attempt": 4, "success": true, "response_code": 200, "latency_ms": 2.88, "error": null, "next_backoff_s": null}
{"timestamp": 1787875627.528, "level": "WARNING", "logger": "worker", "message": "delivery attempt", "worker_id": 3, "delivery_id": "a6bf38c5a1204d7c", "event_id": "356c1287318d41b1", "event_type": "payment.succeeded", "endpoint_id": "cab6e30ee4694acd", "attempt": 4, "success": false, "response_code": null, "latency_ms": 601.65, "error": "timeout", "next_backoff_s": 2.54}
{"timestamp": 1787875627.531, "level": "WARNING", "logger": "worker", "message": "delivery attempt", "worker_id": 3, "delivery_id": "aadc18671eb74c45", "event_id": "89ccb5f256a54dbc", "event_type": "payment.succeeded", "endpoint_id": "cab6e30ee4694acd", "attempt": 4, "success": false, "response_code": 503, "latency_ms": 2.11, "error": "HTTP 503", "next_backoff_s": 2.45}
{"timestamp": 1787875627.534, "level": "INFO", "logger": "worker", "message": "delivery attempt", "worker_id": 3, "delivery_id": "7cbb1166de1b49dc", "event_id": "6416c5bddac148de", "event_type": "payment.failed", "endpoint_id": "cab6e30ee4694acd", "attempt": 4, "success": true, "response_code": 200, "latency_ms": 1.78, "error": null, "next_backoff_s": null}
{"timestamp": 1787875627.587, "level": "WARNING", "logger": "worker", "message": "delivery attempt", "worker_id": 5, "delivery_id": "41551d12819e41f9", "event_id": "e67c1a3689b04c7b", "event_type": "order.created", "endpoint_id": "cab6e30ee4694acd", "attempt": 4, "success": false, "response_code": null, "latency_ms": 601.78, "error": "timeout", "next_backoff_s": 2.52}
{"timestamp": 1787875627.59, "level": "WARNING", "logger": "worker", "message": "delivery attempt", "worker_id": 5, "delivery_id": "d05c7eee140449d4", "event_id": "cfcc595b49644268", "event_type": "user.updated", "endpoint_id": "cab6e30ee4694acd", "attempt": 4, "success": false, "response_code": 503, "latency_ms": 1.98, "error": "HTTP 503", "next_backoff_s": 2.55}
{"timestamp": 1787875627.593, "level": "WARNING", "logger": "worker", "message": "delivery attempt", "worker_id": 5, "delivery_id": "4f7048b23688482e", "event_id": "dc553858c2544028", "event_type": "payment.succeeded", "endpoint_id": "b21c9dc8acb441ae", "attempt": 5, "success": false, "response_code": 503, "latency_ms": 1.7, "error": "HTTP 503", "next_backoff_s": 4.88}
{"timestamp": 1787875627.595, "level": "WARNING", "logger": "worker", "message": "delivery attempt", "worker_id": 5, "delivery_id": "aed5bf0d0fb34beb", "event_id": "02f2b823936a4725", "event_type": "invoice.paid", "endpoint_id": "b21c9dc8acb441ae", "attempt": 4, "success": false, "response_code": 503, "latency_ms": 1.55, "error": "HTTP 503", "next_backoff_s": 2.49}
{"timestamp": 1787875627.597, "level": "WARNING", "logger": "worker", "message": "delivery attempt", "worker_id": 5, "delivery_id": "2dc65904fe754b76", "event_id": "a19dfbfcd798483f", "event_type": "payment.succeeded", "endpoint_id": "cab6e30ee4694acd", "attempt": 5, "success": false, "response_code": 503, "latency_ms": 1.75, "error": "HTTP 503", "next_backoff_s": 4.9}
{"timestamp": 1787875627.6, "level": "INFO", "logger": "worker", "message": "delivery attempt", "worker_id": 5, "delivery_id": "8ca9c6d54b6c4801", "event_id": "2d2ea348132d4008", "event_type": "invoice.paid", "endpoint_id": "cab6e30ee4694acd", "attempt": 4, "success": true, "response_code": 200, "latency_ms": 2.4, "error": null, "next_backoff_s": null}
{"timestamp": 1787875627.603, "level": "INFO", "logger": "worker", "message": "delivery attempt", "worker_id": 5, "delivery_id": "245c4fdeb10745d7", "event_id": "823788a871cb4cbf", "event_type": "payment.succeeded", "endpoint_id": "cab6e30ee4694acd", "attempt": 5, "success": true, "response_code": 200, "latency_ms": 1.66, "error": null, "next_backoff_s": null}
{"timestamp": 1787875627.703, "level": "WARNING", "logger": "worker", "message": "delivery attempt", "worker_id": 4, "delivery_id": "b83255f7e8f64b05", "event_id": "206132bb227f4ac1", "event_type": "user.updated", "endpoint_id": "cab6e30ee4694acd", "attempt": 4, "success": false, "response_code": null, "latency_ms": 602.01, "error": "timeout", "next_backoff_s": 2.42}
{"timestamp": 1787875627.707, "level": "WARNING", "logger": "worker", "message": "delivery attempt", "worker_id": 4, "delivery_id": "a212f03389bd4200", "event_id": "8c0755aa5d934b7d", "event_type": "order.created", "endpoint_id": "cab6e30ee4694acd", "attempt": 4, "success": false, "response_code": 503, "latency_ms": 2.66, "error": "HTTP 503", "next_backoff_s": 2.51}
{"timestamp": 1787875627.728, "level": "WARNING", "logger": "worker", "message": "delivery attempt", "worker_id": 1, "delivery_id": "ee377fb82816426e", "event_id": "96d226031c824007", "event_type": "user.updated", "endpoint_id": "cab6e30ee4694acd", "attempt": 4, "success": false, "response_code": null, "latency_ms": 601.7, "error": "timeout", "next_backoff_s": 2.49}
{"timestamp": 1787875627.731, "level": "WARNING", "logger": "worker", "message": "delivery attempt", "worker_id": 1, "delivery_id": "47e579c350d9462d", "event_id": "5760a8ba29c64a82", "event_type": "payment.succeeded", "endpoint_id": "cab6e30ee4694acd", "attempt": 5, "success": false, "response_code": 503, "latency_ms": 1.71, "error": "HTTP 503", "next_backoff_s": 4.98}
{"timestamp": 1787875627.733, "level": "WARNING", "logger": "worker", "message": "delivery attempt", "worker_id": 1, "delivery_id": "a4816cb0b4624b4d", "event_id": "75fdbd26f4934bae", "event_type": "payment.succeeded", "endpoint_id": "cab6e30ee4694acd", "attempt": 5, "success": false, "response_code": 503, "latency_ms": 1.51, "error": "HTTP 503", "next_backoff_s": 4.87}
{"timestamp": 1787875627.736, "level": "WARNING", "logger": "worker", "message": "delivery attempt", "worker_id": 1, "delivery_id": "e97e6b2c74d24fb5", "event_id": "9b2b3adb2a7a4181", "event_type": "order.created", "endpoint_id": "cab6e30ee4694acd", "attempt": 5, "success": false, "response_code": 503, "latency_ms": 1.96, "error": "HTTP 503", "next_backoff_s": 5.0}
{"timestamp": 1787875627.738, "level": "WARNING", "logger": "worker", "message": "delivery attempt", "worker_id": 1, "delivery_id": "d657592b6c9843b4", "event_id": "04c5aeda674540e7", "event_type": "invoice.paid", "endpoint_id": "cab6e30ee4694acd", "attempt": 5, "success": false, "response_code": 503, "latency_ms": 1.92, "error": "HTTP 503", "next_backoff_s": 4.86}
{"timestamp": 1787875627.742, "level": "WARNING", "logger": "worker", "message": "delivery attempt", "worker_id": 1, "delivery_id": "c2a75edff894494e", "event_id": "c7a47cc4105f41ec", "event_type": "user.updated", "endpoint_id": "cab6e30ee4694acd", "attempt": 5, "success": false, "response_code": 503, "latency_ms": 2.15, "error": "HTTP 503", "next_backoff_s": 4.98}
{"timestamp": 1787875627.746, "level": "WARNING", "logger": "worker", "message": "delivery attempt", "worker_id": 1, "delivery_id": "686173c8d90e4384", "event_id": "b507c68f8c634b94", "event_type": "payment.succeeded", "endpoint_id": "cab6e30ee4694acd", "attempt": 5, "success": false, "response_code": 503, "latency_ms": 2.6, "error": "HTTP 503", "next_backoff_s": 4.9}
{"timestamp": 1787875627.749, "level": "INFO", "logger": "worker", "message": "delivery attempt", "worker_id": 1, "delivery_id": "7e1c1076fc3449c8", "event_id": "5760a8ba29c64a82", "event_type": "payment.succeeded", "endpoint_id": "b21c9dc8acb441ae", "attempt": 5, "success": true, "response_code": 200, "latency_ms": 2.26, "error": null, "next_backoff_s": null}
{"timestamp": 1787875627.751, "level": "WARNING", "logger": "worker", "message": "delivery attempt", "worker_id": 2, "delivery_id": "27cc079452a24d44", "event_id": "5b1c4b4e8eef4827", "event_type": "invoice.paid", "endpoint_id": "cab6e30ee4694acd", "attempt": 4, "success": false, "response_code": null, "latency_ms": 602.34, "error": "timeout", "next_backoff_s": 2.55}
{"timestamp": 1787875627.752, "level": "WARNING", "logger": "worker", "message": "delivery attempt", "worker_id": 0, "delivery_id": "e067fd82da994173", "event_id": "6501854e007848d0", "event_type": "payment.succeeded", "endpoint_id": "cab6e30ee4694acd", "attempt": 4, "success": false, "response_code": null, "latency_ms": 601.51, "error": "timeout", "next_backoff_s": 2.43}
{"timestamp": 1787875627.905, "level": "INFO", "logger": "worker", "message": "delivery attempt", "worker_id": 2, "delivery_id": "96f9315113b443e3", "event_id": "db59ca4e96ec4033", "event_type": "order.created", "endpoint_id": "cab6e30ee4694acd", "attempt": 5, "success": true, "response_code": 200, "latency_ms": 2.79, "error": null, "next_backoff_s": null}
{"timestamp": 1787875627.908, "level": "WARNING", "logger": "worker", "message": "delivery attempt", "worker_id": 2, "delivery_id": "e89e4fb89dc54467", "event_id": "a5ae409eab014b26", "event_type": "payment.failed", "endpoint_id": "cab6e30ee4694acd", "attempt": 5, "success": false, "response_code": 503, "latency_ms": 1.67, "error": "HTTP 503", "next_backoff_s": 4.89}
{"timestamp": 1787875627.91, "level": "INFO", "logger": "worker", "message": "delivery attempt", "worker_id": 2, "delivery_id": "364d4469af7146df", "event_id": "c655d90d2a7446ff", "event_type": "payment.succeeded", "endpoint_id": "cab6e30ee4694acd", "attempt": 5, "success": true, "response_code": 200, "latency_ms": 1.67, "error": null, "next_backoff_s": null}
{"timestamp": 1787875628.136, "level": "WARNING", "logger": "worker", "message": "delivery attempt", "worker_id": 3, "delivery_id": "3fe6edf9ecd94724", "event_id": "9374b95397184269", "event_type": "payment.failed", "endpoint_id": "cab6e30ee4694acd", "attempt": 4, "success": false, "response_code": null, "latency_ms": 601.38, "error": "timeout", "next_backoff_s": 2.53}
{"timestamp": 1787875628.139, "level": "WARNING", "logger": "worker", "message": "delivery attempt", "worker_id": 3, "delivery_id": "1f781db5b1874e97", "event_id": "d052636e208f46d5", "event_type": "payment.failed", "endpoint_id": "cab6e30ee4694acd", "attempt": 5, "success": false, "response_code": 503, "latency_ms": 2.12, "error": "HTTP 503", "next_backoff_s": 4.96}
{"timestamp": 1787875628.205, "level": "WARNING", "logger": "worker", "message": "delivery attempt", "worker_id": 5, "delivery_id": "9632389b67c5407c", "event_id": "b0a6ac67b2164bc3", "event_type": "order.created", "endpoint_id": "b21c9dc8acb441ae", "attempt": 5, "success": false, "response_code": null, "latency_ms": 601.83, "error": "timeout", "next_backoff_s": 4.9}
{"timestamp": 1787875628.31, "level": "WARNING", "logger": "worker", "message": "delivery attempt", "worker_id": 4, "delivery_id": "ff437f51515c40b3", "event_id": "a954f787b77f49f8", "event_type": "payment.succeeded", "endpoint_id": "cab6e30ee4694acd", "attempt": 4, "success": false, "response_code": null, "latency_ms": 602.14, "error": "timeout", "next_backoff_s": 2.46}
{"timestamp": 1787875628.351, "level": "WARNING", "logger": "worker", "message": "delivery attempt", "worker_id": 1, "delivery_id": "033841e7de9b4f99", "event_id": "706cefd88c71474a", "event_type": "payment.failed", "endpoint_id": "cab6e30ee4694acd", "attempt": 5, "success": false, "response_code": null, "latency_ms": 601.74, "error": "timeout", "next_backoff_s": 4.95}
{"timestamp": 1787875628.354, "level": "WARNING", "logger": "worker", "message": "delivery attempt", "worker_id": 0, "delivery_id": "8a2b95fbdaec48e1", "event_id": "0fa9d6f3771d4f7f", "event_type": "order.created", "endpoint_id": "cab6e30ee4694acd", "attempt": 4, "success": false, "response_code": null, "latency_ms": 601.7, "error": "timeout", "next_backoff_s": 2.4}
{"timestamp": 1787875628.355, "level": "WARNING", "logger": "worker", "message": "delivery attempt", "worker_id": 1, "delivery_id": "eabd1d88ac244685", "event_id": "bd728637804f4a2c", "event_type": "user.updated", "endpoint_id": "cab6e30ee4694acd", "attempt": 5, "success": false, "response_code": 503, "latency_ms": 1.85, "error": "HTTP 503", "next_backoff_s": 4.86}
{"timestamp": 1787875628.358, "level": "INFO", "logger": "worker", "message": "delivery attempt", "worker_id": 0, "delivery_id": "f4a1da82b0ad45b1", "event_id": "9e037f07eb964e46", "event_type": "user.updated", "endpoint_id": "cab6e30ee4694acd", "attempt": 4, "success": true, "response_code": 200, "latency_ms": 2.34, "error": null, "next_backoff_s": null}
{"timestamp": 1787875628.513, "level": "WARNING", "logger": "worker", "message": "delivery attempt", "worker_id": 2, "delivery_id": "17ef3c06c3ff40a1", "event_id": "4a7bdb12e8e94d1c", "event_type": "order.created", "endpoint_id": "cab6e30ee4694acd", "attempt": 5, "success": false, "response_code": null, "latency_ms": 601.76, "error": "timeout", "next_backoff_s": 4.94}
{"timestamp": 1787875628.515, "level": "INFO", "logger": "worker", "message": "delivery attempt", "worker_id": 0, "delivery_id": "77d60d7e0b3a4d13", "event_id": "53252a80fc2c44ed", "event_type": "payment.failed", "endpoint_id": "cab6e30ee4694acd", "attempt": 5, "success": true, "response_code": 200, "latency_ms": 3.11, "error": null, "next_backoff_s": null}
{"timestamp": 1787875628.517, "level": "INFO", "logger": "worker", "message": "delivery attempt", "worker_id": 0, "delivery_id": "117e4f8656c143f4", "event_id": "3811990ec6ae4452", "event_type": "payment.succeeded", "endpoint_id": "cab6e30ee4694acd", "attempt": 5, "success": true, "response_code": 200, "latency_ms": 1.84, "error": null, "next_backoff_s": null}
{"timestamp": 1787875628.808, "level": "WARNING", "logger": "worker", "message": "delivery attempt", "worker_id": 5, "delivery_id": "723ae24ddc244089", "event_id": "044d2bdc9a4b4278", "event_type": "order.created", "endpoint_id": "cab6e30ee4694acd", "attempt": 5, "success": false, "response_code": null, "latency_ms": 601.44, "error": "timeout", "next_backoff_s": 4.91}
{"timestamp": 1787875628.893, "level": "WARNING", "logger": "worker", "message": "delivery attempt", "worker_id": 3, "delivery_id": "ee8eada278c24719", "event_id": "251fcf70f61d498b", "event_type": "payment.succeeded", "endpoint_id": "cab6e30ee4694acd", "attempt": 5, "success": false, "response_code": null, "latency_ms": 602.01, "error": "timeout", "next_backoff_s": 5.0}
{"timestamp": 1787875628.896, "level": "WARNING", "logger": "worker", "message": "delivery attempt", "worker_id": 3, "delivery_id": "a5f619f3872a4f3e", "event_id": "1bea99c6104d4f2c", "event_type": "invoice.paid", "endpoint_id": "cab6e30ee4694acd", "attempt": 5, "success": false, "response_code": 503, "latency_ms": 2.15, "error": "HTTP 503", "next_backoff_s": 4.99}
{"timestamp": 1787875628.898, "level": "WARNING", "logger": "worker", "message": "delivery attempt", "worker_id": 3, "delivery_id": "e516a1af1de843ae", "event_id": "df38eebaf95445b6", "event_type": "order.created", "endpoint_id": "cab6e30ee4694acd", "attempt": 5, "success": false, "response_code": 503, "latency_ms": 1.74, "error": "HTTP 503", "next_backoff_s": 4.87}
{"timestamp": 1787875628.9, "level": "WARNING", "logger": "worker", "message": "delivery attempt", "worker_id": 3, "delivery_id": "c845ae083115421b", "event_id": "aac47ba05c53488e", "event_type": "order.created", "endpoint_id": "cab6e30ee4694acd", "attempt": 5, "success": false, "response_code": 503, "latency_ms": 1.63, "error": "HTTP 503", "next_backoff_s": 5.0}
{"timestamp": 1787875628.913, "level": "WARNING", "logger": "worker", "message": "delivery attempt", "worker_id": 4, "delivery_id": "ff873c8772504ea7", "event_id": "9e037f07eb964e46", "event_type": "user.updated", "endpoint_id": "b21c9dc8acb441ae", "attempt": 4, "success": false, "response_code": null, "latency_ms": 601.72, "error": "timeout", "next_backoff_s": 2.49}
{"timestamp": 1787875628.959, "level": "WARNING", "logger": "worker", "message": "delivery attempt", "worker_id": 1, "delivery_id": "f7a2767115ea4b66", "event_id": "b7424acb3d7d47ff", "event_type": "payment.failed", "endpoint_id": "b21c9dc8acb441ae", "attempt": 5, "success": false, "response_code": null, "latency_ms": 602.11, "error": "timeout", "next_backoff_s": 4.86}
{"timestamp": 1787875628.963, "level": "INFO", "logger": "worker", "message": "delivery attempt", "worker_id": 1, "delivery_id": "6ea46baaaceb416b", "event_id": "61d18abf92a943e5", "event_type": "user.updated", "endpoint_id": "cab6e30ee4694acd", "attempt": 5, "success": true, "response_code": 200, "latency_ms": 2.27, "error": null, "next_backoff_s": null}
{"timestamp": 1787875629.055, "level": "INFO", "logger": "worker", "message": "delivery attempt", "worker_id": 3, "delivery_id": "bc7cce4e2fe44740", "event_id": "fc89e5364b684b8b", "event_type": "invoice.paid", "endpoint_id": "cab6e30ee4694acd", "attempt": 5, "success": true, "response_code": 200, "latency_ms": 2.26, "error": null, "next_backoff_s": null}
{"timestamp": 1787875629.116, "level": "WARNING", "logger": "worker", "message": "delivery attempt", "worker_id": 2, "delivery_id": "a98d84058751472e", "event_id": "4ff3e464fe0745ef", "event_type": "payment.failed", "endpoint_id": "cab6e30ee4694acd", "attempt": 5, "success": false, "response_code": null, "latency_ms": 601.83, "error": "timeout", "next_backoff_s": 4.86}
{"timestamp": 1787875629.12, "level": "WARNING", "logger": "worker", "message": "delivery attempt", "worker_id": 0, "delivery_id": "6c4e1fe97b1f42b9", "event_id": "61e78a022d074db6", "event_type": "user.updated", "endpoint_id": "cab6e30ee4694acd", "attempt": 5, "success": false, "response_code": null, "latency_ms": 601.8, "error": "timeout", "next_backoff_s": 4.94}
{"timestamp": 1787875629.122, "level": "INFO", "logger": "worker", "message": "delivery attempt", "worker_id": 0, "delivery_id": "d4fc82e2fbc84c14", "event_id": "eedd6dae8c20475e", "event_type": "payment.succeeded", "endpoint_id": "cab6e30ee4694acd", "attempt": 5, "success": true, "response_code": 200, "latency_ms": 1.93, "error": null, "next_backoff_s": null}
{"timestamp": 1787875629.125, "level": "WARNING", "logger": "worker", "message": "delivery attempt", "worker_id": 0, "delivery_id": "6a364ca7d78b4bdd", "event_id": "e2401b80b7964afb", "event_type": "order.created", "endpoint_id": "cab6e30ee4694acd", "attempt": 5, "success": false, "response_code": 503, "latency_ms": 1.68, "error": "HTTP 503", "next_backoff_s": 4.9}
{"timestamp": 1787875629.268, "level": "INFO", "logger": "worker", "message": "delivery attempt", "worker_id": 1, "delivery_id": "4c4065d6127746da", "event_id": "d50f222046284273", "event_type": "invoice.paid", "endpoint_id": "b21c9dc8acb441ae", "attempt": 5, "success": true, "response_code": 200, "latency_ms": 2.49, "error": null, "next_backoff_s": null}
{"timestamp": 1787875629.411, "level": "WARNING", "logger": "worker", "message": "delivery attempt", "worker_id": 5, "delivery_id": "a0e5062720d14f42", "event_id": "a6d9efda90384b55", "event_type": "order.created", "endpoint_id": "cab6e30ee4694acd", "attempt": 5, "success": false, "response_code": null, "latency_ms": 601.86, "error": "timeout", "next_backoff_s": 4.86}
{"timestamp": 1787875629.414, "level": "WARNING", "logger": "worker", "message": "delivery attempt", "worker_id": 5, "delivery_id": "358647e363e644b5", "event_id": "c035925005be4a31", "event_type": "order.created", "endpoint_id": "cab6e30ee4694acd", "attempt": 5, "success": false, "response_code": 503, "latency_ms": 2.06, "error": "HTTP 503", "next_backoff_s": 4.95}
{"timestamp": 1787875629.419, "level": "WARNING", "logger": "worker", "message": "delivery attempt", "worker_id": 2, "delivery_id": "ded8f556fec34f11", "event_id": "08efac1bf3ef43b5", "event_type": "invoice.paid", "endpoint_id": "cab6e30ee4694acd", "attempt": 5, "success": false, "response_code": 503, "latency_ms": 1.63, "error": "HTTP 503", "next_backoff_s": 4.93}
{"timestamp": 1787875629.515, "level": "WARNING", "logger": "worker", "message": "delivery attempt", "worker_id": 4, "delivery_id": "afc54c83532e40a9", "event_id": "65c1981c54224dd1", "event_type": "invoice.paid", "endpoint_id": "b21c9dc8acb441ae", "attempt": 5, "success": false, "response_code": null, "latency_ms": 601.55, "error": "timeout", "next_backoff_s": 4.83}
{"timestamp": 1787875629.518, "level": "WARNING", "logger": "worker", "message": "delivery attempt", "worker_id": 4, "delivery_id": "e6e9c690635344a8", "event_id": "a03128372fef424c", "event_type": "payment.failed", "endpoint_id": "cab6e30ee4694acd", "attempt": 5, "success": false, "response_code": 503, "latency_ms": 1.85, "error": "HTTP 503", "next_backoff_s": 4.91}
{"timestamp": 1787875629.658, "level": "WARNING", "logger": "worker", "message": "delivery attempt", "worker_id": 3, "delivery_id": "fa8c1fbb951f404c", "event_id": "835ac6cfc60d40ac", "event_type": "order.created", "endpoint_id": "cab6e30ee4694acd", "attempt": 5, "success": false, "response_code": null, "latency_ms": 602.09, "error": "timeout", "next_backoff_s": 4.8}
{"timestamp": 1787875629.662, "level": "WARNING", "logger": "worker", "message": "delivery attempt", "worker_id": 3, "delivery_id": "58a28cc828ac4bb5", "event_id": "3fd0b0ca9f0246b9", "event_type": "order.created", "endpoint_id": "cab6e30ee4694acd", "attempt": 5, "success": false, "response_code": 503, "latency_ms": 2.8, "error": "HTTP 503", "next_backoff_s": 4.92}
{"timestamp": 1787875629.665, "level": "WARNING", "logger": "worker", "message": "delivery attempt", "worker_id": 3, "delivery_id": "0df2c6d76b9f415c", "event_id": "58af828ed70d4c8a", "event_type": "invoice.paid", "endpoint_id": "cab6e30ee4694acd", "attempt": 5, "success": false, "response_code": 503, "latency_ms": 1.8, "error": "HTTP 503", "next_backoff_s": 4.95}
{"timestamp": 1787875629.667, "level": "WARNING", "logger": "worker", "message": "delivery attempt", "worker_id": 3, "delivery_id": "2e181e2abf604547", "event_id": "5b1c4b4e8eef4827", "event_type": "invoice.paid", "endpoint_id": "b21c9dc8acb441ae", "attempt": 5, "success": false, "response_code": 503, "latency_ms": 1.53, "error": "HTTP 503", "next_backoff_s": 4.91}
{"timestamp": 1787875629.729, "level": "WARNING", "logger": "worker", "message": "delivery attempt", "worker_id": 0, "delivery_id": "67fd38eac58b43ad", "event_id": "214cd7e9e3c44d96", "event_type": "payment.succeeded", "endpoint_id": "cab6e30ee4694acd", "attempt": 5, "success": false, "response_code": 503, "latency_ms": 1.65, "error": "HTTP 503", "next_backoff_s": 4.96}
{"timestamp": 1787875630.017, "level": "WARNING", "logger": "worker", "message": "delivery attempt", "worker_id": 5, "delivery_id": "d9e196f1cc414bf9", "event_id": "030a11e871d34ece", "event_type": "user.updated", "endpoint_id": "cab6e30ee4694acd", "attempt": 5, "success": false, "response_code": null, "latency_ms": 601.8, "error": "timeout", "next_backoff_s": 4.89}
{"timestamp": 1787875630.021, "level": "WARNING", "logger": "worker", "message": "delivery attempt", "worker_id": 2, "delivery_id": "794076936cd3449a", "event_id": "af896f2bb99c47f4", "event_type": "payment.failed", "endpoint_id": "cab6e30ee4694acd", "attempt": 5, "success": false, "response_code": null, "latency_ms": 601.67, "error": "timeout", "next_backoff_s": 4.82}
{"timestamp": 1787875630.122, "level": "WARNING", "logger": "worker", "message": "delivery attempt", "worker_id": 3, "delivery_id": "a6bf38c5a1204d7c", "event_id": "356c1287318d41b1", "event_type": "payment.succeeded", "endpoint_id": "cab6e30ee4694acd", "attempt": 5, "success": false, "response_code": 503, "latency_ms": 2.3, "error": "HTTP 503", "next_backoff_s": 4.95}
{"timestamp": 1787875630.124, "level": "INFO", "logger": "worker", "message": "delivery attempt", "worker_id": 3, "delivery_id": "aed5bf0d0fb34beb", "event_id": "02f2b823936a4725", "event_type": "invoice.paid", "endpoint_id": "b21c9dc8acb441ae", "attempt": 5, "success": true, "response_code": 200, "latency_ms": 1.75, "error": null, "next_backoff_s": null}
{"timestamp": 1787875630.126, "level": "WARNING", "logger": "worker", "message": "delivery attempt", "worker_id": 3, "delivery_id": "41551d12819e41f9", "event_id": "e67c1a3689b04c7b", "event_type": "order.created", "endpoint_id": "cab6e30ee4694acd", "attempt": 5, "success": false, "response_code": 503, "latency_ms": 1.63, "error": "HTTP 503", "next_backoff_s": 4.86}
{"timestamp": 1787875630.174, "level": "WARNING", "logger": "worker", "message": "delivery attempt", "worker_id": 1, "delivery_id": "520e6ea14ded41e7", "event_id": "d92b91ecb2734a13", "event_type": "payment.succeeded", "endpoint_id": "b21c9dc8acb441ae", "attempt": 5, "success": false, "response_code": null, "latency_ms": 601.98, "error": "timeout", "next_backoff_s": 4.86}
{"timestamp": 1787875630.274, "level": "INFO", "logger": "worker", "message": "delivery attempt", "worker_id": 4, "delivery_id": "e067fd82da994173", "event_id": "6501854e007848d0", "event_type": "payment.succeeded", "endpoint_id": "cab6e30ee4694acd", "attempt": 5, "success": true, "response_code": 200, "latency_ms": 2.31, "error": null, "next_backoff_s": null}
{"timestamp": 1787875630.62, "level": "WARNING", "logger": "worker", "message": "delivery attempt", "worker_id": 5, "delivery_id": "aadc18671eb74c45", "event_id": "89ccb5f256a54dbc", "event_type": "payment.succeeded", "endpoint_id": "cab6e30ee4694acd", "attempt": 5, "success": false, "response_code": null, "latency_ms": 601.83, "error": "timeout", "next_backoff_s": 4.95}
{"timestamp": 1787875630.73, "level": "WARNING", "logger": "worker", "message": "delivery attempt", "worker_id": 3, "delivery_id": "b83255f7e8f64b05", "event_id": "206132bb227f4ac1", "event_type": "user.updated", "endpoint_id": "cab6e30ee4694acd", "attempt": 5, "success": false, "response_code": null, "latency_ms": 602.05, "error": "timeout", "next_backoff_s": 4.89}
{"timestamp": 1787875630.734, "level": "WARNING", "logger": "worker", "message": "delivery attempt", "worker_id": 3, "delivery_id": "3fe6edf9ecd94724", "event_id": "9374b95397184269", "event_type": "payment.failed", "endpoint_id": "cab6e30ee4694acd", "attempt": 5, "success": false, "response_code": 503, "latency_ms": 2.85, "error": "HTTP 503", "next_backoff_s": 4.93}
{"timestamp": 1787875630.776, "level": "WARNING", "logger": "worker", "message": "delivery attempt", "worker_id": 2, "delivery_id": "d05c7eee140449d4", "event_id": "cfcc595b49644268", "event_type": "user.updated", "endpoint_id": "cab6e30ee4694acd", "attempt": 5, "success": false, "response_code": null, "latency_ms": 602.67, "error": "timeout", "next_backoff_s": 4.84}
{"timestamp": 1787875630.78, "level": "INFO", "logger": "worker", "message": "delivery attempt", "worker_id": 2, "delivery_id": "ff437f51515c40b3", "event_id": "a954f787b77f49f8", "event_type": "payment.succeeded", "endpoint_id": "cab6e30ee4694acd", "attempt": 5, "success": true, "response_code": 200, "latency_ms": 2.77, "error": null, "next_backoff_s": null}
{"timestamp": 1787875630.879, "level": "WARNING", "logger": "worker", "message": "delivery attempt", "worker_id": 4, "delivery_id": "ee377fb82816426e", "event_id": "96d226031c824007", "event_type": "user.updated", "endpoint_id": "cab6e30ee4694acd", "attempt": 5, "success": false, "response_code": null, "latency_ms": 602.19, "error": "timeout", "next_backoff_s": 4.89}
{"timestamp": 1787875630.929, "level": "WARNING", "logger": "worker", "message": "delivery attempt", "worker_id": 1, "delivery_id": "27cc079452a24d44", "event_id": "5b1c4b4e8eef4827", "event_type": "invoice.paid", "endpoint_id": "cab6e30ee4694acd", "attempt": 5, "success": false, "response_code": null, "latency_ms": 602.83, "error": "timeout", "next_backoff_s": 4.81}
{"timestamp": 1787875631.377, "level": "WARNING", "logger": "worker", "message": "delivery attempt", "worker_id": 5, "delivery_id": "8a2b95fbdaec48e1", "event_id": "0fa9d6f3771d4f7f", "event_type": "order.created", "endpoint_id": "cab6e30ee4694acd", "attempt": 5, "success": false, "response_code": null, "latency_ms": 603.65, "error": "timeout", "next_backoff_s": 4.97}
{"timestamp": 1787875631.483, "level": "WARNING", "logger": "worker", "message": "delivery attempt", "worker_id": 4, "delivery_id": "a212f03389bd4200", "event_id": "8c0755aa5d934b7d", "event_type": "order.created", "endpoint_id": "cab6e30ee4694acd", "attempt": 5, "success": false, "response_code": null, "latency_ms": 602.86, "error": "timeout", "next_backoff_s": 4.98}
{"timestamp": 1787875632.088, "level": "WARNING", "logger": "worker", "message": "delivery attempt", "worker_id": 4, "delivery_id": "ff873c8772504ea7", "event_id": "9e037f07eb964e46", "event_type": "user.updated", "endpoint_id": "b21c9dc8acb441ae", "attempt": 5, "success": false, "response_code": null, "latency_ms": 602.26, "error": "timeout", "next_backoff_s": 4.86}
{"timestamp": 1787875632.543, "level": "INFO", "logger": "worker", "message": "delivery attempt", "worker_id": 3, "delivery_id": "4f7048b23688482e", "event_id": "dc553858c2544028", "event_type": "payment.succeeded", "endpoint_id": "b21c9dc8acb441ae", "attempt": 6, "success": true, "response_code": 200, "latency_ms": 2.68, "error": null, "next_backoff_s": null}
{"timestamp": 1787875632.694, "level": "WARNING", "logger": "worker", "message": "delivery attempt", "worker_id": 4, "delivery_id": "d657592b6c9843b4", "event_id": "04c5aeda674540e7", "event_type": "invoice.paid", "endpoint_id": "cab6e30ee4694acd", "attempt": 6, "success": false, "response_code": 503, "latency_ms": 2.05, "error": "HTTP 503", "next_backoff_s": 5.17}
{"timestamp": 1787875632.886, "level": "INFO", "logger": "worker", "message": "delivery attempt", "worker_id": 1, "delivery_id": "e89e4fb89dc54467", "event_id": "a5ae409eab014b26", "event_type": "payment.failed", "endpoint_id": "cab6e30ee4694acd", "attempt": 6, "success": true, "response_code": 200, "latency_ms": 2.53, "error": null, "next_backoff_s": null}
{"timestamp": 1787875633.146, "level": "WARNING", "logger": "worker", "message": "delivery attempt", "worker_id": 3, "delivery_id": "2dc65904fe754b76", "event_id": "a19dfbfcd798483f", "event_type": "payment.succeeded", "endpoint_id": "cab6e30ee4694acd", "attempt": 6, "success": false, "response_code": null, "latency_ms": 602.13, "error": "timeout", "next_backoff_s": 5.01}
{"timestamp": 1787875633.15, "level": "INFO", "logger": "worker", "message": "delivery attempt", "worker_id": 3, "delivery_id": "9632389b67c5407c", "event_id": "b0a6ac67b2164bc3", "event_type": "order.created", "endpoint_id": "b21c9dc8acb441ae", "attempt": 6, "success": true, "response_code": 200, "latency_ms": 2.19, "error": null, "next_backoff_s": null}
{"timestamp": 1787875633.152, "level": "WARNING", "logger": "worker", "message": "delivery attempt", "worker_id": 3, "delivery_id": "1f781db5b1874e97", "event_id": "d052636e208f46d5", "event_type": "payment.failed", "endpoint_id": "cab6e30ee4694acd", "attempt": 6, "success": false, "response_code": 503, "latency_ms": 1.73, "error": "HTTP 503", "next_backoff_s": 5.14}
{"timestamp": 1787875633.297, "level": "WARNING", "logger": "worker", "message": "delivery attempt", "worker_id": 4, "delivery_id": "a4816cb0b4624b4d", "event_id": "75fdbd26f4934bae", "event_type": "payment.succeeded", "endpoint_id": "cab6e30ee4694acd", "attempt": 6, "success": false, "response_code": null, "latency_ms": 602.09, "error": "timeout", "next_backoff_s": 5.14}
{"timestamp": 1787875633.3, "level": "INFO", "logger": "worker", "message": "delivery attempt", "worker_id": 4, "delivery_id": "686173c8d90e4384", "event_id": "b507c68f8c634b94", "event_type": "payment.succeeded", "endpoint_id": "cab6e30ee4694acd", "attempt": 6, "success": true, "response_code": 200, "latency_ms": 2.31, "error": null, "next_backoff_s": null}
{"timestamp": 1787875633.333, "level": "WARNING", "logger": "worker", "message": "delivery attempt", "worker_id": 5, "delivery_id": "47e579c350d9462d", "event_id": "5760a8ba29c64a82", "event_type": "payment.succeeded", "endpoint_id": "cab6e30ee4694acd", "attempt": 6, "success": false, "response_code": null, "latency_ms": 601.82, "error": "timeout", "next_backoff_s": 5.14}
{"timestamp": 1787875633.337, "level": "WARNING", "logger": "worker", "message": "delivery attempt", "worker_id": 0, "delivery_id": "e97e6b2c74d24fb5", "event_id": "9b2b3adb2a7a4181", "event_type": "order.created", "endpoint_id": "cab6e30ee4694acd", "attempt": 6, "success": false, "response_code": null, "latency_ms": 602.3, "error": "timeout", "next_backoff_s": 5.14}
{"timestamp": 1787875633.457, "level": "WARNING", "logger": "worker", "message": "delivery attempt", "worker_id": 3, "delivery_id": "17ef3c06c3ff40a1", "event_id": "4a7bdb12e8e94d1c", "event_type": "order.created", "endpoint_id": "cab6e30ee4694acd", "attempt": 6, "success": false, "response_code": 503, "latency_ms": 2.73, "error": "HTTP 503", "next_backoff_s": 5.16}
{"timestamp": 1787875633.903, "level": "WARNING", "logger": "worker", "message": "delivery attempt", "worker_id": 4, "delivery_id": "eabd1d88ac244685", "event_id": "bd728637804f4a2c", "event_type": "user.updated", "endpoint_id": "cab6e30ee4694acd", "attempt": 6, "success": false, "response_code": null, "latency_ms": 601.72, "error": "timeout", "next_backoff_s": 5.09}
{"timestamp": 1787875633.906, "level": "WARNING", "logger": "worker", "message": "delivery attempt", "worker_id": 4, "delivery_id": "033841e7de9b4f99", "event_id": "706cefd88c71474a", "event_type": "payment.failed", "endpoint_id": "cab6e30ee4694acd", "attempt": 6, "success": false, "response_code": 503, "latency_ms": 2.06, "error": "HTTP 503", "next_backoff_s": 5.06}
{"timestamp": 1787875633.909, "level": "INFO", "logger": "worker", "message": "delivery attempt", "worker_id": 4, "delivery_id": "f7a2767115ea4b66", "event_id": "b7424acb3d7d47ff", "event_type": "payment.failed", "endpoint_id": "b21c9dc8acb441ae", "attempt": 6, "success": true, "response_code": 200, "latency_ms": 1.77, "error": null, "next_backoff_s": null}
{"timestamp": 1787875633.935, "level": "WARNING", "logger": "worker", "message": "delivery attempt", "worker_id": 5, "delivery_id": "c2a75edff894494e", "event_id": "c7a47cc4105f41ec", "event_type": "user.updated", "endpoint_id": "cab6e30ee4694acd", "attempt": 6, "success": false, "response_code": null, "latency_ms": 601.63, "error": "timeout", "next_backoff_s": 5.01}
{"timestamp": 1787875634.362, "level": "WARNING", "logger": "worker", "message": "delivery attempt", "worker_id": 3, "delivery_id": "723ae24ddc244089", "event_id": "044d2bdc9a4b4278", "event_type": "order.created", "endpoint_id": "cab6e30ee4694acd", "attempt": 6, "success": false, "response_code": null, "latency_ms": 602.6, "error": "timeout", "next_backoff_s": 5.09}
{"timestamp": 1787875634.366, "level": "WARNING", "logger": "worker", "message": "delivery attempt", "worker_id": 3, "delivery_id": "a0e5062720d14f42", "event_id": "a6d9efda90384b55", "event_type": "order.created", "endpoint_id": "cab6e30ee4694acd", "attempt": 6, "success": false, "response_code": 503, "latency_ms": 2.73, "error": "HTTP 503", "next_backoff_s": 5.13}
{"timestamp": 1787875634.369, "level": "WARNING", "logger": "worker", "message": "delivery attempt", "worker_id": 3, "delivery_id": "afc54c83532e40a9", "event_id": "65c1981c54224dd1", "event_type": "invoice.paid", "endpoint_id": "b21c9dc8acb441ae", "attempt": 6, "success": false, "response_code": 503, "latency_ms": 1.83, "error": "HTTP 503", "next_backoff_s": 5.05}
{"timestamp": 1787875634.371, "level": "INFO", "logger": "worker", "message": "delivery attempt", "worker_id": 3, "delivery_id": "ded8f556fec34f11", "event_id": "08efac1bf3ef43b5", "event_type": "invoice.paid", "endpoint_id": "cab6e30ee4694acd", "attempt": 6, "success": true, "response_code": 200, "latency_ms": 1.62, "error": null, "next_backoff_s": null}
{"timestamp": 1787875634.389, "level": "WARNING", "logger": "worker", "message": "delivery attempt", "worker_id": 2, "delivery_id": "e516a1af1de843ae", "event_id": "df38eebaf95445b6", "event_type": "order.created", "endpoint_id": "cab6e30ee4694acd", "attempt": 6, "success": false, "response_code": null, "latency_ms": 602.16, "error": "timeout", "next_backoff_s": 5.09}
{"timestamp": 1787875634.512, "level": "WARNING", "logger": "worker", "message": "delivery attempt", "worker_id": 4, "delivery_id": "a5f619f3872a4f3e", "event_id": "1bea99c6104d4f2c", "event_type": "invoice.paid", "endpoint_id": "cab6e30ee4694acd", "attempt": 6, "success": false, "response_code": null, "latency_ms": 601.93, "error": "timeout", "next_backoff_s": 5.03}
{"timestamp": 1787875634.515, "level": "INFO", "logger": "worker", "message": "delivery attempt", "worker_id": 4, "delivery_id": "ee8eada278c24719", "event_id": "251fcf70f61d498b", "event_type": "payment.succeeded", "endpoint_id": "cab6e30ee4694acd", "attempt": 6, "success": true, "response_code": 200, "latency_ms": 2.22, "error": null, "next_backoff_s": null}
{"timestamp": 1787875634.69, "level": "WARNING", "logger": "worker", "message": "delivery attempt", "worker_id": 5, "delivery_id": "a98d84058751472e", "event_id": "4ff3e464fe0745ef", "event_type": "payment.failed", "endpoint_id": "cab6e30ee4694acd", "attempt": 6, "success": false, "response_code": null, "latency_ms": 602.53, "error": "timeout", "next_backoff_s": 5.09}
{"timestamp": 1787875634.695, "level": "INFO", "logger": "worker", "message": "delivery attempt", "worker_id": 5, "delivery_id": "6a364ca7d78b4bdd", "event_id": "e2401b80b7964afb", "event_type": "order.created", "endpoint_id": "cab6e30ee4694acd", "attempt": 6, "success": true, "response_code": 200, "latency_ms": 4.26, "error": null, "next_backoff_s": null}
{"timestamp": 1787875634.975, "level": "WARNING", "logger": "worker", "message": "delivery attempt", "worker_id": 3, "delivery_id": "358647e363e644b5", "event_id": "c035925005be4a31", "event_type": "order.created", "endpoint_id": "cab6e30ee4694acd", "attempt": 6, "success": false, "response_code": null, "latency_ms": 601.98, "error": "timeout", "next_backoff_s": 5.06}
{"timestamp": 1787875634.978, "level": "WARNING", "logger": "worker", "message": "delivery attempt", "worker_id": 3, "delivery_id": "794076936cd3449a", "event_id": "af896f2bb99c47f4", "event_type": "payment.failed", "endpoint_id": "cab6e30ee4694acd", "attempt": 6, "success": false, "response_code": 503, "latency_ms": 2.07, "error": "HTTP 503", "next_backoff_s": 5.1}
{"timestamp": 1787875634.997, "level": "INFO", "logger": "worker", "message": "delivery attempt", "worker_id": 1, "delivery_id": "41551d12819e41f9", "event_id": "e67c1a3689b04c7b", "event_type": "order.created", "endpoint_id": "cab6e30ee4694acd", "attempt": 6, "success": true, "response_code": 200, "latency_ms": 1.75, "error": null, "next_backoff_s": null}
{"timestamp": 1787875635.118, "level": "WARNING", "logger": "worker", "message": "delivery attempt", "worker_id": 4, "delivery_id": "c845ae083115421b", "event_id": "aac47ba05c53488e", "event_type": "order.created", "endpoint_id": "cab6e30ee4694acd", "attempt": 6, "success": false, "response_code": null, "latency_ms": 601.95, "error": "timeout", "next_backoff_s": 5.06}
{"timestamp": 1787875635.121, "level": "WARNING", "logger": "worker", "message": "delivery attempt", "worker_id": 4, "delivery_id": "520e6ea14ded41e7", "event_id": "d92b91ecb2734a13", "event_type": "payment.succeeded", "endpoint_id": "b21c9dc8acb441ae", "attempt": 6, "success": false, "response_code": 503, "latency_ms": 2.04, "error": "HTTP 503", "next_backoff_s": 5.01}
{"timestamp": 1787875635.142, "level": "WARNING", "logger": "worker", "message": "delivery attempt", "worker_id": 2, "delivery_id": "e6e9c690635344a8", "event_id": "a03128372fef424c", "event_type": "payment.failed", "endpoint_id": "cab6e30ee4694acd", "attempt": 6, "success": false, "response_code": null, "latency_ms": 601.95, "error": "timeout", "next_backoff_s": 5.12}
{"timestamp": 1787875635.297, "level": "WARNING", "logger": "worker", "message": "delivery attempt", "worker_id": 0, "delivery_id": "2e181e2abf604547", "event_id": "5b1c4b4e8eef4827", "event_type": "invoice.paid", "endpoint_id": "b21c9dc8acb441ae", "attempt": 6, "success": false, "response_code": null, "latency_ms": 603.8, "error": "timeout", "next_backoff_s": 5.15}
{"timestamp": 1787875635.3, "level": "WARNING", "logger": "worker", "message": "delivery attempt", "worker_id": 5, "delivery_id": "6c4e1fe97b1f42b9", "event_id": "61e78a022d074db6", "event_type": "user.updated", "endpoint_id": "cab6e30ee4694acd", "attempt": 6, "success": false, "response_code": null, "latency_ms": 601.83, "error": "timeout", "next_backoff_s": 5.14}
{"timestamp": 1787875635.301, "level": "WARNING", "logger": "worker", "message": "delivery attempt", "worker_id": 0, "delivery_id": "58a28cc828ac4bb5", "event_id": "3fd0b0ca9f0246b9", "event_type": "order.created", "endpoint_id": "cab6e30ee4694acd", "attempt": 6, "success": false, "response_code": 503, "latency_ms": 3.31, "error": "HTTP 503", "next_backoff_s": 5.03}
{"timestamp": 1787875635.304, "level": "WARNING", "logger": "worker", "message": "delivery attempt", "worker_id": 0, "delivery_id": "0df2c6d76b9f415c", "event_id": "58af828ed70d4c8a", "event_type": "invoice.paid", "endpoint_id": "cab6e30ee4694acd", "attempt": 6, "success": false, "response_code": 503, "latency_ms": 1.97, "error": "HTTP 503", "next_backoff_s": 5.14}
{"timestamp": 1787875635.307, "level": "INFO", "logger": "worker", "message": "delivery attempt", "worker_id": 0, "delivery_id": "67fd38eac58b43ad", "event_id": "214cd7e9e3c44d96", "event_type": "payment.succeeded", "endpoint_id": "cab6e30ee4694acd", "attempt": 6, "success": true, "response_code": 200, "latency_ms": 1.72, "error": null, "next_backoff_s": null}
{"timestamp": 1787875635.581, "level": "WARNING", "logger": "worker", "message": "delivery attempt", "worker_id": 3, "delivery_id": "d9e196f1cc414bf9", "event_id": "030a11e871d34ece", "event_type": "user.updated", "endpoint_id": "cab6e30ee4694acd", "attempt": 6, "success": false, "response_code": null, "latency_ms": 602.05, "error": "timeout", "next_backoff_s": 5.12}
{"timestamp": 1787875635.724, "level": "WARNING", "logger": "worker", "message": "delivery attempt", "worker_id": 4, "delivery_id": "a6bf38c5a1204d7c", "event_id": "356c1287318d41b1", "event_type": "payment.succeeded", "endpoint_id": "cab6e30ee4694acd", "attempt": 6, "success": false, "response_code": null, "latency_ms": 601.97, "error": "timeout", "next_backoff_s": 5.04}
{"timestamp": 1787875635.728, "level": "WARNING", "logger": "worker", "message": "delivery attempt", "worker_id": 4, "delivery_id": "d05c7eee140449d4", "event_id": "cfcc595b49644268", "event_type": "user.updated", "endpoint_id": "cab6e30ee4694acd", "attempt": 6, "success": false, "response_code": 503, "latency_ms": 2.11, "error": "HTTP 503", "next_backoff_s": 5.14}
{"timestamp": 1787875635.745, "level": "WARNING", "logger": "worker", "message": "delivery attempt", "worker_id": 2, "delivery_id": "fa8c1fbb951f404c", "event_id": "835ac6cfc60d40ac", "event_type": "order.created", "endpoint_id": "cab6e30ee4694acd", "attempt": 6, "success": false, "response_code": null, "latency_ms": 601.66, "error": "timeout", "next_backoff_s": 5.14}
{"timestamp": 1787875635.905, "level": "INFO", "logger": "worker", "message": "delivery attempt", "worker_id": 5, "delivery_id": "ee377fb82816426e", "event_id": "96d226031c824007", "event_type": "user.updated", "endpoint_id": "cab6e30ee4694acd", "attempt": 6, "success": true, "response_code": 200, "latency_ms": 2.8, "error": null, "next_backoff_s": null}
{"timestamp": 1787875636.185, "level": "WARNING", "logger": "worker", "message": "delivery attempt", "worker_id": 3, "delivery_id": "aadc18671eb74c45", "event_id": "89ccb5f256a54dbc", "event_type": "payment.succeeded", "endpoint_id": "cab6e30ee4694acd", "attempt": 6, "success": false, "response_code": null, "latency_ms": 602.3, "error": "timeout", "next_backoff_s": 5.14}
{"timestamp": 1787875636.331, "level": "WARNING", "logger": "worker", "message": "delivery attempt", "worker_id": 4, "delivery_id": "b83255f7e8f64b05", "event_id": "206132bb227f4ac1", "event_type": "user.updated", "endpoint_id": "cab6e30ee4694acd", "attempt": 6, "success": false, "response_code": null, "latency_ms": 602.03, "error": "timeout", "next_backoff_s": 5.14}
{"timestamp": 1787875636.334, "level": "WARNING", "logger": "worker", "message": "delivery attempt", "worker_id": 4, "delivery_id": "3fe6edf9ecd94724", "event_id": "9374b95397184269", "event_type": "payment.failed", "endpoint_id": "cab6e30ee4694acd", "attempt": 6, "success": false, "response_code": 503, "latency_ms": 1.99, "error": "HTTP 503", "next_backoff_s": 5.14}
{"timestamp": 1787875636.348, "level": "WARNING", "logger": "worker", "message": "delivery attempt", "worker_id": 2, "delivery_id": "27cc079452a24d44", "event_id": "5b1c4b4e8eef4827", "event_type": "invoice.paid", "endpoint_id": "cab6e30ee4694acd", "attempt": 6, "success": false, "response_code": null, "latency_ms": 601.82, "error": "timeout", "next_backoff_s": 5.2}
{"timestamp": 1787875636.357, "level": "WARNING", "logger": "worker", "message": "delivery attempt", "worker_id": 1, "delivery_id": "8a2b95fbdaec48e1", "event_id": "0fa9d6f3771d4f7f", "event_type": "order.created", "endpoint_id": "cab6e30ee4694acd", "attempt": 6, "success": false, "response_code": 503, "latency_ms": 1.93, "error": "HTTP 503", "next_backoff_s": 5.17}
{"timestamp": 1787875636.489, "level": "INFO", "logger": "worker", "message": "delivery attempt", "worker_id": 4, "delivery_id": "a212f03389bd4200", "event_id": "8c0755aa5d934b7d", "event_type": "order.created", "endpoint_id": "cab6e30ee4694acd", "attempt": 6, "success": true, "response_code": 200, "latency_ms": 2.44, "error": null, "next_backoff_s": null}
{"timestamp": 1787875636.962, "level": "WARNING", "logger": "worker", "message": "delivery attempt", "worker_id": 1, "delivery_id": "ff873c8772504ea7", "event_id": "9e037f07eb964e46", "event_type": "user.updated", "endpoint_id": "b21c9dc8acb441ae", "attempt": 6, "success": false, "response_code": 503, "latency_ms": 2.44, "error": "HTTP 503", "next_backoff_s": 5.03}
{"timestamp": 1787875637.178, "level": "INFO", "logger": "simulate", "message": "queue drained", "drain_time_s": 35.52}
{"timestamp": 1787875637.689, "level": "INFO", "logger": "simulate", "message": "dataset exported", "deliveries": 480, "attempts": 963}
